emoji,cldr_name,joy,love,sadness,anger,fear,surprise,disgust,neutral,polarity,intensity,sarcasm_cue,top_label,source
🥇,1st_place_medal,0.900,0.000,0.000,0.000,0.000,0.100,0.000,0.000,0.85,0.70,0.05,joy,manual
👽,alien,0.100,0.000,0.000,0.000,0.000,0.500,0.000,0.400,0.00,0.40,0.10,surprise,manual
👾,alien_monster,0.500,0.000,0.000,0.000,0.000,0.000,0.000,0.500,0.20,0.30,0.05,joy,manual
🫀,anatomical_heart,0.000,0.200,0.000,0.000,0.000,0.000,0.000,0.800,0.10,0.20,0.02,neutral,manual
💢,anger_symbol,0.000,0.000,0.000,0.950,0.000,0.000,0.050,0.000,-0.80,0.80,0.05,anger,manual
😠,angry_face,0.000,0.000,0.000,0.900,0.000,0.000,0.100,0.000,-0.80,0.80,0.02,anger,manual
👿,angry_face_with_horns,0.000,0.000,0.000,0.900,0.000,0.000,0.100,0.000,-0.80,0.80,0.05,anger,manual
😧,anguished_face,0.000,0.000,0.400,0.000,0.400,0.200,0.000,0.000,-0.60,0.70,0.05,sadness,manual
😰,anxious_face_with_sweat,0.000,0.000,0.150,0.000,0.850,0.000,0.000,0.000,-0.70,0.75,0.03,fear,manual
😲,astonished_face,0.000,0.000,0.000,0.000,0.150,0.850,0.000,0.000,0.00,0.80,0.10,surprise,manual
🎈,balloon,0.900,0.000,0.000,0.000,0.000,0.000,0.000,0.100,0.70,0.50,0.02,joy,manual
😁,beaming_face_with_smiling_eyes,0.850,0.000,0.000,0.000,0.000,0.050,0.000,0.100,0.75,0.70,0.10,joy,manual
🐻,bear,0.000,0.000,0.300,0.000,0.200,0.000,0.000,0.500,-0.30,0.40,0.05,neutral,manual
💓,beating_heart,0.200,0.800,0.000,0.000,0.000,0.000,0.000,0.000,0.85,0.70,0.02,love,manual
🧢,billed_cap,0.000,0.000,0.000,0.200,0.000,0.000,0.400,0.400,-0.40,0.50,0.60,disgust,manual
🎂,birthday_cake,0.800,0.200,0.000,0.000,0.000,0.000,0.000,0.000,0.80,0.60,0.02,joy,manual
🫦,biting_lip,0.000,0.400,0.000,0.000,0.300,0.200,0.000,0.100,0.10,0.60,0.10,love,manual
🖤,black_heart,0.000,0.400,0.300,0.100,0.000,0.000,0.000,0.200,0.00,0.50,0.15,love,manual
💙,blue_heart,0.250,0.750,0.000,0.000,0.000,0.000,0.000,0.000,0.80,0.50,0.02,love,manual
💣,bomb,0.000,0.000,0.000,0.300,0.400,0.300,0.000,0.000,-0.40,0.80,0.10,fear,manual
🍾,bottle_with_popping_cork,0.900,0.000,0.000,0.000,0.000,0.100,0.000,0.000,0.85,0.80,0.05,joy,manual
💐,bouquet,0.400,0.600,0.000,0.000,0.000,0.000,0.000,0.000,0.80,0.50,0.02,love,manual
🧠,brain,0.200,0.000,0.000,0.000,0.000,0.000,0.000,0.800,0.10,0.30,0.30,neutral,manual
💔,broken_heart,0.000,0.100,0.850,0.050,0.000,0.000,0.000,0.000,-0.85,0.85,0.05,sadness,manual
🤎,brown_heart,0.250,0.750,0.000,0.000,0.000,0.000,0.000,0.000,0.80,0.50,0.02,love,manual
🎯,bullseye,0.600,0.000,0.000,0.000,0.000,0.000,0.000,0.400,0.50,0.50,0.10,joy,manual
🤙,call_me_hand,0.600,0.000,0.000,0.000,0.000,0.000,0.000,0.400,0.50,0.40,0.05,joy,manual
🤙🏿,call_me_hand_dark_skin_tone,0.600,0.000,0.000,0.000,0.000,0.000,0.000,0.400,0.50,0.40,0.05,joy,manual
🤙🏻,call_me_hand_light_skin_tone,0.600,0.000,0.000,0.000,0.000,0.000,0.000,0.400,0.50,0.40,0.05,joy,manual
🤙🏾,call_me_hand_medium-dark_skin_tone,0.600,0.000,0.000,0.000,0.000,0.000,0.000,0.400,0.50,0.40,0.05,joy,manual
🤙🏼,call_me_hand_medium-light_skin_tone,0.600,0.000,0.000,0.000,0.000,0.000,0.000,0.400,0.50,0.40,0.05,joy,manual
🤙🏽,call_me_hand_medium_skin_tone,0.600,0.000,0.000,0.000,0.000,0.000,0.000,0.400,0.50,0.40,0.05,joy,manual
😹,cat_with_tears_of_joy,0.850,0.000,0.000,0.000,0.000,0.050,0.000,0.100,0.70,0.80,0.30,joy,manual
😼,cat_with_wry_smile,0.400,0.000,0.000,0.150,0.000,0.000,0.150,0.300,0.10,0.50,0.55,joy,manual
📉,chart_decreasing,0.000,0.000,0.600,0.100,0.300,0.000,0.000,0.000,-0.70,0.60,0.10,sadness,manual
📈,chart_increasing,0.700,0.000,0.000,0.000,0.000,0.100,0.000,0.200,0.70,0.60,0.10,joy,manual
✔️,check_mark,0.400,0.000,0.000,0.000,0.000,0.000,0.000,0.600,0.40,0.30,0.05,neutral,manual
✅,check_mark_button,0.500,0.000,0.000,0.000,0.000,0.000,0.000,0.500,0.50,0.40,0.05,joy,manual
🌸,cherry_blossom,0.600,0.300,0.000,0.000,0.000,0.000,0.000,0.100,0.60,0.40,0.02,joy,manual
👏,clapping_hands,0.700,0.000,0.000,0.000,0.000,0.200,0.000,0.100,0.60,0.60,0.55,joy,manual
👏🏿,clapping_hands_dark_skin_tone,0.700,0.000,0.000,0.000,0.000,0.200,0.000,0.100,0.60,0.60,0.55,joy,manual
👏🏻,clapping_hands_light_skin_tone,0.700,0.000,0.000,0.000,0.000,0.200,0.000,0.100,0.60,0.60,0.55,joy,manual
👏🏾,clapping_hands_medium-dark_skin_tone,0.700,0.000,0.000,0.000,0.000,0.200,0.000,0.100,0.60,0.60,0.55,joy,manual
👏🏼,clapping_hands_medium-light_skin_tone,0.700,0.000,0.000,0.000,0.000,0.200,0.000,0.100,0.60,0.60,0.55,joy,manual
👏🏽,clapping_hands_medium_skin_tone,0.700,0.000,0.000,0.000,0.000,0.200,0.000,0.100,0.60,0.60,0.55,joy,manual
🥂,clinking_glasses,0.850,0.150,0.000,0.000,0.000,0.000,0.000,0.000,0.80,0.60,0.05,joy,manual
⛈️,cloud_with_lightning_and_rain,0.000,0.000,0.400,0.200,0.300,0.000,0.000,0.100,-0.50,0.60,0.05,sadness,manual
🌧️,cloud_with_rain,0.000,0.000,0.700,0.000,0.000,0.000,0.000,0.300,-0.50,0.40,0.05,sadness,manual
🤡,clown_face,0.100,0.000,0.100,0.300,0.000,0.000,0.350,0.150,-0.50,0.70,0.95,disgust,manual
⚰️,coffin,0.000,0.000,0.700,0.000,0.200,0.000,0.000,0.100,-0.70,0.60,0.30,sadness,manual
🥶,cold_face,0.000,0.000,0.300,0.000,0.300,0.200,0.000,0.200,-0.30,0.60,0.05,sadness,manual
💥,collision,0.200,0.000,0.000,0.200,0.000,0.600,0.000,0.000,0.00,0.80,0.05,surprise,manual
🎊,confetti_ball,0.900,0.000,0.000,0.000,0.000,0.100,0.000,0.000,0.90,0.80,0.15,joy,manual
😖,confounded_face,0.000,0.000,0.400,0.300,0.300,0.000,0.000,0.000,-0.60,0.70,0.05,sadness,manual
😕,confused_face,0.000,0.000,0.300,0.000,0.100,0.300,0.000,0.300,-0.30,0.40,0.20,sadness,manual
💑,couple_with_heart,0.100,0.900,0.000,0.000,0.000,0.000,0.000,0.000,0.90,0.60,0.02,love,manual
💑🏿,couple_with_heart_dark_skin_tone,0.100,0.900,0.000,0.000,0.000,0.000,0.000,0.000,0.90,0.60,0.02,love,manual
💑🏻,couple_with_heart_light_skin_tone,0.100,0.900,0.000,0.000,0.000,0.000,0.000,0.000,0.90,0.60,0.02,love,manual
💑🏾,couple_with_heart_medium-dark_skin_tone,0.100,0.900,0.000,0.000,0.000,0.000,0.000,0.000,0.90,0.60,0.02,love,manual
💑🏼,couple_with_heart_medium-light_skin_tone,0.100,0.900,0.000,0.000,0.000,0.000,0.000,0.000,0.90,0.60,0.02,love,manual
💑🏽,couple_with_heart_medium_skin_tone,0.100,0.900,0.000,0.000,0.000,0.000,0.000,0.000,0.90,0.60,0.02,love,manual
🤠,cowboy_hat_face,0.800,0.000,0.000,0.000,0.000,0.000,0.000,0.200,0.60,0.50,0.20,joy,manual
🌙,crescent_moon,0.400,0.000,0.000,0.000,0.000,0.000,0.000,0.600,0.30,0.40,0.10,neutral,manual
❌,cross_mark,0.000,0.000,0.100,0.300,0.000,0.000,0.200,0.400,-0.50,0.50,0.05,neutral,manual
🤞,crossed_fingers,0.300,0.000,0.000,0.000,0.300,0.000,0.000,0.400,0.20,0.50,0.15,neutral,manual
🤞🏿,crossed_fingers_dark_skin_tone,0.300,0.000,0.000,0.000,0.300,0.000,0.000,0.400,0.20,0.50,0.15,neutral,manual
🤞🏻,crossed_fingers_light_skin_tone,0.300,0.000,0.000,0.000,0.300,0.000,0.000,0.400,0.20,0.50,0.15,neutral,manual
🤞🏾,crossed_fingers_medium-dark_skin_tone,0.300,0.000,0.000,0.000,0.300,0.000,0.000,0.400,0.20,0.50,0.15,neutral,manual
🤞🏼,crossed_fingers_medium-light_skin_tone,0.300,0.000,0.000,0.000,0.300,0.000,0.000,0.400,0.20,0.50,0.15,neutral,manual
🤞🏽,crossed_fingers_medium_skin_tone,0.300,0.000,0.000,0.000,0.300,0.000,0.000,0.400,0.20,0.50,0.15,neutral,manual
😿,crying_cat,0.000,0.000,0.950,0.000,0.000,0.000,0.000,0.050,-0.80,0.70,0.05,sadness,manual
😢,crying_face,0.000,0.000,0.950,0.000,0.000,0.000,0.000,0.050,-0.80,0.70,0.05,sadness,manual
💨,dashing_away,0.000,0.000,0.000,0.000,0.200,0.200,0.000,0.600,0.00,0.40,0.10,neutral,manual
😞,disappointed_face,0.000,0.000,0.900,0.000,0.000,0.000,0.000,0.100,-0.70,0.50,0.05,sadness,manual
🥸,disguised_face,0.300,0.000,0.000,0.000,0.000,0.100,0.000,0.600,0.10,0.30,0.30,neutral,manual
💫,dizzy,0.400,0.000,0.000,0.000,0.000,0.400,0.000,0.200,0.30,0.50,0.05,joy,manual
🫥,dotted_line_face,0.000,0.000,0.300,0.000,0.100,0.000,0.000,0.600,-0.30,0.30,0.15,neutral,manual
‼️,double_exclamation_mark,0.000,0.000,0.000,0.000,0.000,0.700,0.000,0.300,0.00,0.70,0.05,surprise,manual
🕊️,dove,0.300,0.400,0.200,0.000,0.000,0.000,0.000,0.100,0.40,0.40,0.02,love,manual
😓,downcast_face_with_sweat,0.000,0.000,0.600,0.000,0.300,0.000,0.000,0.100,-0.50,0.50,0.10,sadness,manual
🤤,drooling_face,0.600,0.200,0.000,0.000,0.000,0.100,0.000,0.100,0.50,0.60,0.10,joy,manual
😡,enraged_face,0.000,0.000,0.000,0.950,0.000,0.000,0.050,0.000,-0.90,0.90,0.02,anger,manual
⁉️,exclamation_question_mark,0.000,0.000,0.000,0.200,0.000,0.700,0.000,0.100,-0.10,0.70,0.15,surprise,manual
🤯,exploding_head,0.100,0.000,0.000,0.000,0.100,0.800,0.000,0.000,0.00,0.95,0.15,surprise,manual
😑,expressionless_face,0.000,0.000,0.000,0.200,0.000,0.000,0.200,0.600,-0.40,0.30,0.55,neutral,manual
👀,eyes,0.100,0.000,0.000,0.000,0.100,0.500,0.000,0.300,0.00,0.60,0.35,surprise,manual
😘,face_blowing_a_kiss,0.300,0.700,0.000,0.000,0.000,0.000,0.000,0.000,0.85,0.70,0.05,love,manual
😮‍💨,face_exhaling,0.150,0.000,0.350,0.150,0.000,0.000,0.000,0.350,-0.20,0.40,0.30,sadness,manual
🥹,face_holding_back_tears,0.350,0.300,0.350,0.000,0.000,0.000,0.000,0.000,0.30,0.70,0.05,joy,manual
😶‍🌫️,face_in_clouds,0.000,0.000,0.200,0.000,0.100,0.200,0.000,0.500,-0.20,0.30,0.10,neutral,manual
😋,face_savoring_food,0.800,0.000,0.000,0.000,0.000,0.000,0.000,0.200,0.70,0.50,0.05,joy,manual
😱,face_screaming_in_fear,0.000,0.000,0.000,0.000,0.700,0.300,0.000,0.000,-0.60,0.95,0.10,fear,manual
🤮,face_vomiting,0.000,0.000,0.000,0.100,0.000,0.000,0.900,0.000,-0.90,0.90,0.15,disgust,manual
🫩,face_with_bags_under_eyes,0.000,0.000,0.500,0.100,0.000,0.000,0.000,0.400,-0.40,0.40,0.15,sadness,manual
😵,face_with_crossed-out_eyes,0.000,0.000,0.200,0.000,0.300,0.500,0.000,0.000,-0.40,0.70,0.15,surprise,manual
🫤,face_with_diagonal_mouth,0.000,0.000,0.200,0.200,0.000,0.000,0.200,0.400,-0.30,0.30,0.45,neutral,manual
🤭,face_with_hand_over_mouth,0.400,0.000,0.000,0.000,0.000,0.400,0.000,0.200,0.30,0.50,0.35,joy,manual
🤕,face_with_head-bandage,0.000,0.000,0.700,0.000,0.100,0.000,0.000,0.200,-0.60,0.50,0.05,sadness,manual
😷,face_with_medical_mask,0.000,0.000,0.400,0.000,0.300,0.000,0.000,0.300,-0.40,0.40,0.05,sadness,manual
🧐,face_with_monocle,0.000,0.000,0.000,0.000,0.000,0.300,0.100,0.600,0.00,0.40,0.40,neutral,manual
🫢,face_with_open_eyes_and_hand_over_mouth,0.000,0.000,0.000,0.000,0.200,0.700,0.000,0.100,-0.10,0.60,0.20,surprise,manual
😮,face_with_open_mouth,0.000,0.000,0.000,0.000,0.100,0.800,0.000,0.100,0.00,0.60,0.10,surprise,manual
🫣,face_with_peeking_eye,0.000,0.000,0.000,0.000,0.400,0.300,0.000,0.300,-0.20,0.50,0.15,fear,manual
🤨,face_with_raised_eyebrow,0.000,0.000,0.000,0.150,0.000,0.250,0.150,0.450,-0.30,0.40,0.60,neutral,manual
🙄,face_with_rolling_eyes,0.000,0.000,0.000,0.350,0.000,0.100,0.350,0.200,-0.60,0.60,0.90,anger,manual
😵‍💫,face_with_spiral_eyes,0.000,0.000,0.000,0.000,0.300,0.400,0.000,0.300,-0.30,0.60,0.20,surprise,manual
😤,face_with_steam_from_nose,0.100,0.000,0.000,0.750,0.000,0.000,0.000,0.150,-0.40,0.70,0.10,anger,manual
🤬,face_with_symbols_on_mouth,0.000,0.000,0.000,0.950,0.000,0.000,0.050,0.000,-0.95,1.00,0.02,anger,manual
😂,face_with_tears_of_joy,0.750,0.000,0.050,0.000,0.000,0.100,0.000,0.100,0.60,0.85,0.35,joy,manual
🤒,face_with_thermometer,0.000,0.000,0.600,0.000,0.200,0.000,0.000,0.200,-0.50,0.40,0.05,sadness,manual
😛,face_with_tongue,0.700,0.000,0.000,0.000,0.000,0.000,0.000,0.300,0.50,0.40,0.25,joy,manual
😶,face_without_mouth,0.000,0.000,0.200,0.000,0.100,0.000,0.000,0.700,-0.20,0.30,0.20,neutral,manual
😨,fearful_face,0.000,0.000,0.000,0.000,0.900,0.100,0.000,0.000,-0.70,0.80,0.02,fear,manual
🔥,fire,0.600,0.000,0.000,0.100,0.000,0.200,0.000,0.100,0.60,0.90,0.10,joy,manual
💪,flexed_biceps,0.700,0.000,0.000,0.000,0.000,0.100,0.000,0.200,0.70,0.70,0.05,joy,manual
💪🏿,flexed_biceps_dark_skin_tone,0.700,0.000,0.000,0.000,0.000,0.100,0.000,0.200,0.70,0.70,0.05,joy,manual
💪🏻,flexed_biceps_light_skin_tone,0.700,0.000,0.000,0.000,0.000,0.100,0.000,0.200,0.70,0.70,0.05,joy,manual
💪🏾,flexed_biceps_medium-dark_skin_tone,0.700,0.000,0.000,0.000,0.000,0.100,0.000,0.200,0.70,0.70,0.05,joy,manual
💪🏼,flexed_biceps_medium-light_skin_tone,0.700,0.000,0.000,0.000,0.000,0.100,0.000,0.200,0.70,0.70,0.05,joy,manual
💪🏽,flexed_biceps_medium_skin_tone,0.700,0.000,0.000,0.000,0.000,0.100,0.000,0.200,0.70,0.70,0.05,joy,manual
😳,flushed_face,0.100,0.000,0.100,0.000,0.200,0.500,0.000,0.100,-0.10,0.70,0.15,surprise,manual
🙏,folded_hands,0.300,0.300,0.100,0.000,0.100,0.000,0.000,0.200,0.40,0.50,0.15,joy,manual
🙏🏿,folded_hands_dark_skin_tone,0.300,0.300,0.100,0.000,0.100,0.000,0.000,0.200,0.40,0.50,0.15,joy,manual
🙏🏻,folded_hands_light_skin_tone,0.300,0.300,0.100,0.000,0.100,0.000,0.000,0.200,0.40,0.50,0.15,joy,manual
🙏🏾,folded_hands_medium-dark_skin_tone,0.300,0.300,0.100,0.000,0.100,0.000,0.000,0.200,0.40,0.50,0.15,joy,manual
🙏🏼,folded_hands_medium-light_skin_tone,0.300,0.300,0.100,0.000,0.100,0.000,0.000,0.200,0.40,0.50,0.15,joy,manual
🙏🏽,folded_hands_medium_skin_tone,0.300,0.300,0.100,0.000,0.100,0.000,0.000,0.200,0.40,0.50,0.15,joy,manual
🍀,four_leaf_clover,0.700,0.000,0.000,0.000,0.000,0.000,0.000,0.300,0.60,0.40,0.02,joy,manual
☹️,frowning_face,0.000,0.000,0.800,0.100,0.000,0.000,0.000,0.100,-0.60,0.50,0.05,sadness,manual
😦,frowning_face_with_open_mouth,0.000,0.000,0.300,0.000,0.300,0.400,0.000,0.000,-0.40,0.60,0.05,surprise,manual
💎,gem_stone,0.500,0.100,0.000,0.000,0.000,0.000,0.000,0.400,0.50,0.50,0.10,joy,manual
👻,ghost,0.400,0.000,0.000,0.000,0.400,0.200,0.000,0.000,0.00,0.50,0.20,joy,manual
🌟,glowing_star,0.800,0.000,0.000,0.000,0.000,0.200,0.000,0.000,0.75,0.60,0.05,joy,manual
🐐,goat,0.700,0.200,0.000,0.000,0.000,0.100,0.000,0.000,0.80,0.70,0.10,joy,manual
👺,goblin,0.000,0.000,0.000,0.600,0.200,0.000,0.200,0.000,-0.60,0.70,0.10,anger,manual
🦍,gorilla,0.500,0.000,0.000,0.100,0.000,0.000,0.000,0.400,0.30,0.60,0.15,joy,manual
💚,green_heart,0.250,0.750,0.000,0.000,0.000,0.000,0.000,0.000,0.80,0.50,0.02,love,manual
🩶,grey_heart,0.000,0.300,0.300,0.000,0.000,0.000,0.000,0.400,0.10,0.30,0.05,neutral,manual
😬,grimacing_face,0.000,0.000,0.200,0.000,0.450,0.000,0.150,0.200,-0.40,0.60,0.40,fear,manual
😺,grinning_cat,0.850,0.000,0.000,0.000,0.000,0.000,0.000,0.150,0.70,0.60,0.05,joy,manual
😸,grinning_cat_with_smiling_eyes,0.900,0.000,0.000,0.000,0.000,0.000,0.000,0.100,0.75,0.65,0.05,joy,manual
😀,grinning_face,0.800,0.000,0.000,0.000,0.000,0.100,0.000,0.100,0.70,0.60,0.05,joy,manual
😃,grinning_face_with_big_eyes,0.850,0.000,0.000,0.000,0.000,0.100,0.000,0.050,0.75,0.65,0.05,joy,manual
😄,grinning_face_with_smiling_eyes,0.900,0.000,0.000,0.000,0.000,0.000,0.000,0.100,0.80,0.70,0.05,joy,manual
😅,grinning_face_with_sweat,0.400,0.000,0.100,0.000,0.300,0.000,0.000,0.200,0.20,0.50,0.30,joy,manual
😆,grinning_squinting_face,0.900,0.000,0.000,0.000,0.000,0.050,0.000,0.050,0.80,0.80,0.10,joy,manual
💗,growing_heart,0.250,0.750,0.000,0.000,0.000,0.000,0.000,0.000,0.85,0.70,0.02,love,manual
🫰,hand_with_index_finger_and_thumb_crossed,0.400,0.500,0.000,0.000,0.000,0.000,0.000,0.100,0.60,0.40,0.05,love,manual
🫰🏿,hand_with_index_finger_and_thumb_crossed_dark_skin_tone,0.400,0.500,0.000,0.000,0.000,0.000,0.000,0.100,0.60,0.40,0.05,love,manual
🫰🏻,hand_with_index_finger_and_thumb_crossed_light_skin_tone,0.400,0.500,0.000,0.000,0.000,0.000,0.000,0.100,0.60,0.40,0.05,love,manual
🫰🏾,hand_with_index_finger_and_thumb_crossed_medium-dark_skin_tone,0.400,0.500,0.000,0.000,0.000,0.000,0.000,0.100,0.60,0.40,0.05,love,manual
🫰🏼,hand_with_index_finger_and_thumb_crossed_medium-light_skin_tone,0.400,0.500,0.000,0.000,0.000,0.000,0.000,0.100,0.60,0.40,0.05,love,manual
🫰🏽,hand_with_index_finger_and_thumb_crossed_medium_skin_tone,0.400,0.500,0.000,0.000,0.000,0.000,0.000,0.100,0.60,0.40,0.05,love,manual
🤝,handshake,0.500,0.100,0.000,0.000,0.000,0.000,0.000,0.400,0.50,0.40,0.05,joy,manual
🤝🏿,handshake_dark_skin_tone,0.500,0.100,0.000,0.000,0.000,0.000,0.000,0.400,0.50,0.40,0.05,joy,manual
🤝🏻,handshake_light_skin_tone,0.500,0.100,0.000,0.000,0.000,0.000,0.000,0.400,0.50,0.40,0.05,joy,manual
🤝🏾,handshake_medium-dark_skin_tone,0.500,0.100,0.000,0.000,0.000,0.000,0.000,0.400,0.50,0.40,0.05,joy,manual
🤝🏼,handshake_medium-light_skin_tone,0.500,0.100,0.000,0.000,0.000,0.000,0.000,0.400,0.50,0.40,0.05,joy,manual
🤝🏽,handshake_medium_skin_tone,0.500,0.100,0.000,0.000,0.000,0.000,0.000,0.400,0.50,0.40,0.05,joy,manual
🙂‍↔️,head_shaking_horizontally,0.000,0.000,0.100,0.200,0.000,0.000,0.200,0.500,-0.40,0.40,0.30,neutral,manual
🙂‍↕️,head_shaking_vertically,0.400,0.000,0.000,0.000,0.000,0.000,0.000,0.600,0.30,0.30,0.10,neutral,manual
🪦,headstone,0.000,0.000,0.800,0.000,0.000,0.000,0.000,0.200,-0.70,0.60,0.30,sadness,manual
🙉,hear-no-evil_monkey,0.200,0.000,0.000,0.000,0.000,0.300,0.000,0.500,0.00,0.40,0.25,neutral,manual
💟,heart_decoration,0.300,0.700,0.000,0.000,0.000,0.000,0.000,0.000,0.75,0.50,0.02,love,manual
❣️,heart_exclamation,0.150,0.750,0.000,0.000,0.000,0.100,0.000,0.000,0.80,0.60,0.02,love,manual
🫶,heart_hands,0.200,0.800,0.000,0.000,0.000,0.000,0.000,0.000,0.90,0.70,0.02,love,manual
🫶🏿,heart_hands_dark_skin_tone,0.200,0.800,0.000,0.000,0.000,0.000,0.000,0.000,0.90,0.70,0.02,love,manual
🫶🏻,heart_hands_light_skin_tone,0.200,0.800,0.000,0.000,0.000,0.000,0.000,0.000,0.90,0.70,0.02,love,manual
🫶🏾,heart_hands_medium-dark_skin_tone,0.200,0.800,0.000,0.000,0.000,0.000,0.000,0.000,0.90,0.70,0.02,love,manual
🫶🏼,heart_hands_medium-light_skin_tone,0.200,0.800,0.000,0.000,0.000,0.000,0.000,0.000,0.90,0.70,0.02,love,manual
🫶🏽,heart_hands_medium_skin_tone,0.200,0.800,0.000,0.000,0.000,0.000,0.000,0.000,0.90,0.70,0.02,love,manual
❤️‍🔥,heart_on_fire,0.300,0.700,0.000,0.000,0.000,0.000,0.000,0.000,0.90,0.90,0.03,love,manual
💘,heart_with_arrow,0.150,0.850,0.000,0.000,0.000,0.000,0.000,0.000,0.85,0.70,0.02,love,manual
💝,heart_with_ribbon,0.250,0.750,0.000,0.000,0.000,0.000,0.000,0.000,0.85,0.60,0.02,love,manual
⚡,high_voltage,0.300,0.000,0.000,0.200,0.000,0.500,0.000,0.000,0.10,0.80,0.05,surprise,manual
☕,hot_beverage,0.300,0.000,0.000,0.000,0.000,0.000,0.000,0.700,0.20,0.30,0.30,neutral,manual
🥵,hot_face,0.200,0.000,0.000,0.200,0.200,0.200,0.000,0.200,0.00,0.60,0.10,joy,manual
💯,hundred_points,0.600,0.000,0.000,0.000,0.000,0.100,0.000,0.300,0.60,0.80,0.10,joy,manual
😯,hushed_face,0.000,0.000,0.000,0.000,0.000,0.800,0.000,0.200,0.00,0.50,0.10,surprise,manual
🫵,index_pointing_at_the_viewer,0.200,0.000,0.000,0.300,0.000,0.000,0.000,0.500,-0.10,0.50,0.35,neutral,manual
🫵🏿,index_pointing_at_the_viewer_dark_skin_tone,0.200,0.000,0.000,0.300,0.000,0.000,0.000,0.500,-0.10,0.50,0.35,neutral,manual
🫵🏻,index_pointing_at_the_viewer_light_skin_tone,0.200,0.000,0.000,0.300,0.000,0.000,0.000,0.500,-0.10,0.50,0.35,neutral,manual
🫵🏾,index_pointing_at_the_viewer_medium-dark_skin_tone,0.200,0.000,0.000,0.300,0.000,0.000,0.000,0.500,-0.10,0.50,0.35,neutral,manual
🫵🏼,index_pointing_at_the_viewer_medium-light_skin_tone,0.200,0.000,0.000,0.300,0.000,0.000,0.000,0.500,-0.10,0.50,0.35,neutral,manual
🫵🏽,index_pointing_at_the_viewer_medium_skin_tone,0.200,0.000,0.000,0.300,0.000,0.000,0.000,0.500,-0.10,0.50,0.35,neutral,manual
💏,kiss,0.100,0.900,0.000,0.000,0.000,0.000,0.000,0.000,0.90,0.60,0.02,love,manual
💏🏿,kiss_dark_skin_tone,0.100,0.900,0.000,0.000,0.000,0.000,0.000,0.000,0.90,0.60,0.02,love,manual
💏🏻,kiss_light_skin_tone,0.100,0.900,0.000,0.000,0.000,0.000,0.000,0.000,0.90,0.60,0.02,love,manual
💋,kiss_mark,0.200,0.800,0.000,0.000,0.000,0.000,0.000,0.000,0.80,0.60,0.03,love,manual
💏🏾,kiss_medium-dark_skin_tone,0.100,0.900,0.000,0.000,0.000,0.000,0.000,0.000,0.90,0.60,0.02,love,manual
💏🏼,kiss_medium-light_skin_tone,0.100,0.900,0.000,0.000,0.000,0.000,0.000,0.000,0.90,0.60,0.02,love,manual
💏🏽,kiss_medium_skin_tone,0.100,0.900,0.000,0.000,0.000,0.000,0.000,0.000,0.90,0.60,0.02,love,manual
😽,kissing_cat,0.400,0.600,0.000,0.000,0.000,0.000,0.000,0.000,0.80,0.60,0.03,love,manual
😗,kissing_face,0.300,0.500,0.000,0.000,0.000,0.000,0.000,0.200,0.50,0.40,0.05,love,manual
😚,kissing_face_with_closed_eyes,0.400,0.600,0.000,0.000,0.000,0.000,0.000,0.000,0.75,0.60,0.03,love,manual
😙,kissing_face_with_smiling_eyes,0.500,0.500,0.000,0.000,0.000,0.000,0.000,0.000,0.70,0.50,0.05,joy,manual
🔪,kitchen_knife,0.000,0.000,0.000,0.500,0.500,0.000,0.000,0.000,-0.60,0.60,0.10,anger,manual
🤛,left-facing_fist,0.500,0.000,0.000,0.200,0.000,0.000,0.000,0.300,0.20,0.50,0.05,joy,manual
🤛🏿,left-facing_fist_dark_skin_tone,0.500,0.000,0.000,0.200,0.000,0.000,0.000,0.300,0.20,0.50,0.05,joy,manual
🤛🏻,left-facing_fist_light_skin_tone,0.500,0.000,0.000,0.200,0.000,0.000,0.000,0.300,0.20,0.50,0.05,joy,manual
🤛🏾,left-facing_fist_medium-dark_skin_tone,0.500,0.000,0.000,0.200,0.000,0.000,0.000,0.300,0.20,0.50,0.05,joy,manual
🤛🏼,left-facing_fist_medium-light_skin_tone,0.500,0.000,0.000,0.200,0.000,0.000,0.000,0.300,0.20,0.50,0.05,joy,manual
🤛🏽,left-facing_fist_medium_skin_tone,0.500,0.000,0.000,0.200,0.000,0.000,0.000,0.300,0.20,0.50,0.05,joy,manual
🩵,light_blue_heart,0.250,0.750,0.000,0.000,0.000,0.000,0.000,0.000,0.80,0.50,0.02,love,manual
💡,light_bulb,0.400,0.000,0.000,0.000,0.000,0.300,0.000,0.300,0.40,0.40,0.05,joy,manual
😭,loudly_crying_face,0.100,0.050,0.800,0.000,0.000,0.000,0.000,0.050,-0.60,0.95,0.20,sadness,manual
🤟,love-you_gesture,0.300,0.700,0.000,0.000,0.000,0.000,0.000,0.000,0.80,0.60,0.02,love,manual
🤟🏿,love-you_gesture_dark_skin_tone,0.300,0.700,0.000,0.000,0.000,0.000,0.000,0.000,0.80,0.60,0.02,love,manual
🤟🏻,love-you_gesture_light_skin_tone,0.300,0.700,0.000,0.000,0.000,0.000,0.000,0.000,0.80,0.60,0.02,love,manual
🤟🏾,love-you_gesture_medium-dark_skin_tone,0.300,0.700,0.000,0.000,0.000,0.000,0.000,0.000,0.80,0.60,0.02,love,manual
🤟🏼,love-you_gesture_medium-light_skin_tone,0.300,0.700,0.000,0.000,0.000,0.000,0.000,0.000,0.80,0.60,0.02,love,manual
🤟🏽,love-you_gesture_medium_skin_tone,0.300,0.700,0.000,0.000,0.000,0.000,0.000,0.000,0.80,0.60,0.02,love,manual
💌,love_letter,0.200,0.800,0.000,0.000,0.000,0.000,0.000,0.000,0.80,0.60,0.02,love,manual
🤥,lying_face,0.000,0.000,0.000,0.200,0.000,0.100,0.300,0.400,-0.30,0.40,0.50,neutral,manual
🙇‍♂️,man_bowing,0.000,0.300,0.300,0.000,0.000,0.000,0.000,0.400,0.00,0.40,0.10,neutral,manual
🙇🏿‍♂️,man_bowing_dark_skin_tone,0.000,0.300,0.300,0.000,0.000,0.000,0.000,0.400,0.00,0.40,0.10,neutral,manual
🙇🏻‍♂️,man_bowing_light_skin_tone,0.000,0.300,0.300,0.000,0.000,0.000,0.000,0.400,0.00,0.40,0.10,neutral,manual
🙇🏾‍♂️,man_bowing_medium-dark_skin_tone,0.000,0.300,0.300,0.000,0.000,0.000,0.000,0.400,0.00,0.40,0.10,neutral,manual
🙇🏼‍♂️,man_bowing_medium-light_skin_tone,0.000,0.300,0.300,0.000,0.000,0.000,0.000,0.400,0.00,0.40,0.10,neutral,manual
🙇🏽‍♂️,man_bowing_medium_skin_tone,0.000,0.300,0.300,0.000,0.000,0.000,0.000,0.400,0.00,0.40,0.10,neutral,manual
🤸‍♂️,man_cartwheeling,0.900,0.000,0.000,0.000,0.000,0.000,0.000,0.100,0.70,0.70,0.05,joy,manual
🤸🏿‍♂️,man_cartwheeling_dark_skin_tone,0.900,0.000,0.000,0.000,0.000,0.000,0.000,0.100,0.70,0.70,0.05,joy,manual
🤸🏻‍♂️,man_cartwheeling_light_skin_tone,0.900,0.000,0.000,0.000,0.000,0.000,0.000,0.100,0.70,0.70,0.05,joy,manual
🤸🏾‍♂️,man_cartwheeling_medium-dark_skin_tone,0.900,0.000,0.000,0.000,0.000,0.000,0.000,0.100,0.70,0.70,0.05,joy,manual
🤸🏼‍♂️,man_cartwheeling_medium-light_skin_tone,0.900,0.000,0.000,0.000,0.000,0.000,0.000,0.100,0.70,0.70,0.05,joy,manual
🤸🏽‍♂️,man_cartwheeling_medium_skin_tone,0.900,0.000,0.000,0.000,0.000,0.000,0.000,0.100,0.70,0.70,0.05,joy,manual
🕺,man_dancing,0.900,0.000,0.000,0.000,0.000,0.000,0.000,0.100,0.85,0.80,0.10,joy,manual
🕺🏿,man_dancing_dark_skin_tone,0.900,0.000,0.000,0.000,0.000,0.000,0.000,0.100,0.85,0.80,0.10,joy,manual
🕺🏻,man_dancing_light_skin_tone,0.900,0.000,0.000,0.000,0.000,0.000,0.000,0.100,0.85,0.80,0.10,joy,manual
🕺🏾,man_dancing_medium-dark_skin_tone,0.900,0.000,0.000,0.000,0.000,0.000,0.000,0.100,0.85,0.80,0.10,joy,manual
🕺🏼,man_dancing_medium-light_skin_tone,0.900,0.000,0.000,0.000,0.000,0.000,0.000,0.100,0.85,0.80,0.10,joy,manual
🕺🏽,man_dancing_medium_skin_tone,0.900,0.000,0.000,0.000,0.000,0.000,0.000,0.100,0.85,0.80,0.10,joy,manual
🤦‍♂️,man_facepalming,0.000,0.000,0.200,0.300,0.000,0.000,0.300,0.200,-0.50,0.60,0.70,anger,manual
🤦🏿‍♂️,man_facepalming_dark_skin_tone,0.000,0.000,0.200,0.300,0.000,0.000,0.300,0.200,-0.50,0.60,0.70,anger,manual
🤦🏻‍♂️,man_facepalming_light_skin_tone,0.000,0.000,0.200,0.300,0.000,0.000,0.300,0.200,-0.50,0.60,0.70,anger,manual
🤦🏾‍♂️,man_facepalming_medium-dark_skin_tone,0.000,0.000,0.200,0.300,0.000,0.000,0.300,0.200,-0.50,0.60,0.70,anger,manual
🤦🏼‍♂️,man_facepalming_medium-light_skin_tone,0.000,0.000,0.200,0.300,0.000,0.000,0.300,0.200,-0.50,0.60,0.70,anger,manual
🤦🏽‍♂️,man_facepalming_medium_skin_tone,0.000,0.000,0.200,0.300,0.000,0.000,0.300,0.200,-0.50,0.60,0.70,anger,manual
🙍‍♂️,man_frowning,0.000,0.000,0.700,0.200,0.000,0.000,0.000,0.100,-0.60,0.50,0.05,sadness,manual
🙍🏿‍♂️,man_frowning_dark_skin_tone,0.000,0.000,0.700,0.200,0.000,0.000,0.000,0.100,-0.60,0.50,0.05,sadness,manual
🙍🏻‍♂️,man_frowning_light_skin_tone,0.000,0.000,0.700,0.200,0.000,0.000,0.000,0.100,-0.60,0.50,0.05,sadness,manual
🙍🏾‍♂️,man_frowning_medium-dark_skin_tone,0.000,0.000,0.700,0.200,0.000,0.000,0.000,0.100,-0.60,0.50,0.05,sadness,manual
🙍🏼‍♂️,man_frowning_medium-light_skin_tone,0.000,0.000,0.700,0.200,0.000,0.000,0.000,0.100,-0.60,0.50,0.05,sadness,manual
🙍🏽‍♂️,man_frowning_medium_skin_tone,0.000,0.000,0.700,0.200,0.000,0.000,0.000,0.100,-0.60,0.50,0.05,sadness,manual
🙅‍♂️,man_gesturing_no,0.000,0.000,0.000,0.400,0.000,0.000,0.300,0.300,-0.50,0.50,0.10,anger,manual
🙅🏿‍♂️,man_gesturing_no_dark_skin_tone,0.000,0.000,0.000,0.400,0.000,0.000,0.300,0.300,-0.50,0.50,0.10,anger,manual
🙅🏻‍♂️,man_gesturing_no_light_skin_tone,0.000,0.000,0.000,0.400,0.000,0.000,0.300,0.300,-0.50,0.50,0.10,anger,manual
🙅🏾‍♂️,man_gesturing_no_medium-dark_skin_tone,0.000,0.000,0.000,0.400,0.000,0.000,0.300,0.300,-0.50,0.50,0.10,anger,manual
🙅🏼‍♂️,man_gesturing_no_medium-light_skin_tone,0.000,0.000,0.000,0.400,0.000,0.000,0.300,0.300,-0.50,0.50,0.10,anger,manual
🙅🏽‍♂️,man_gesturing_no_medium_skin_tone,0.000,0.000,0.000,0.400,0.000,0.000,0.300,0.300,-0.50,0.50,0.10,anger,manual
🙆‍♂️,man_gesturing_ok,0.600,0.000,0.000,0.000,0.000,0.000,0.000,0.400,0.50,0.40,0.10,joy,manual
🙆🏿‍♂️,man_gesturing_ok_dark_skin_tone,0.600,0.000,0.000,0.000,0.000,0.000,0.000,0.400,0.50,0.40,0.10,joy,manual
🙆🏻‍♂️,man_gesturing_ok_light_skin_tone,0.600,0.000,0.000,0.000,0.000,0.000,0.000,0.400,0.50,0.40,0.10,joy,manual
🙆🏾‍♂️,man_gesturing_ok_medium-dark_skin_tone,0.600,0.000,0.000,0.000,0.000,0.000,0.000,0.400,0.50,0.40,0.10,joy,manual
🙆🏼‍♂️,man_gesturing_ok_medium-light_skin_tone,0.600,0.000,0.000,0.000,0.000,0.000,0.000,0.400,0.50,0.40,0.10,joy,manual
🙆🏽‍♂️,man_gesturing_ok_medium_skin_tone,0.600,0.000,0.000,0.000,0.000,0.000,0.000,0.400,0.50,0.40,0.10,joy,manual
🙎‍♂️,man_pouting,0.000,0.000,0.200,0.700,0.000,0.000,0.100,0.000,-0.60,0.50,0.05,anger,manual
🙎🏿‍♂️,man_pouting_dark_skin_tone,0.000,0.000,0.200,0.700,0.000,0.000,0.100,0.000,-0.60,0.50,0.05,anger,manual
🙎🏻‍♂️,man_pouting_light_skin_tone,0.000,0.000,0.200,0.700,0.000,0.000,0.100,0.000,-0.60,0.50,0.05,anger,manual
🙎🏾‍♂️,man_pouting_medium-dark_skin_tone,0.000,0.000,0.200,0.700,0.000,0.000,0.100,0.000,-0.60,0.50,0.05,anger,manual
🙎🏼‍♂️,man_pouting_medium-light_skin_tone,0.000,0.000,0.200,0.700,0.000,0.000,0.100,0.000,-0.60,0.50,0.05,anger,manual
🙎🏽‍♂️,man_pouting_medium_skin_tone,0.000,0.000,0.200,0.700,0.000,0.000,0.100,0.000,-0.60,0.50,0.05,anger,manual
🙋‍♂️,man_raising_hand,0.600,0.000,0.000,0.000,0.000,0.000,0.000,0.400,0.40,0.40,0.05,joy,manual
🙋🏿‍♂️,man_raising_hand_dark_skin_tone,0.600,0.000,0.000,0.000,0.000,0.000,0.000,0.400,0.40,0.40,0.05,joy,manual
🙋🏻‍♂️,man_raising_hand_light_skin_tone,0.600,0.000,0.000,0.000,0.000,0.000,0.000,0.400,0.40,0.40,0.05,joy,manual
🙋🏾‍♂️,man_raising_hand_medium-dark_skin_tone,0.600,0.000,0.000,0.000,0.000,0.000,0.000,0.400,0.40,0.40,0.05,joy,manual
🙋🏼‍♂️,man_raising_hand_medium-light_skin_tone,0.600,0.000,0.000,0.000,0.000,0.000,0.000,0.400,0.40,0.40,0.05,joy,manual
🙋🏽‍♂️,man_raising_hand_medium_skin_tone,0.600,0.000,0.000,0.000,0.000,0.000,0.000,0.400,0.40,0.40,0.05,joy,manual
🤷‍♂️,man_shrugging,0.000,0.000,0.100,0.000,0.000,0.200,0.000,0.700,-0.10,0.30,0.60,neutral,manual
🤷🏿‍♂️,man_shrugging_dark_skin_tone,0.000,0.000,0.100,0.000,0.000,0.200,0.000,0.700,-0.10,0.30,0.60,neutral,manual
🤷🏻‍♂️,man_shrugging_light_skin_tone,0.000,0.000,0.100,0.000,0.000,0.200,0.000,0.700,-0.10,0.30,0.60,neutral,manual
🤷🏾‍♂️,man_shrugging_medium-dark_skin_tone,0.000,0.000,0.100,0.000,0.000,0.200,0.000,0.700,-0.10,0.30,0.60,neutral,manual
🤷🏼‍♂️,man_shrugging_medium-light_skin_tone,0.000,0.000,0.100,0.000,0.000,0.200,0.000,0.700,-0.10,0.30,0.60,neutral,manual
🤷🏽‍♂️,man_shrugging_medium_skin_tone,0.000,0.000,0.100,0.000,0.000,0.200,0.000,0.700,-0.10,0.30,0.60,neutral,manual
💁‍♂️,man_tipping_hand,0.300,0.000,0.000,0.000,0.000,0.000,0.200,0.500,0.10,0.40,0.50,neutral,manual
💁🏿‍♂️,man_tipping_hand_dark_skin_tone,0.300,0.000,0.000,0.000,0.000,0.000,0.200,0.500,0.10,0.40,0.50,neutral,manual
💁🏻‍♂️,man_tipping_hand_light_skin_tone,0.300,0.000,0.000,0.000,0.000,0.000,0.200,0.500,0.10,0.40,0.50,neutral,manual
💁🏾‍♂️,man_tipping_hand_medium-dark_skin_tone,0.300,0.000,0.000,0.000,0.000,0.000,0.200,0.500,0.10,0.40,0.50,neutral,manual
💁🏼‍♂️,man_tipping_hand_medium-light_skin_tone,0.300,0.000,0.000,0.000,0.000,0.000,0.200,0.500,0.10,0.40,0.50,neutral,manual
💁🏽‍♂️,man_tipping_hand_medium_skin_tone,0.300,0.000,0.000,0.000,0.000,0.000,0.200,0.500,0.10,0.40,0.50,neutral,manual
🫠,melting_face,0.100,0.000,0.300,0.000,0.200,0.100,0.000,0.300,-0.20,0.50,0.40,sadness,manual
👯‍♂️,men_with_bunny_ears,0.800,0.200,0.000,0.000,0.000,0.000,0.000,0.000,0.70,0.60,0.05,joy,manual
👯🏿‍♂️,men_with_bunny_ears_dark_skin_tone,0.800,0.200,0.000,0.000,0.000,0.000,0.000,0.000,0.70,0.60,0.05,joy,manual
👯🏻‍♂️,men_with_bunny_ears_light_skin_tone,0.800,0.200,0.000,0.000,0.000,0.000,0.000,0.000,0.70,0.60,0.05,joy,manual
👯🏾‍♂️,men_with_bunny_ears_medium-dark_skin_tone,0.800,0.200,0.000,0.000,0.000,0.000,0.000,0.000,0.70,0.60,0.05,joy,manual
👯🏼‍♂️,men_with_bunny_ears_medium-light_skin_tone,0.800,0.200,0.000,0.000,0.000,0.000,0.000,0.000,0.70,0.60,0.05,joy,manual
👯🏽‍♂️,men_with_bunny_ears_medium_skin_tone,0.800,0.200,0.000,0.000,0.000,0.000,0.000,0.000,0.70,0.60,0.05,joy,manual
❤️‍🩹,mending_heart,0.200,0.400,0.400,0.000,0.000,0.000,0.000,0.000,0.10,0.50,0.02,love,manual
🖕,middle_finger,0.000,0.000,0.000,0.900,0.000,0.000,0.100,0.000,-0.90,0.90,0.05,anger,manual
🖕🏿,middle_finger_dark_skin_tone,0.000,0.000,0.000,0.900,0.000,0.000,0.100,0.000,-0.90,0.90,0.05,anger,manual
🖕🏻,middle_finger_light_skin_tone,0.000,0.000,0.000,0.900,0.000,0.000,0.100,0.000,-0.90,0.90,0.05,anger,manual
🖕🏾,middle_finger_medium-dark_skin_tone,0.000,0.000,0.000,0.900,0.000,0.000,0.100,0.000,-0.90,0.90,0.05,anger,manual
🖕🏼,middle_finger_medium-light_skin_tone,0.000,0.000,0.000,0.900,0.000,0.000,0.100,0.000,-0.90,0.90,0.05,anger,manual
🖕🏽,middle_finger_medium_skin_tone,0.000,0.000,0.000,0.900,0.000,0.000,0.100,0.000,-0.90,0.90,0.05,anger,manual
🗿,moai,0.000,0.000,0.000,0.000,0.000,0.100,0.200,0.700,-0.10,0.40,0.65,neutral,manual
🤑,money-mouth_face,0.700,0.000,0.000,0.000,0.000,0.100,0.000,0.200,0.60,0.70,0.20,joy,manual
💰,money_bag,0.700,0.000,0.000,0.000,0.000,0.000,0.000,0.300,0.60,0.60,0.10,joy,manual
💸,money_with_wings,0.000,0.000,0.500,0.100,0.200,0.000,0.000,0.200,-0.40,0.60,0.30,sadness,manual
🎶,musical_notes,0.700,0.100,0.000,0.000,0.000,0.000,0.000,0.200,0.60,0.40,0.05,joy,manual
💅,nail_polish,0.400,0.000,0.000,0.000,0.000,0.000,0.200,0.400,0.10,0.50,0.60,joy,manual
💅🏿,nail_polish_dark_skin_tone,0.400,0.000,0.000,0.000,0.000,0.000,0.200,0.400,0.10,0.50,0.60,joy,manual
💅🏻,nail_polish_light_skin_tone,0.400,0.000,0.000,0.000,0.000,0.000,0.200,0.400,0.10,0.50,0.60,joy,manual
💅🏾,nail_polish_medium-dark_skin_tone,0.400,0.000,0.000,0.000,0.000,0.000,0.200,0.400,0.10,0.50,0.60,joy,manual
💅🏼,nail_polish_medium-light_skin_tone,0.400,0.000,0.000,0.000,0.000,0.000,0.200,0.400,0.10,0.50,0.60,joy,manual
💅🏽,nail_polish_medium_skin_tone,0.400,0.000,0.000,0.000,0.000,0.000,0.200,0.400,0.10,0.50,0.60,joy,manual
🤢,nauseated_face,0.000,0.000,0.100,0.000,0.100,0.000,0.800,0.000,-0.80,0.70,0.10,disgust,manual
🤓,nerd_face,0.500,0.000,0.000,0.000,0.000,0.000,0.000,0.500,0.30,0.30,0.40,joy,manual
😐,neutral_face,0.000,0.000,0.100,0.100,0.000,0.000,0.000,0.800,-0.20,0.20,0.45,neutral,manual
👹,ogre,0.000,0.000,0.000,0.600,0.400,0.000,0.000,0.000,-0.60,0.70,0.10,anger,manual
👌,ok_hand,0.600,0.000,0.000,0.000,0.000,0.000,0.000,0.400,0.50,0.40,0.30,joy,manual
👌🏿,ok_hand_dark_skin_tone,0.600,0.000,0.000,0.000,0.000,0.000,0.000,0.400,0.50,0.40,0.30,joy,manual
👌🏻,ok_hand_light_skin_tone,0.600,0.000,0.000,0.000,0.000,0.000,0.000,0.400,0.50,0.40,0.30,joy,manual
👌🏾,ok_hand_medium-dark_skin_tone,0.600,0.000,0.000,0.000,0.000,0.000,0.000,0.400,0.50,0.40,0.30,joy,manual
👌🏼,ok_hand_medium-light_skin_tone,0.600,0.000,0.000,0.000,0.000,0.000,0.000,0.400,0.50,0.40,0.30,joy,manual
👌🏽,ok_hand_medium_skin_tone,0.600,0.000,0.000,0.000,0.000,0.000,0.000,0.400,0.50,0.40,0.30,joy,manual
👊,oncoming_fist,0.300,0.000,0.000,0.500,0.000,0.000,0.000,0.200,0.00,0.70,0.05,anger,manual
👊🏿,oncoming_fist_dark_skin_tone,0.300,0.000,0.000,0.500,0.000,0.000,0.000,0.200,0.00,0.70,0.05,anger,manual
👊🏻,oncoming_fist_light_skin_tone,0.300,0.000,0.000,0.500,0.000,0.000,0.000,0.200,0.00,0.70,0.05,anger,manual
👊🏾,oncoming_fist_medium-dark_skin_tone,0.300,0.000,0.000,0.500,0.000,0.000,0.000,0.200,0.00,0.70,0.05,anger,manual
👊🏼,oncoming_fist_medium-light_skin_tone,0.300,0.000,0.000,0.500,0.000,0.000,0.000,0.200,0.00,0.70,0.05,anger,manual
👊🏽,oncoming_fist_medium_skin_tone,0.300,0.000,0.000,0.500,0.000,0.000,0.000,0.200,0.00,0.70,0.05,anger,manual
👐,open_hands,0.400,0.300,0.000,0.000,0.000,0.000,0.000,0.300,0.30,0.30,0.05,joy,manual
👐🏿,open_hands_dark_skin_tone,0.400,0.300,0.000,0.000,0.000,0.000,0.000,0.300,0.30,0.30,0.05,joy,manual
👐🏻,open_hands_light_skin_tone,0.400,0.300,0.000,0.000,0.000,0.000,0.000,0.300,0.30,0.30,0.05,joy,manual
👐🏾,open_hands_medium-dark_skin_tone,0.400,0.300,0.000,0.000,0.000,0.000,0.000,0.300,0.30,0.30,0.05,joy,manual
👐🏼,open_hands_medium-light_skin_tone,0.400,0.300,0.000,0.000,0.000,0.000,0.000,0.300,0.30,0.30,0.05,joy,manual
👐🏽,open_hands_medium_skin_tone,0.400,0.300,0.000,0.000,0.000,0.000,0.000,0.300,0.30,0.30,0.05,joy,manual
🧡,orange_heart,0.250,0.750,0.000,0.000,0.000,0.000,0.000,0.000,0.80,0.50,0.02,love,manual
🐂,ox,0.500,0.000,0.000,0.000,0.000,0.000,0.000,0.500,0.40,0.40,0.05,joy,manual
🤲,palms_up_together,0.200,0.000,0.200,0.000,0.000,0.000,0.000,0.600,0.00,0.30,0.05,neutral,manual
🤲🏿,palms_up_together_dark_skin_tone,0.200,0.000,0.200,0.000,0.000,0.000,0.000,0.600,0.00,0.30,0.05,neutral,manual
🤲🏻,palms_up_together_light_skin_tone,0.200,0.000,0.200,0.000,0.000,0.000,0.000,0.600,0.00,0.30,0.05,neutral,manual
🤲🏾,palms_up_together_medium-dark_skin_tone,0.200,0.000,0.200,0.000,0.000,0.000,0.000,0.600,0.00,0.30,0.05,neutral,manual
🤲🏼,palms_up_together_medium-light_skin_tone,0.200,0.000,0.200,0.000,0.000,0.000,0.000,0.600,0.00,0.30,0.05,neutral,manual
🤲🏽,palms_up_together_medium_skin_tone,0.200,0.000,0.200,0.000,0.000,0.000,0.000,0.600,0.00,0.30,0.05,neutral,manual
🎉,party_popper,0.900,0.000,0.000,0.000,0.000,0.100,0.000,0.000,0.90,0.85,0.20,joy,manual
🥳,partying_face,0.900,0.000,0.000,0.000,0.000,0.100,0.000,0.000,0.90,0.90,0.10,joy,manual
😔,pensive_face,0.000,0.000,0.800,0.000,0.000,0.000,0.000,0.200,-0.60,0.50,0.10,sadness,manual
🫂,people_hugging,0.200,0.700,0.100,0.000,0.000,0.000,0.000,0.000,0.70,0.60,0.02,love,manual
👯,people_with_bunny_ears,0.800,0.200,0.000,0.000,0.000,0.000,0.000,0.000,0.70,0.60,0.05,joy,manual
👯🏿,people_with_bunny_ears_dark_skin_tone,0.800,0.200,0.000,0.000,0.000,0.000,0.000,0.000,0.70,0.60,0.05,joy,manual
👯🏻,people_with_bunny_ears_light_skin_tone,0.800,0.200,0.000,0.000,0.000,0.000,0.000,0.000,0.70,0.60,0.05,joy,manual
👯🏾,people_with_bunny_ears_medium-dark_skin_tone,0.800,0.200,0.000,0.000,0.000,0.000,0.000,0.000,0.70,0.60,0.05,joy,manual
👯🏼,people_with_bunny_ears_medium-light_skin_tone,0.800,0.200,0.000,0.000,0.000,0.000,0.000,0.000,0.70,0.60,0.05,joy,manual
👯🏽,people_with_bunny_ears_medium_skin_tone,0.800,0.200,0.000,0.000,0.000,0.000,0.000,0.000,0.70,0.60,0.05,joy,manual
😣,persevering_face,0.000,0.000,0.500,0.200,0.300,0.000,0.000,0.000,-0.50,0.60,0.05,sadness,manual
🙇,person_bowing,0.000,0.300,0.300,0.000,0.000,0.000,0.000,0.400,0.00,0.40,0.10,neutral,manual
🙇🏿,person_bowing_dark_skin_tone,0.000,0.300,0.300,0.000,0.000,0.000,0.000,0.400,0.00,0.40,0.10,neutral,manual
🙇🏻,person_bowing_light_skin_tone,0.000,0.300,0.300,0.000,0.000,0.000,0.000,0.400,0.00,0.40,0.10,neutral,manual
🙇🏾,person_bowing_medium-dark_skin_tone,0.000,0.300,0.300,0.000,0.000,0.000,0.000,0.400,0.00,0.40,0.10,neutral,manual
🙇🏼,person_bowing_medium-light_skin_tone,0.000,0.300,0.300,0.000,0.000,0.000,0.000,0.400,0.00,0.40,0.10,neutral,manual
🙇🏽,person_bowing_medium_skin_tone,0.000,0.300,0.300,0.000,0.000,0.000,0.000,0.400,0.00,0.40,0.10,neutral,manual
🤸,person_cartwheeling,0.900,0.000,0.000,0.000,0.000,0.000,0.000,0.100,0.70,0.70,0.05,joy,manual
🤸🏿,person_cartwheeling_dark_skin_tone,0.900,0.000,0.000,0.000,0.000,0.000,0.000,0.100,0.70,0.70,0.05,joy,manual
🤸🏻,person_cartwheeling_light_skin_tone,0.900,0.000,0.000,0.000,0.000,0.000,0.000,0.100,0.70,0.70,0.05,joy,manual
🤸🏾,person_cartwheeling_medium-dark_skin_tone,0.900,0.000,0.000,0.000,0.000,0.000,0.000,0.100,0.70,0.70,0.05,joy,manual
🤸🏼,person_cartwheeling_medium-light_skin_tone,0.900,0.000,0.000,0.000,0.000,0.000,0.000,0.100,0.70,0.70,0.05,joy,manual
🤸🏽,person_cartwheeling_medium_skin_tone,0.900,0.000,0.000,0.000,0.000,0.000,0.000,0.100,0.70,0.70,0.05,joy,manual
🤦,person_facepalming,0.000,0.000,0.200,0.300,0.000,0.000,0.300,0.200,-0.50,0.60,0.70,anger,manual
🤦🏿,person_facepalming_dark_skin_tone,0.000,0.000,0.200,0.300,0.000,0.000,0.300,0.200,-0.50,0.60,0.70,anger,manual
🤦🏻,person_facepalming_light_skin_tone,0.000,0.000,0.200,0.300,0.000,0.000,0.300,0.200,-0.50,0.60,0.70,anger,manual
🤦🏾,person_facepalming_medium-dark_skin_tone,0.000,0.000,0.200,0.300,0.000,0.000,0.300,0.200,-0.50,0.60,0.70,anger,manual
🤦🏼,person_facepalming_medium-light_skin_tone,0.000,0.000,0.200,0.300,0.000,0.000,0.300,0.200,-0.50,0.60,0.70,anger,manual
🤦🏽,person_facepalming_medium_skin_tone,0.000,0.000,0.200,0.300,0.000,0.000,0.300,0.200,-0.50,0.60,0.70,anger,manual
🙍,person_frowning,0.000,0.000,0.700,0.200,0.000,0.000,0.000,0.100,-0.60,0.50,0.05,sadness,manual
🙍🏿,person_frowning_dark_skin_tone,0.000,0.000,0.700,0.200,0.000,0.000,0.000,0.100,-0.60,0.50,0.05,sadness,manual
🙍🏻,person_frowning_light_skin_tone,0.000,0.000,0.700,0.200,0.000,0.000,0.000,0.100,-0.60,0.50,0.05,sadness,manual
🙍🏾,person_frowning_medium-dark_skin_tone,0.000,0.000,0.700,0.200,0.000,0.000,0.000,0.100,-0.60,0.50,0.05,sadness,manual
🙍🏼,person_frowning_medium-light_skin_tone,0.000,0.000,0.700,0.200,0.000,0.000,0.000,0.100,-0.60,0.50,0.05,sadness,manual
🙍🏽,person_frowning_medium_skin_tone,0.000,0.000,0.700,0.200,0.000,0.000,0.000,0.100,-0.60,0.50,0.05,sadness,manual
🙅,person_gesturing_no,0.000,0.000,0.000,0.400,0.000,0.000,0.300,0.300,-0.50,0.50,0.10,anger,manual
🙅🏿,person_gesturing_no_dark_skin_tone,0.000,0.000,0.000,0.400,0.000,0.000,0.300,0.300,-0.50,0.50,0.10,anger,manual
🙅🏻,person_gesturing_no_light_skin_tone,0.000,0.000,0.000,0.400,0.000,0.000,0.300,0.300,-0.50,0.50,0.10,anger,manual
🙅🏾,person_gesturing_no_medium-dark_skin_tone,0.000,0.000,0.000,0.400,0.000,0.000,0.300,0.300,-0.50,0.50,0.10,anger,manual
🙅🏼,person_gesturing_no_medium-light_skin_tone,0.000,0.000,0.000,0.400,0.000,0.000,0.300,0.300,-0.50,0.50,0.10,anger,manual
🙅🏽,person_gesturing_no_medium_skin_tone,0.000,0.000,0.000,0.400,0.000,0.000,0.300,0.300,-0.50,0.50,0.10,anger,manual
🙆,person_gesturing_ok,0.600,0.000,0.000,0.000,0.000,0.000,0.000,0.400,0.50,0.40,0.10,joy,manual
🙆🏿,person_gesturing_ok_dark_skin_tone,0.600,0.000,0.000,0.000,0.000,0.000,0.000,0.400,0.50,0.40,0.10,joy,manual
🙆🏻,person_gesturing_ok_light_skin_tone,0.600,0.000,0.000,0.000,0.000,0.000,0.000,0.400,0.50,0.40,0.10,joy,manual
🙆🏾,person_gesturing_ok_medium-dark_skin_tone,0.600,0.000,0.000,0.000,0.000,0.000,0.000,0.400,0.50,0.40,0.10,joy,manual
🙆🏼,person_gesturing_ok_medium-light_skin_tone,0.600,0.000,0.000,0.000,0.000,0.000,0.000,0.400,0.50,0.40,0.10,joy,manual
🙆🏽,person_gesturing_ok_medium_skin_tone,0.600,0.000,0.000,0.000,0.000,0.000,0.000,0.400,0.50,0.40,0.10,joy,manual
🙎,person_pouting,0.000,0.000,0.200,0.700,0.000,0.000,0.100,0.000,-0.60,0.50,0.05,anger,manual
🙎🏿,person_pouting_dark_skin_tone,0.000,0.000,0.200,0.700,0.000,0.000,0.100,0.000,-0.60,0.50,0.05,anger,manual
🙎🏻,person_pouting_light_skin_tone,0.000,0.000,0.200,0.700,0.000,0.000,0.100,0.000,-0.60,0.50,0.05,anger,manual
🙎🏾,person_pouting_medium-dark_skin_tone,0.000,0.000,0.200,0.700,0.000,0.000,0.100,0.000,-0.60,0.50,0.05,anger,manual
🙎🏼,person_pouting_medium-light_skin_tone,0.000,0.000,0.200,0.700,0.000,0.000,0.100,0.000,-0.60,0.50,0.05,anger,manual
🙎🏽,person_pouting_medium_skin_tone,0.000,0.000,0.200,0.700,0.000,0.000,0.100,0.000,-0.60,0.50,0.05,anger,manual
🙋,person_raising_hand,0.600,0.000,0.000,0.000,0.000,0.000,0.000,0.400,0.40,0.40,0.05,joy,manual
🙋🏿,person_raising_hand_dark_skin_tone,0.600,0.000,0.000,0.000,0.000,0.000,0.000,0.400,0.40,0.40,0.05,joy,manual
🙋🏻,person_raising_hand_light_skin_tone,0.600,0.000,0.000,0.000,0.000,0.000,0.000,0.400,0.40,0.40,0.05,joy,manual
🙋🏾,person_raising_hand_medium-dark_skin_tone,0.600,0.000,0.000,0.000,0.000,0.000,0.000,0.400,0.40,0.40,0.05,joy,manual
🙋🏼,person_raising_hand_medium-light_skin_tone,0.600,0.000,0.000,0.000,0.000,0.000,0.000,0.400,0.40,0.40,0.05,joy,manual
🙋🏽,person_raising_hand_medium_skin_tone,0.600,0.000,0.000,0.000,0.000,0.000,0.000,0.400,0.40,0.40,0.05,joy,manual
🤷,person_shrugging,0.000,0.000,0.100,0.000,0.000,0.200,0.000,0.700,-0.10,0.30,0.60,neutral,manual
🤷🏿,person_shrugging_dark_skin_tone,0.000,0.000,0.100,0.000,0.000,0.200,0.000,0.700,-0.10,0.30,0.60,neutral,manual
🤷🏻,person_shrugging_light_skin_tone,0.000,0.000,0.100,0.000,0.000,0.200,0.000,0.700,-0.10,0.30,0.60,neutral,manual
🤷🏾,person_shrugging_medium-dark_skin_tone,0.000,0.000,0.100,0.000,0.000,0.200,0.000,0.700,-0.10,0.30,0.60,neutral,manual
🤷🏼,person_shrugging_medium-light_skin_tone,0.000,0.000,0.100,0.000,0.000,0.200,0.000,0.700,-0.10,0.30,0.60,neutral,manual
🤷🏽,person_shrugging_medium_skin_tone,0.000,0.000,0.100,0.000,0.000,0.200,0.000,0.700,-0.10,0.30,0.60,neutral,manual
💁,person_tipping_hand,0.300,0.000,0.000,0.000,0.000,0.000,0.200,0.500,0.10,0.40,0.50,neutral,manual
💁🏿,person_tipping_hand_dark_skin_tone,0.300,0.000,0.000,0.000,0.000,0.000,0.200,0.500,0.10,0.40,0.50,neutral,manual
💁🏻,person_tipping_hand_light_skin_tone,0.300,0.000,0.000,0.000,0.000,0.000,0.200,0.500,0.10,0.40,0.50,neutral,manual
💁🏾,person_tipping_hand_medium-dark_skin_tone,0.300,0.000,0.000,0.000,0.000,0.000,0.200,0.500,0.10,0.40,0.50,neutral,manual
💁🏼,person_tipping_hand_medium-light_skin_tone,0.300,0.000,0.000,0.000,0.000,0.000,0.200,0.500,0.10,0.40,0.50,neutral,manual
💁🏽,person_tipping_hand_medium_skin_tone,0.300,0.000,0.000,0.000,0.000,0.000,0.200,0.500,0.10,0.40,0.50,neutral,manual
💩,pile_of_poo,0.200,0.000,0.000,0.200,0.000,0.000,0.600,0.000,-0.50,0.60,0.35,disgust,manual
🤌,pinched_fingers,0.200,0.000,0.000,0.300,0.000,0.200,0.000,0.300,-0.10,0.60,0.35,anger,manual
🤌🏿,pinched_fingers_dark_skin_tone,0.200,0.000,0.000,0.300,0.000,0.200,0.000,0.300,-0.10,0.60,0.35,anger,manual
🤌🏻,pinched_fingers_light_skin_tone,0.200,0.000,0.000,0.300,0.000,0.200,0.000,0.300,-0.10,0.60,0.35,anger,manual
🤌🏾,pinched_fingers_medium-dark_skin_tone,0.200,0.000,0.000,0.300,0.000,0.200,0.000,0.300,-0.10,0.60,0.35,anger,manual
🤌🏼,pinched_fingers_medium-light_skin_tone,0.200,0.000,0.000,0.300,0.000,0.200,0.000,0.300,-0.10,0.60,0.35,anger,manual
🤌🏽,pinched_fingers_medium_skin_tone,0.200,0.000,0.000,0.300,0.000,0.200,0.000,0.300,-0.10,0.60,0.35,anger,manual
🩷,pink_heart,0.250,0.750,0.000,0.000,0.000,0.000,0.000,0.000,0.80,0.50,0.02,love,manual
🥺,pleading_face,0.000,0.300,0.500,0.000,0.100,0.000,0.000,0.100,-0.10,0.60,0.10,sadness,manual
🐻‍❄️,polar_bear,0.000,0.000,0.300,0.000,0.200,0.000,0.000,0.500,-0.30,0.40,0.05,neutral,manual
🚨,police_car_light,0.000,0.000,0.000,0.000,0.500,0.400,0.000,0.100,-0.20,0.80,0.10,fear,manual
🍿,popcorn,0.400,0.000,0.000,0.000,0.000,0.300,0.000,0.300,0.20,0.50,0.40,joy,manual
😾,pouting_cat,0.000,0.000,0.000,0.850,0.000,0.000,0.150,0.000,-0.70,0.70,0.05,anger,manual
💜,purple_heart,0.250,0.750,0.000,0.000,0.000,0.000,0.000,0.000,0.80,0.50,0.02,love,manual
🌈,rainbow,0.800,0.200,0.000,0.000,0.000,0.000,0.000,0.000,0.70,0.50,0.05,joy,manual
✊,raised_fist,0.400,0.000,0.000,0.300,0.000,0.000,0.000,0.300,0.20,0.60,0.05,joy,manual
✊🏿,raised_fist_dark_skin_tone,0.400,0.000,0.000,0.300,0.000,0.000,0.000,0.300,0.20,0.60,0.05,joy,manual
✊🏻,raised_fist_light_skin_tone,0.400,0.000,0.000,0.300,0.000,0.000,0.000,0.300,0.20,0.60,0.05,joy,manual
✊🏾,raised_fist_medium-dark_skin_tone,0.400,0.000,0.000,0.300,0.000,0.000,0.000,0.300,0.20,0.60,0.05,joy,manual
✊🏼,raised_fist_medium-light_skin_tone,0.400,0.000,0.000,0.300,0.000,0.000,0.000,0.300,0.20,0.60,0.05,joy,manual
✊🏽,raised_fist_medium_skin_tone,0.400,0.000,0.000,0.300,0.000,0.000,0.000,0.300,0.20,0.60,0.05,joy,manual
🙌,raising_hands,0.850,0.000,0.000,0.000,0.000,0.150,0.000,0.000,0.85,0.80,0.10,joy,manual
🙌🏿,raising_hands_dark_skin_tone,0.850,0.000,0.000,0.000,0.000,0.150,0.000,0.000,0.85,0.80,0.10,joy,manual
🙌🏻,raising_hands_light_skin_tone,0.850,0.000,0.000,0.000,0.000,0.150,0.000,0.000,0.85,0.80,0.10,joy,manual
🙌🏾,raising_hands_medium-dark_skin_tone,0.850,0.000,0.000,0.000,0.000,0.150,0.000,0.000,0.85,0.80,0.10,joy,manual
🙌🏼,raising_hands_medium-light_skin_tone,0.850,0.000,0.000,0.000,0.000,0.150,0.000,0.000,0.85,0.80,0.10,joy,manual
🙌🏽,raising_hands_medium_skin_tone,0.850,0.000,0.000,0.000,0.000,0.150,0.000,0.000,0.85,0.80,0.10,joy,manual
❗,red_exclamation_mark,0.000,0.000,0.000,0.000,0.000,0.600,0.000,0.400,0.00,0.60,0.05,surprise,manual
❤️,red_heart,0.150,0.850,0.000,0.000,0.000,0.000,0.000,0.000,0.90,0.70,0.05,love,manual
❓,red_question_mark,0.000,0.000,0.000,0.000,0.000,0.400,0.000,0.600,0.00,0.30,0.15,neutral,manual
😌,relieved_face,0.600,0.100,0.000,0.000,0.000,0.000,0.000,0.300,0.50,0.30,0.10,joy,manual
💞,revolving_hearts,0.200,0.800,0.000,0.000,0.000,0.000,0.000,0.000,0.85,0.70,0.02,love,manual
🤜,right-facing_fist,0.500,0.000,0.000,0.200,0.000,0.000,0.000,0.300,0.20,0.50,0.05,joy,manual
🤜🏿,right-facing_fist_dark_skin_tone,0.500,0.000,0.000,0.200,0.000,0.000,0.000,0.300,0.20,0.50,0.05,joy,manual
🤜🏻,right-facing_fist_light_skin_tone,0.500,0.000,0.000,0.200,0.000,0.000,0.000,0.300,0.20,0.50,0.05,joy,manual
🤜🏾,right-facing_fist_medium-dark_skin_tone,0.500,0.000,0.000,0.200,0.000,0.000,0.000,0.300,0.20,0.50,0.05,joy,manual
🤜🏼,right-facing_fist_medium-light_skin_tone,0.500,0.000,0.000,0.200,0.000,0.000,0.000,0.300,0.20,0.50,0.05,joy,manual
🤜🏽,right-facing_fist_medium_skin_tone,0.500,0.000,0.000,0.200,0.000,0.000,0.000,0.300,0.20,0.50,0.05,joy,manual
🗯️,right_anger_bubble,0.000,0.000,0.000,0.800,0.000,0.000,0.000,0.200,-0.60,0.60,0.05,anger,manual
🤖,robot,0.100,0.000,0.000,0.000,0.000,0.000,0.000,0.900,0.00,0.20,0.15,neutral,manual
🚀,rocket,0.800,0.000,0.000,0.000,0.000,0.100,0.000,0.100,0.80,0.90,0.25,joy,manual
🤣,rolling_on_the_floor_laughing,0.850,0.000,0.000,0.000,0.000,0.050,0.000,0.100,0.70,0.90,0.35,joy,manual
🌹,rose,0.200,0.800,0.000,0.000,0.000,0.000,0.000,0.000,0.80,0.50,0.02,love,manual
😥,sad_but_relieved_face,0.200,0.000,0.600,0.000,0.000,0.000,0.000,0.200,-0.30,0.40,0.05,sadness,manual
🧂,salt,0.000,0.000,0.000,0.500,0.000,0.000,0.300,0.200,-0.40,0.50,0.50,anger,manual
🫡,saluting_face,0.200,0.200,0.000,0.000,0.000,0.000,0.000,0.600,0.30,0.30,0.30,neutral,manual
🙈,see-no-evil_monkey,0.350,0.000,0.000,0.000,0.200,0.250,0.000,0.200,0.00,0.60,0.30,joy,manual
🫨,shaking_face,0.000,0.000,0.000,0.000,0.400,0.500,0.000,0.100,-0.20,0.80,0.10,surprise,manual
🤫,shushing_face,0.200,0.000,0.000,0.000,0.000,0.100,0.000,0.700,0.00,0.30,0.20,neutral,manual
🤘,sign_of_the_horns,0.800,0.000,0.000,0.000,0.000,0.100,0.000,0.100,0.60,0.70,0.05,joy,manual
🤘🏿,sign_of_the_horns_dark_skin_tone,0.800,0.000,0.000,0.000,0.000,0.100,0.000,0.100,0.60,0.70,0.05,joy,manual
🤘🏻,sign_of_the_horns_light_skin_tone,0.800,0.000,0.000,0.000,0.000,0.100,0.000,0.100,0.60,0.70,0.05,joy,manual
🤘🏾,sign_of_the_horns_medium-dark_skin_tone,0.800,0.000,0.000,0.000,0.000,0.100,0.000,0.100,0.60,0.70,0.05,joy,manual
🤘🏼,sign_of_the_horns_medium-light_skin_tone,0.800,0.000,0.000,0.000,0.000,0.100,0.000,0.100,0.60,0.70,0.05,joy,manual
🤘🏽,sign_of_the_horns_medium_skin_tone,0.800,0.000,0.000,0.000,0.000,0.100,0.000,0.100,0.60,0.70,0.05,joy,manual
💀,skull,0.450,0.000,0.100,0.000,0.100,0.150,0.000,0.200,0.10,0.80,0.55,joy,manual
☠️,skull_and_crossbones,0.100,0.000,0.200,0.000,0.500,0.000,0.100,0.100,-0.50,0.70,0.30,fear,manual
😴,sleeping_face,0.000,0.000,0.100,0.000,0.000,0.000,0.000,0.900,-0.10,0.30,0.25,neutral,manual
😪,sleepy_face,0.000,0.000,0.300,0.000,0.000,0.000,0.000,0.700,-0.20,0.30,0.05,neutral,manual
🙁,slightly_frowning_face,0.000,0.000,0.700,0.100,0.000,0.000,0.000,0.200,-0.50,0.40,0.05,sadness,manual
🙂,slightly_smiling_face,0.450,0.100,0.000,0.000,0.000,0.000,0.000,0.450,0.30,0.30,0.35,joy,manual
😻,smiling_cat_with_heart-eyes,0.400,0.600,0.000,0.000,0.000,0.000,0.000,0.000,0.90,0.80,0.03,love,manual
☺️,smiling_face,0.700,0.200,0.000,0.000,0.000,0.000,0.000,0.100,0.65,0.40,0.05,joy,manual
😇,smiling_face_with_halo,0.600,0.100,0.000,0.000,0.000,0.000,0.000,0.300,0.50,0.40,0.30,joy,manual
😍,smiling_face_with_heart-eyes,0.350,0.600,0.000,0.000,0.000,0.050,0.000,0.000,0.90,0.85,0.03,love,manual
🥰,smiling_face_with_hearts,0.400,0.600,0.000,0.000,0.000,0.000,0.000,0.000,0.90,0.80,0.02,love,manual
😈,smiling_face_with_horns,0.500,0.000,0.000,0.200,0.000,0.100,0.000,0.200,0.10,0.60,0.30,joy,manual
🤗,smiling_face_with_open_hands,0.500,0.500,0.000,0.000,0.000,0.000,0.000,0.000,0.80,0.60,0.05,joy,manual
😊,smiling_face_with_smiling_eyes,0.700,0.200,0.000,0.000,0.000,0.000,0.000,0.100,0.70,0.50,0.05,joy,manual
😎,smiling_face_with_sunglasses,0.700,0.000,0.000,0.000,0.000,0.000,0.000,0.300,0.60,0.50,0.25,joy,manual
🥲,smiling_face_with_tear,0.350,0.100,0.450,0.000,0.000,0.000,0.000,0.100,0.00,0.60,0.30,sadness,manual
😏,smirking_face,0.300,0.000,0.000,0.100,0.000,0.100,0.200,0.300,0.10,0.50,0.75,joy,manual
🐍,snake,0.000,0.000,0.000,0.400,0.200,0.000,0.400,0.000,-0.60,0.60,0.20,anger,manual
🤧,sneezing_face,0.000,0.000,0.400,0.000,0.000,0.000,0.000,0.600,-0.30,0.30,0.02,neutral,manual
🆘,sos_button,0.000,0.000,0.200,0.000,0.800,0.000,0.000,0.000,-0.70,0.80,0.05,fear,manual
✨,sparkles,0.700,0.100,0.000,0.000,0.000,0.200,0.000,0.000,0.60,0.50,0.35,joy,manual
💖,sparkling_heart,0.300,0.700,0.000,0.000,0.000,0.000,0.000,0.000,0.90,0.70,0.02,love,manual
🙊,speak-no-evil_monkey,0.400,0.000,0.000,0.000,0.000,0.400,0.000,0.200,0.10,0.50,0.30,joy,manual
😝,squinting_face_with_tongue,0.750,0.000,0.000,0.000,0.000,0.000,0.050,0.200,0.50,0.60,0.30,joy,manual
⭐,star,0.700,0.000,0.000,0.000,0.000,0.000,0.000,0.300,0.60,0.40,0.05,joy,manual
🤩,star-struck,0.600,0.100,0.000,0.000,0.000,0.300,0.000,0.000,0.85,0.90,0.05,joy,manual
☀️,sun,0.800,0.000,0.000,0.000,0.000,0.000,0.000,0.200,0.60,0.40,0.05,joy,manual
💦,sweat_droplets,0.200,0.000,0.000,0.000,0.200,0.100,0.000,0.500,0.00,0.40,0.10,neutral,manual
🍵,teacup_without_handle,0.200,0.000,0.000,0.000,0.000,0.000,0.200,0.600,0.00,0.30,0.45,neutral,manual
🤔,thinking_face,0.000,0.000,0.000,0.100,0.000,0.300,0.000,0.600,-0.10,0.30,0.45,neutral,manual
👎,thumbs_down,0.000,0.000,0.150,0.350,0.000,0.000,0.400,0.100,-0.70,0.60,0.10,disgust,manual
👎🏿,thumbs_down_dark_skin_tone,0.000,0.000,0.150,0.350,0.000,0.000,0.400,0.100,-0.70,0.60,0.10,disgust,manual
👎🏻,thumbs_down_light_skin_tone,0.000,0.000,0.150,0.350,0.000,0.000,0.400,0.100,-0.70,0.60,0.10,disgust,manual
👎🏾,thumbs_down_medium-dark_skin_tone,0.000,0.000,0.150,0.350,0.000,0.000,0.400,0.100,-0.70,0.60,0.10,disgust,manual
👎🏼,thumbs_down_medium-light_skin_tone,0.000,0.000,0.150,0.350,0.000,0.000,0.400,0.100,-0.70,0.60,0.10,disgust,manual
👎🏽,thumbs_down_medium_skin_tone,0.000,0.000,0.150,0.350,0.000,0.000,0.400,0.100,-0.70,0.60,0.10,disgust,manual
👍,thumbs_up,0.600,0.000,0.000,0.000,0.000,0.000,0.000,0.400,0.60,0.40,0.35,joy,manual
👍🏿,thumbs_up_dark_skin_tone,0.600,0.000,0.000,0.000,0.000,0.000,0.000,0.400,0.60,0.40,0.35,joy,manual
👍🏻,thumbs_up_light_skin_tone,0.600,0.000,0.000,0.000,0.000,0.000,0.000,0.400,0.60,0.40,0.35,joy,manual
👍🏾,thumbs_up_medium-dark_skin_tone,0.600,0.000,0.000,0.000,0.000,0.000,0.000,0.400,0.60,0.40,0.35,joy,manual
👍🏼,thumbs_up_medium-light_skin_tone,0.600,0.000,0.000,0.000,0.000,0.000,0.000,0.400,0.60,0.40,0.35,joy,manual
👍🏽,thumbs_up_medium_skin_tone,0.600,0.000,0.000,0.000,0.000,0.000,0.000,0.400,0.60,0.40,0.35,joy,manual
😫,tired_face,0.000,0.000,0.500,0.400,0.100,0.000,0.000,0.000,-0.60,0.70,0.15,sadness,manual
🏆,trophy,0.900,0.000,0.000,0.000,0.000,0.100,0.000,0.000,0.90,0.80,0.05,joy,manual
💕,two_hearts,0.200,0.800,0.000,0.000,0.000,0.000,0.000,0.000,0.85,0.60,0.02,love,manual
😒,unamused_face,0.000,0.000,0.100,0.350,0.000,0.000,0.350,0.200,-0.60,0.50,0.75,anger,manual
🙃,upside-down_face,0.150,0.000,0.150,0.150,0.000,0.100,0.100,0.350,-0.10,0.40,0.85,neutral,manual
✌️,victory_hand,0.700,0.000,0.000,0.000,0.000,0.000,0.000,0.300,0.60,0.40,0.05,joy,manual
✌🏿,victory_hand_dark_skin_tone,0.700,0.000,0.000,0.000,0.000,0.000,0.000,0.300,0.60,0.40,0.05,joy,manual
✌🏻,victory_hand_light_skin_tone,0.700,0.000,0.000,0.000,0.000,0.000,0.000,0.300,0.60,0.40,0.05,joy,manual
✌🏾,victory_hand_medium-dark_skin_tone,0.700,0.000,0.000,0.000,0.000,0.000,0.000,0.300,0.60,0.40,0.05,joy,manual
✌🏼,victory_hand_medium-light_skin_tone,0.700,0.000,0.000,0.000,0.000,0.000,0.000,0.300,0.60,0.40,0.05,joy,manual
✌🏽,victory_hand_medium_skin_tone,0.700,0.000,0.000,0.000,0.000,0.000,0.000,0.300,0.60,0.40,0.05,joy,manual
⚠️,warning,0.000,0.000,0.000,0.000,0.600,0.000,0.000,0.400,-0.40,0.50,0.05,fear,manual
🔫,water_pistol,0.200,0.000,0.000,0.400,0.200,0.000,0.000,0.200,-0.20,0.50,0.20,anger,manual
🌊,water_wave,0.300,0.000,0.000,0.000,0.100,0.000,0.000,0.600,0.10,0.40,0.05,neutral,manual
👋,waving_hand,0.500,0.000,0.000,0.000,0.000,0.000,0.000,0.500,0.30,0.30,0.10,joy,manual
👋🏿,waving_hand_dark_skin_tone,0.500,0.000,0.000,0.000,0.000,0.000,0.000,0.500,0.30,0.30,0.10,joy,manual
👋🏻,waving_hand_light_skin_tone,0.500,0.000,0.000,0.000,0.000,0.000,0.000,0.500,0.30,0.30,0.10,joy,manual
👋🏾,waving_hand_medium-dark_skin_tone,0.500,0.000,0.000,0.000,0.000,0.000,0.000,0.500,0.30,0.30,0.10,joy,manual
👋🏼,waving_hand_medium-light_skin_tone,0.500,0.000,0.000,0.000,0.000,0.000,0.000,0.500,0.30,0.30,0.10,joy,manual
👋🏽,waving_hand_medium_skin_tone,0.500,0.000,0.000,0.000,0.000,0.000,0.000,0.500,0.30,0.30,0.10,joy,manual
🙀,weary_cat,0.000,0.000,0.000,0.000,0.500,0.500,0.000,0.000,-0.40,0.80,0.05,fear,manual
😩,weary_face,0.000,0.000,0.600,0.300,0.100,0.000,0.000,0.000,-0.60,0.70,0.15,sadness,manual
🤍,white_heart,0.250,0.750,0.000,0.000,0.000,0.000,0.000,0.000,0.80,0.50,0.02,love,manual
🥀,wilted_flower,0.000,0.000,0.900,0.000,0.000,0.000,0.000,0.100,-0.70,0.60,0.10,sadness,manual
😉,winking_face,0.600,0.150,0.000,0.000,0.000,0.000,0.000,0.250,0.50,0.40,0.45,joy,manual
😜,winking_face_with_tongue,0.750,0.000,0.000,0.000,0.000,0.000,0.000,0.250,0.55,0.60,0.40,joy,manual
🙇‍♀️,woman_bowing,0.000,0.300,0.300,0.000,0.000,0.000,0.000,0.400,0.00,0.40,0.10,neutral,manual
🙇🏿‍♀️,woman_bowing_dark_skin_tone,0.000,0.300,0.300,0.000,0.000,0.000,0.000,0.400,0.00,0.40,0.10,neutral,manual
🙇🏻‍♀️,woman_bowing_light_skin_tone,0.000,0.300,0.300,0.000,0.000,0.000,0.000,0.400,0.00,0.40,0.10,neutral,manual
🙇🏾‍♀️,woman_bowing_medium-dark_skin_tone,0.000,0.300,0.300,0.000,0.000,0.000,0.000,0.400,0.00,0.40,0.10,neutral,manual
🙇🏼‍♀️,woman_bowing_medium-light_skin_tone,0.000,0.300,0.300,0.000,0.000,0.000,0.000,0.400,0.00,0.40,0.10,neutral,manual
🙇🏽‍♀️,woman_bowing_medium_skin_tone,0.000,0.300,0.300,0.000,0.000,0.000,0.000,0.400,0.00,0.40,0.10,neutral,manual
🤸‍♀️,woman_cartwheeling,0.900,0.000,0.000,0.000,0.000,0.000,0.000,0.100,0.70,0.70,0.05,joy,manual
🤸🏿‍♀️,woman_cartwheeling_dark_skin_tone,0.900,0.000,0.000,0.000,0.000,0.000,0.000,0.100,0.70,0.70,0.05,joy,manual
🤸🏻‍♀️,woman_cartwheeling_light_skin_tone,0.900,0.000,0.000,0.000,0.000,0.000,0.000,0.100,0.70,0.70,0.05,joy,manual
🤸🏾‍♀️,woman_cartwheeling_medium-dark_skin_tone,0.900,0.000,0.000,0.000,0.000,0.000,0.000,0.100,0.70,0.70,0.05,joy,manual
🤸🏼‍♀️,woman_cartwheeling_medium-light_skin_tone,0.900,0.000,0.000,0.000,0.000,0.000,0.000,0.100,0.70,0.70,0.05,joy,manual
🤸🏽‍♀️,woman_cartwheeling_medium_skin_tone,0.900,0.000,0.000,0.000,0.000,0.000,0.000,0.100,0.70,0.70,0.05,joy,manual
💃,woman_dancing,0.900,0.000,0.000,0.000,0.000,0.000,0.000,0.100,0.85,0.80,0.10,joy,manual
💃🏿,woman_dancing_dark_skin_tone,0.900,0.000,0.000,0.000,0.000,0.000,0.000,0.100,0.85,0.80,0.10,joy,manual
💃🏻,woman_dancing_light_skin_tone,0.900,0.000,0.000,0.000,0.000,0.000,0.000,0.100,0.85,0.80,0.10,joy,manual
💃🏾,woman_dancing_medium-dark_skin_tone,0.900,0.000,0.000,0.000,0.000,0.000,0.000,0.100,0.85,0.80,0.10,joy,manual
💃🏼,woman_dancing_medium-light_skin_tone,0.900,0.000,0.000,0.000,0.000,0.000,0.000,0.100,0.85,0.80,0.10,joy,manual
💃🏽,woman_dancing_medium_skin_tone,0.900,0.000,0.000,0.000,0.000,0.000,0.000,0.100,0.85,0.80,0.10,joy,manual
🤦‍♀️,woman_facepalming,0.000,0.000,0.200,0.300,0.000,0.000,0.300,0.200,-0.50,0.60,0.70,anger,manual
🤦🏿‍♀️,woman_facepalming_dark_skin_tone,0.000,0.000,0.200,0.300,0.000,0.000,0.300,0.200,-0.50,0.60,0.70,anger,manual
🤦🏻‍♀️,woman_facepalming_light_skin_tone,0.000,0.000,0.200,0.300,0.000,0.000,0.300,0.200,-0.50,0.60,0.70,anger,manual
🤦🏾‍♀️,woman_facepalming_medium-dark_skin_tone,0.000,0.000,0.200,0.300,0.000,0.000,0.300,0.200,-0.50,0.60,0.70,anger,manual
🤦🏼‍♀️,woman_facepalming_medium-light_skin_tone,0.000,0.000,0.200,0.300,0.000,0.000,0.300,0.200,-0.50,0.60,0.70,anger,manual
🤦🏽‍♀️,woman_facepalming_medium_skin_tone,0.000,0.000,0.200,0.300,0.000,0.000,0.300,0.200,-0.50,0.60,0.70,anger,manual
🙍‍♀️,woman_frowning,0.000,0.000,0.700,0.200,0.000,0.000,0.000,0.100,-0.60,0.50,0.05,sadness,manual
🙍🏿‍♀️,woman_frowning_dark_skin_tone,0.000,0.000,0.700,0.200,0.000,0.000,0.000,0.100,-0.60,0.50,0.05,sadness,manual
🙍🏻‍♀️,woman_frowning_light_skin_tone,0.000,0.000,0.700,0.200,0.000,0.000,0.000,0.100,-0.60,0.50,0.05,sadness,manual
🙍🏾‍♀️,woman_frowning_medium-dark_skin_tone,0.000,0.000,0.700,0.200,0.000,0.000,0.000,0.100,-0.60,0.50,0.05,sadness,manual
🙍🏼‍♀️,woman_frowning_medium-light_skin_tone,0.000,0.000,0.700,0.200,0.000,0.000,0.000,0.100,-0.60,0.50,0.05,sadness,manual
🙍🏽‍♀️,woman_frowning_medium_skin_tone,0.000,0.000,0.700,0.200,0.000,0.000,0.000,0.100,-0.60,0.50,0.05,sadness,manual
🙅‍♀️,woman_gesturing_no,0.000,0.000,0.000,0.400,0.000,0.000,0.300,0.300,-0.50,0.50,0.10,anger,manual
🙅🏿‍♀️,woman_gesturing_no_dark_skin_tone,0.000,0.000,0.000,0.400,0.000,0.000,0.300,0.300,-0.50,0.50,0.10,anger,manual
🙅🏻‍♀️,woman_gesturing_no_light_skin_tone,0.000,0.000,0.000,0.400,0.000,0.000,0.300,0.300,-0.50,0.50,0.10,anger,manual
🙅🏾‍♀️,woman_gesturing_no_medium-dark_skin_tone,0.000,0.000,0.000,0.400,0.000,0.000,0.300,0.300,-0.50,0.50,0.10,anger,manual
🙅🏼‍♀️,woman_gesturing_no_medium-light_skin_tone,0.000,0.000,0.000,0.400,0.000,0.000,0.300,0.300,-0.50,0.50,0.10,anger,manual
🙅🏽‍♀️,woman_gesturing_no_medium_skin_tone,0.000,0.000,0.000,0.400,0.000,0.000,0.300,0.300,-0.50,0.50,0.10,anger,manual
🙆‍♀️,woman_gesturing_ok,0.600,0.000,0.000,0.000,0.000,0.000,0.000,0.400,0.50,0.40,0.10,joy,manual
🙆🏿‍♀️,woman_gesturing_ok_dark_skin_tone,0.600,0.000,0.000,0.000,0.000,0.000,0.000,0.400,0.50,0.40,0.10,joy,manual
🙆🏻‍♀️,woman_gesturing_ok_light_skin_tone,0.600,0.000,0.000,0.000,0.000,0.000,0.000,0.400,0.50,0.40,0.10,joy,manual
🙆🏾‍♀️,woman_gesturing_ok_medium-dark_skin_tone,0.600,0.000,0.000,0.000,0.000,0.000,0.000,0.400,0.50,0.40,0.10,joy,manual
🙆🏼‍♀️,woman_gesturing_ok_medium-light_skin_tone,0.600,0.000,0.000,0.000,0.000,0.000,0.000,0.400,0.50,0.40,0.10,joy,manual
🙆🏽‍♀️,woman_gesturing_ok_medium_skin_tone,0.600,0.000,0.000,0.000,0.000,0.000,0.000,0.400,0.50,0.40,0.10,joy,manual
🙎‍♀️,woman_pouting,0.000,0.000,0.200,0.700,0.000,0.000,0.100,0.000,-0.60,0.50,0.05,anger,manual
🙎🏿‍♀️,woman_pouting_dark_skin_tone,0.000,0.000,0.200,0.700,0.000,0.000,0.100,0.000,-0.60,0.50,0.05,anger,manual
🙎🏻‍♀️,woman_pouting_light_skin_tone,0.000,0.000,0.200,0.700,0.000,0.000,0.100,0.000,-0.60,0.50,0.05,anger,manual
🙎🏾‍♀️,woman_pouting_medium-dark_skin_tone,0.000,0.000,0.200,0.700,0.000,0.000,0.100,0.000,-0.60,0.50,0.05,anger,manual
🙎🏼‍♀️,woman_pouting_medium-light_skin_tone,0.000,0.000,0.200,0.700,0.000,0.000,0.100,0.000,-0.60,0.50,0.05,anger,manual
🙎🏽‍♀️,woman_pouting_medium_skin_tone,0.000,0.000,0.200,0.700,0.000,0.000,0.100,0.000,-0.60,0.50,0.05,anger,manual
🙋‍♀️,woman_raising_hand,0.600,0.000,0.000,0.000,0.000,0.000,0.000,0.400,0.40,0.40,0.05,joy,manual
🙋🏿‍♀️,woman_raising_hand_dark_skin_tone,0.600,0.000,0.000,0.000,0.000,0.000,0.000,0.400,0.40,0.40,0.05,joy,manual
🙋🏻‍♀️,woman_raising_hand_light_skin_tone,0.600,0.000,0.000,0.000,0.000,0.000,0.000,0.400,0.40,0.40,0.05,joy,manual
🙋🏾‍♀️,woman_raising_hand_medium-dark_skin_tone,0.600,0.000,0.000,0.000,0.000,0.000,0.000,0.400,0.40,0.40,0.05,joy,manual
🙋🏼‍♀️,woman_raising_hand_medium-light_skin_tone,0.600,0.000,0.000,0.000,0.000,0.000,0.000,0.400,0.40,0.40,0.05,joy,manual
🙋🏽‍♀️,woman_raising_hand_medium_skin_tone,0.600,0.000,0.000,0.000,0.000,0.000,0.000,0.400,0.40,0.40,0.05,joy,manual
🤷‍♀️,woman_shrugging,0.000,0.000,0.100,0.000,0.000,0.200,0.000,0.700,-0.10,0.30,0.60,neutral,manual
🤷🏿‍♀️,woman_shrugging_dark_skin_tone,0.000,0.000,0.100,0.000,0.000,0.200,0.000,0.700,-0.10,0.30,0.60,neutral,manual
🤷🏻‍♀️,woman_shrugging_light_skin_tone,0.000,0.000,0.100,0.000,0.000,0.200,0.000,0.700,-0.10,0.30,0.60,neutral,manual
🤷🏾‍♀️,woman_shrugging_medium-dark_skin_tone,0.000,0.000,0.100,0.000,0.000,0.200,0.000,0.700,-0.10,0.30,0.60,neutral,manual
🤷🏼‍♀️,woman_shrugging_medium-light_skin_tone,0.000,0.000,0.100,0.000,0.000,0.200,0.000,0.700,-0.10,0.30,0.60,neutral,manual
🤷🏽‍♀️,woman_shrugging_medium_skin_tone,0.000,0.000,0.100,0.000,0.000,0.200,0.000,0.700,-0.10,0.30,0.60,neutral,manual
💁‍♀️,woman_tipping_hand,0.300,0.000,0.000,0.000,0.000,0.000,0.200,0.500,0.10,0.40,0.50,neutral,manual
💁🏿‍♀️,woman_tipping_hand_dark_skin_tone,0.300,0.000,0.000,0.000,0.000,0.000,0.200,0.500,0.10,0.40,0.50,neutral,manual
💁🏻‍♀️,woman_tipping_hand_light_skin_tone,0.300,0.000,0.000,0.000,0.000,0.000,0.200,0.500,0.10,0.40,0.50,neutral,manual
💁🏾‍♀️,woman_tipping_hand_medium-dark_skin_tone,0.300,0.000,0.000,0.000,0.000,0.000,0.200,0.500,0.10,0.40,0.50,neutral,manual
💁🏼‍♀️,woman_tipping_hand_medium-light_skin_tone,0.300,0.000,0.000,0.000,0.000,0.000,0.200,0.500,0.10,0.40,0.50,neutral,manual
💁🏽‍♀️,woman_tipping_hand_medium_skin_tone,0.300,0.000,0.000,0.000,0.000,0.000,0.200,0.500,0.10,0.40,0.50,neutral,manual
👯‍♀️,women_with_bunny_ears,0.800,0.200,0.000,0.000,0.000,0.000,0.000,0.000,0.70,0.60,0.05,joy,manual
👯🏿‍♀️,women_with_bunny_ears_dark_skin_tone,0.800,0.200,0.000,0.000,0.000,0.000,0.000,0.000,0.70,0.60,0.05,joy,manual
👯🏻‍♀️,women_with_bunny_ears_light_skin_tone,0.800,0.200,0.000,0.000,0.000,0.000,0.000,0.000,0.70,0.60,0.05,joy,manual
👯🏾‍♀️,women_with_bunny_ears_medium-dark_skin_tone,0.800,0.200,0.000,0.000,0.000,0.000,0.000,0.000,0.70,0.60,0.05,joy,manual
👯🏼‍♀️,women_with_bunny_ears_medium-light_skin_tone,0.800,0.200,0.000,0.000,0.000,0.000,0.000,0.000,0.70,0.60,0.05,joy,manual
👯🏽‍♀️,women_with_bunny_ears_medium_skin_tone,0.800,0.200,0.000,0.000,0.000,0.000,0.000,0.000,0.70,0.60,0.05,joy,manual
🥴,woozy_face,0.200,0.000,0.200,0.000,0.000,0.200,0.000,0.400,-0.10,0.50,0.20,neutral,manual
😟,worried_face,0.000,0.000,0.400,0.000,0.600,0.000,0.000,0.000,-0.50,0.50,0.05,fear,manual
🎁,wrapped_gift,0.700,0.200,0.000,0.000,0.000,0.100,0.000,0.000,0.75,0.60,0.02,joy,manual
🥱,yawning_face,0.000,0.000,0.200,0.000,0.000,0.000,0.000,0.800,-0.20,0.30,0.50,neutral,manual
💛,yellow_heart,0.250,0.750,0.000,0.000,0.000,0.000,0.000,0.000,0.80,0.50,0.02,love,manual
🤪,zany_face,0.700,0.000,0.000,0.000,0.000,0.150,0.000,0.150,0.50,0.80,0.45,joy,manual
🤐,zipper-mouth_face,0.000,0.000,0.000,0.000,0.200,0.000,0.000,0.800,-0.10,0.30,0.15,neutral,manual
💤,zzz,0.000,0.000,0.200,0.000,0.000,0.000,0.000,0.800,-0.20,0.30,0.50,neutral,manual
🥈,2nd_place_medal,0.900,0.000,0.000,0.000,0.000,0.100,0.000,0.000,0.80,0.70,0.00,joy,derived
🥉,3rd_place_medal,0.900,0.000,0.000,0.000,0.000,0.100,0.000,0.000,0.80,0.70,0.00,joy,derived
🏴,black_flag,0.000,0.000,0.000,0.000,0.000,0.000,0.000,1.000,0.00,0.00,0.00,neutral,derived
🏁,chequered_flag,0.000,0.000,0.000,0.000,0.000,0.000,0.000,1.000,0.00,0.00,0.00,neutral,derived
📪,closed_mailbox_with_lowered_flag,0.000,0.000,0.000,0.000,0.000,0.000,0.000,1.000,0.00,0.00,0.00,neutral,derived
📫,closed_mailbox_with_raised_flag,0.000,0.000,0.000,0.000,0.000,0.000,0.000,1.000,0.00,0.00,0.00,neutral,derived
👨‍❤️‍👨,couple_with_heart_man_man,0.300,0.700,0.000,0.000,0.000,0.000,0.000,0.000,0.70,0.50,0.00,love,derived
👨🏿‍❤️‍👨🏿,couple_with_heart_man_man_dark_skin_tone,0.300,0.700,0.000,0.000,0.000,0.000,0.000,0.000,0.70,0.50,0.00,love,derived
👨🏿‍❤️‍👨🏻,couple_with_heart_man_man_dark_skin_tone_light_skin_tone,0.300,0.700,0.000,0.000,0.000,0.000,0.000,0.000,0.70,0.50,0.00,love,derived
👨🏿‍❤️‍👨🏾,couple_with_heart_man_man_dark_skin_tone_medium-dark_skin_tone,0.300,0.700,0.000,0.000,0.000,0.000,0.000,0.000,0.70,0.50,0.00,love,derived
👨🏿‍❤️‍👨🏼,couple_with_heart_man_man_dark_skin_tone_medium-light_skin_tone,0.300,0.700,0.000,0.000,0.000,0.000,0.000,0.000,0.70,0.50,0.00,love,derived
👨🏿‍❤️‍👨🏽,couple_with_heart_man_man_dark_skin_tone_medium_skin_tone,0.300,0.700,0.000,0.000,0.000,0.000,0.000,0.000,0.70,0.50,0.00,love,derived
👨🏻‍❤️‍👨🏻,couple_with_heart_man_man_light_skin_tone,0.300,0.700,0.000,0.000,0.000,0.000,0.000,0.000,0.70,0.50,0.00,love,derived
👨🏻‍❤️‍👨🏿,couple_with_heart_man_man_light_skin_tone_dark_skin_tone,0.300,0.700,0.000,0.000,0.000,0.000,0.000,0.000,0.70,0.50,0.00,love,derived
👨🏻‍❤️‍👨🏾,couple_with_heart_man_man_light_skin_tone_medium-dark_skin_tone,0.300,0.700,0.000,0.000,0.000,0.000,0.000,0.000,0.70,0.50,0.00,love,derived
👨🏻‍❤️‍👨🏼,couple_with_heart_man_man_light_skin_tone_medium-light_skin_tone,0.300,0.700,0.000,0.000,0.000,0.000,0.000,0.000,0.70,0.50,0.00,love,derived
👨🏻‍❤️‍👨🏽,couple_with_heart_man_man_light_skin_tone_medium_skin_tone,0.300,0.700,0.000,0.000,0.000,0.000,0.000,0.000,0.70,0.50,0.00,love,derived
👨🏾‍❤️‍👨🏾,couple_with_heart_man_man_medium-dark_skin_tone,0.300,0.700,0.000,0.000,0.000,0.000,0.000,0.000,0.70,0.50,0.00,love,derived
👨🏾‍❤️‍👨🏿,couple_with_heart_man_man_medium-dark_skin_tone_dark_skin_tone,0.300,0.700,0.000,0.000,0.000,0.000,0.000,0.000,0.70,0.50,0.00,love,derived
👨🏾‍❤️‍👨🏻,couple_with_heart_man_man_medium-dark_skin_tone_light_skin_tone,0.300,0.700,0.000,0.000,0.000,0.000,0.000,0.000,0.70,0.50,0.00,love,derived
👨🏾‍❤️‍👨🏼,couple_with_heart_man_man_medium-dark_skin_tone_medium-light_skin_tone,0.300,0.700,0.000,0.000,0.000,0.000,0.000,0.000,0.70,0.50,0.00,love,derived
👨🏾‍❤️‍👨🏽,couple_with_heart_man_man_medium-dark_skin_tone_medium_skin_tone,0.300,0.700,0.000,0.000,0.000,0.000,0.000,0.000,0.70,0.50,0.00,love,derived
👨🏼‍❤️‍👨🏼,couple_with_heart_man_man_medium-light_skin_tone,0.300,0.700,0.000,0.000,0.000,0.000,0.000,0.000,0.70,0.50,0.00,love,derived
👨🏼‍❤️‍👨🏿,couple_with_heart_man_man_medium-light_skin_tone_dark_skin_tone,0.300,0.700,0.000,0.000,0.000,0.000,0.000,0.000,0.70,0.50,0.00,love,derived
👨🏼‍❤️‍👨🏻,couple_with_heart_man_man_medium-light_skin_tone_light_skin_tone,0.300,0.700,0.000,0.000,0.000,0.000,0.000,0.000,0.70,0.50,0.00,love,derived
👨🏼‍❤️‍👨🏾,couple_with_heart_man_man_medium-light_skin_tone_medium-dark_skin_tone,0.300,0.700,0.000,0.000,0.000,0.000,0.000,0.000,0.70,0.50,0.00,love,derived
👨🏼‍❤️‍👨🏽,couple_with_heart_man_man_medium-light_skin_tone_medium_skin_tone,0.300,0.700,0.000,0.000,0.000,0.000,0.000,0.000,0.70,0.50,0.00,love,derived
👨🏽‍❤️‍👨🏽,couple_with_heart_man_man_medium_skin_tone,0.300,0.700,0.000,0.000,0.000,0.000,0.000,0.000,0.70,0.50,0.00,love,derived
👨🏽‍❤️‍👨🏿,couple_with_heart_man_man_medium_skin_tone_dark_skin_tone,0.300,0.700,0.000,0.000,0.000,0.000,0.000,0.000,0.70,0.50,0.00,love,derived
👨🏽‍❤️‍👨🏻,couple_with_heart_man_man_medium_skin_tone_light_skin_tone,0.300,0.700,0.000,0.000,0.000,0.000,0.000,0.000,0.70,0.50,0.00,love,derived
👨🏽‍❤️‍👨🏾,couple_with_heart_man_man_medium_skin_tone_medium-dark_skin_tone,0.300,0.700,0.000,0.000,0.000,0.000,0.000,0.000,0.70,0.50,0.00,love,derived
👨🏽‍❤️‍👨🏼,couple_with_heart_man_man_medium_skin_tone_medium-light_skin_tone,0.300,0.700,0.000,0.000,0.000,0.000,0.000,0.000,0.70,0.50,0.00,love,derived
🧑🏿‍❤️‍🧑🏻,couple_with_heart_person_person_dark_skin_tone_light_skin_tone,0.300,0.700,0.000,0.000,0.000,0.000,0.000,0.000,0.70,0.50,0.00,love,derived
🧑🏿‍❤️‍🧑🏾,couple_with_heart_person_person_dark_skin_tone_medium-dark_skin_tone,0.300,0.700,0.000,0.000,0.000,0.000,0.000,0.000,0.70,0.50,0.00,love,derived
🧑🏿‍❤️‍🧑🏼,couple_with_heart_person_person_dark_skin_tone_medium-light_skin_tone,0.300,0.700,0.000,0.000,0.000,0.000,0.000,0.000,0.70,0.50,0.00,love,derived
🧑🏿‍❤️‍🧑🏽,couple_with_heart_person_person_dark_skin_tone_medium_skin_tone,0.300,0.700,0.000,0.000,0.000,0.000,0.000,0.000,0.70,0.50,0.00,love,derived
🧑🏻‍❤️‍🧑🏿,couple_with_heart_person_person_light_skin_tone_dark_skin_tone,0.300,0.700,0.000,0.000,0.000,0.000,0.000,0.000,0.70,0.50,0.00,love,derived
🧑🏻‍❤️‍🧑🏾,couple_with_heart_person_person_light_skin_tone_medium-dark_skin_tone,0.300,0.700,0.000,0.000,0.000,0.000,0.000,0.000,0.70,0.50,0.00,love,derived
🧑🏻‍❤️‍🧑🏼,couple_with_heart_person_person_light_skin_tone_medium-light_skin_tone,0.300,0.700,0.000,0.000,0.000,0.000,0.000,0.000,0.70,0.50,0.00,love,derived
🧑🏻‍❤️‍🧑🏽,couple_with_heart_person_person_light_skin_tone_medium_skin_tone,0.300,0.700,0.000,0.000,0.000,0.000,0.000,0.000,0.70,0.50,0.00,love,derived
🧑🏾‍❤️‍🧑🏿,couple_with_heart_person_person_medium-dark_skin_tone_dark_skin_tone,0.300,0.700,0.000,0.000,0.000,0.000,0.000,0.000,0.70,0.50,0.00,love,derived
🧑🏾‍❤️‍🧑🏻,couple_with_heart_person_person_medium-dark_skin_tone_light_skin_tone,0.300,0.700,0.000,0.000,0.000,0.000,0.000,0.000,0.70,0.50,0.00,love,derived
🧑🏾‍❤️‍🧑🏼,couple_with_heart_person_person_medium-dark_skin_tone_medium-light_skin_tone,0.300,0.700,0.000,0.000,0.000,0.000,0.000,0.000,0.70,0.50,0.00,love,derived
🧑🏾‍❤️‍🧑🏽,couple_with_heart_person_person_medium-dark_skin_tone_medium_skin_tone,0.300,0.700,0.000,0.000,0.000,0.000,0.000,0.000,0.70,0.50,0.00,love,derived
🧑🏼‍❤️‍🧑🏿,couple_with_heart_person_person_medium-light_skin_tone_dark_skin_tone,0.300,0.700,0.000,0.000,0.000,0.000,0.000,0.000,0.70,0.50,0.00,love,derived
🧑🏼‍❤️‍🧑🏻,couple_with_heart_person_person_medium-light_skin_tone_light_skin_tone,0.300,0.700,0.000,0.000,0.000,0.000,0.000,0.000,0.70,0.50,0.00,love,derived
🧑🏼‍❤️‍🧑🏾,couple_with_heart_person_person_medium-light_skin_tone_medium-dark_skin_tone,0.300,0.700,0.000,0.000,0.000,0.000,0.000,0.000,0.70,0.50,0.00,love,derived
🧑🏼‍❤️‍🧑🏽,couple_with_heart_person_person_medium-light_skin_tone_medium_skin_tone,0.300,0.700,0.000,0.000,0.000,0.000,0.000,0.000,0.70,0.50,0.00,love,derived
🧑🏽‍❤️‍🧑🏿,couple_with_heart_person_person_medium_skin_tone_dark_skin_tone,0.300,0.700,0.000,0.000,0.000,0.000,0.000,0.000,0.70,0.50,0.00,love,derived
🧑🏽‍❤️‍🧑🏻,couple_with_heart_person_person_medium_skin_tone_light_skin_tone,0.300,0.700,0.000,0.000,0.000,0.000,0.000,0.000,0.70,0.50,0.00,love,derived
🧑🏽‍❤️‍🧑🏾,couple_with_heart_person_person_medium_skin_tone_medium-dark_skin_tone,0.300,0.700,0.000,0.000,0.000,0.000,0.000,0.000,0.70,0.50,0.00,love,derived
🧑🏽‍❤️‍🧑🏼,couple_with_heart_person_person_medium_skin_tone_medium-light_skin_tone,0.300,0.700,0.000,0.000,0.000,0.000,0.000,0.000,0.70,0.50,0.00,love,derived
👩‍❤️‍👨,couple_with_heart_woman_man,0.300,0.700,0.000,0.000,0.000,0.000,0.000,0.000,0.70,0.50,0.00,love,derived
👩🏿‍❤️‍👨🏿,couple_with_heart_woman_man_dark_skin_tone,0.300,0.700,0.000,0.000,0.000,0.000,0.000,0.000,0.70,0.50,0.00,love,derived
👩🏿‍❤️‍👨🏻,couple_with_heart_woman_man_dark_skin_tone_light_skin_tone,0.300,0.700,0.000,0.000,0.000,0.000,0.000,0.000,0.70,0.50,0.00,love,derived
👩🏿‍❤️‍👨🏾,couple_with_heart_woman_man_dark_skin_tone_medium-dark_skin_tone,0.300,0.700,0.000,0.000,0.000,0.000,0.000,0.000,0.70,0.50,0.00,love,derived
👩🏿‍❤️‍👨🏼,couple_with_heart_woman_man_dark_skin_tone_medium-light_skin_tone,0.300,0.700,0.000,0.000,0.000,0.000,0.000,0.000,0.70,0.50,0.00,love,derived
👩🏿‍❤️‍👨🏽,couple_with_heart_woman_man_dark_skin_tone_medium_skin_tone,0.300,0.700,0.000,0.000,0.000,0.000,0.000,0.000,0.70,0.50,0.00,love,derived
👩🏻‍❤️‍👨🏻,couple_with_heart_woman_man_light_skin_tone,0.300,0.700,0.000,0.000,0.000,0.000,0.000,0.000,0.70,0.50,0.00,love,derived
👩🏻‍❤️‍👨🏿,couple_with_heart_woman_man_light_skin_tone_dark_skin_tone,0.300,0.700,0.000,0.000,0.000,0.000,0.000,0.000,0.70,0.50,0.00,love,derived
👩🏻‍❤️‍👨🏾,couple_with_heart_woman_man_light_skin_tone_medium-dark_skin_tone,0.300,0.700,0.000,0.000,0.000,0.000,0.000,0.000,0.70,0.50,0.00,love,derived
👩🏻‍❤️‍👨🏼,couple_with_heart_woman_man_light_skin_tone_medium-light_skin_tone,0.300,0.700,0.000,0.000,0.000,0.000,0.000,0.000,0.70,0.50,0.00,love,derived
👩🏻‍❤️‍👨🏽,couple_with_heart_woman_man_light_skin_tone_medium_skin_tone,0.300,0.700,0.000,0.000,0.000,0.000,0.000,0.000,0.70,0.50,0.00,love,derived
👩🏾‍❤️‍👨🏾,couple_with_heart_woman_man_medium-dark_skin_tone,0.300,0.700,0.000,0.000,0.000,0.000,0.000,0.000,0.70,0.50,0.00,love,derived
👩🏾‍❤️‍👨🏿,couple_with_heart_woman_man_medium-dark_skin_tone_dark_skin_tone,0.300,0.700,0.000,0.000,0.000,0.000,0.000,0.000,0.70,0.50,0.00,love,derived
👩🏾‍❤️‍👨🏻,couple_with_heart_woman_man_medium-dark_skin_tone_light_skin_tone,0.300,0.700,0.000,0.000,0.000,0.000,0.000,0.000,0.70,0.50,0.00,love,derived
👩🏾‍❤️‍👨🏼,couple_with_heart_woman_man_medium-dark_skin_tone_medium-light_skin_tone,0.300,0.700,0.000,0.000,0.000,0.000,0.000,0.000,0.70,0.50,0.00,love,derived
👩🏾‍❤️‍👨🏽,couple_with_heart_woman_man_medium-dark_skin_tone_medium_skin_tone,0.300,0.700,0.000,0.000,0.000,0.000,0.000,0.000,0.70,0.50,0.00,love,derived
👩🏼‍❤️‍👨🏼,couple_with_heart_woman_man_medium-light_skin_tone,0.300,0.700,0.000,0.000,0.000,0.000,0.000,0.000,0.70,0.50,0.00,love,derived
👩🏼‍❤️‍👨🏿,couple_with_heart_woman_man_medium-light_skin_tone_dark_skin_tone,0.300,0.700,0.000,0.000,0.000,0.000,0.000,0.000,0.70,0.50,0.00,love,derived
👩🏼‍❤️‍👨🏻,couple_with_heart_woman_man_medium-light_skin_tone_light_skin_tone,0.300,0.700,0.000,0.000,0.000,0.000,0.000,0.000,0.70,0.50,0.00,love,derived
👩🏼‍❤️‍👨🏾,couple_with_heart_woman_man_medium-light_skin_tone_medium-dark_skin_tone,0.300,0.700,0.000,0.000,0.000,0.000,0.000,0.000,0.70,0.50,0.00,love,derived
👩🏼‍❤️‍👨🏽,couple_with_heart_woman_man_medium-light_skin_tone_medium_skin_tone,0.300,0.700,0.000,0.000,0.000,0.000,0.000,0.000,0.70,0.50,0.00,love,derived
👩🏽‍❤️‍👨🏽,couple_with_heart_woman_man_medium_skin_tone,0.300,0.700,0.000,0.000,0.000,0.000,0.000,0.000,0.70,0.50,0.00,love,derived
👩🏽‍❤️‍👨🏿,couple_with_heart_woman_man_medium_skin_tone_dark_skin_tone,0.300,0.700,0.000,0.000,0.000,0.000,0.000,0.000,0.70,0.50,0.00,love,derived
👩🏽‍❤️‍👨🏻,couple_with_heart_woman_man_medium_skin_tone_light_skin_tone,0.300,0.700,0.000,0.000,0.000,0.000,0.000,0.000,0.70,0.50,0.00,love,derived
👩🏽‍❤️‍👨🏾,couple_with_heart_woman_man_medium_skin_tone_medium-dark_skin_tone,0.300,0.700,0.000,0.000,0.000,0.000,0.000,0.000,0.70,0.50,0.00,love,derived
👩🏽‍❤️‍👨🏼,couple_with_heart_woman_man_medium_skin_tone_medium-light_skin_tone,0.300,0.700,0.000,0.000,0.000,0.000,0.000,0.000,0.70,0.50,0.00,love,derived
👩‍❤️‍👩,couple_with_heart_woman_woman,0.300,0.700,0.000,0.000,0.000,0.000,0.000,0.000,0.70,0.50,0.00,love,derived
👩🏿‍❤️‍👩🏿,couple_with_heart_woman_woman_dark_skin_tone,0.300,0.700,0.000,0.000,0.000,0.000,0.000,0.000,0.70,0.50,0.00,love,derived
👩🏿‍❤️‍👩🏻,couple_with_heart_woman_woman_dark_skin_tone_light_skin_tone,0.300,0.700,0.000,0.000,0.000,0.000,0.000,0.000,0.70,0.50,0.00,love,derived
👩🏿‍❤️‍👩🏾,couple_with_heart_woman_woman_dark_skin_tone_medium-dark_skin_tone,0.300,0.700,0.000,0.000,0.000,0.000,0.000,0.000,0.70,0.50,0.00,love,derived
👩🏿‍❤️‍👩🏼,couple_with_heart_woman_woman_dark_skin_tone_medium-light_skin_tone,0.300,0.700,0.000,0.000,0.000,0.000,0.000,0.000,0.70,0.50,0.00,love,derived
👩🏿‍❤️‍👩🏽,couple_with_heart_woman_woman_dark_skin_tone_medium_skin_tone,0.300,0.700,0.000,0.000,0.000,0.000,0.000,0.000,0.70,0.50,0.00,love,derived
👩🏻‍❤️‍👩🏻,couple_with_heart_woman_woman_light_skin_tone,0.300,0.700,0.000,0.000,0.000,0.000,0.000,0.000,0.70,0.50,0.00,love,derived
👩🏻‍❤️‍👩🏿,couple_with_heart_woman_woman_light_skin_tone_dark_skin_tone,0.300,0.700,0.000,0.000,0.000,0.000,0.000,0.000,0.70,0.50,0.00,love,derived
👩🏻‍❤️‍👩🏾,couple_with_heart_woman_woman_light_skin_tone_medium-dark_skin_tone,0.300,0.700,0.000,0.000,0.000,0.000,0.000,0.000,0.70,0.50,0.00,love,derived
👩🏻‍❤️‍👩🏼,couple_with_heart_woman_woman_light_skin_tone_medium-light_skin_tone,0.300,0.700,0.000,0.000,0.000,0.000,0.000,0.000,0.70,0.50,0.00,love,derived
👩🏻‍❤️‍👩🏽,couple_with_heart_woman_woman_light_skin_tone_medium_skin_tone,0.300,0.700,0.000,0.000,0.000,0.000,0.000,0.000,0.70,0.50,0.00,love,derived
👩🏾‍❤️‍👩🏾,couple_with_heart_woman_woman_medium-dark_skin_tone,0.300,0.700,0.000,0.000,0.000,0.000,0.000,0.000,0.70,0.50,0.00,love,derived
👩🏾‍❤️‍👩🏿,couple_with_heart_woman_woman_medium-dark_skin_tone_dark_skin_tone,0.300,0.700,0.000,0.000,0.000,0.000,0.000,0.000,0.70,0.50,0.00,love,derived
👩🏾‍❤️‍👩🏻,couple_with_heart_woman_woman_medium-dark_skin_tone_light_skin_tone,0.300,0.700,0.000,0.000,0.000,0.000,0.000,0.000,0.70,0.50,0.00,love,derived
👩🏾‍❤️‍👩🏼,couple_with_heart_woman_woman_medium-dark_skin_tone_medium-light_skin_tone,0.300,0.700,0.000,0.000,0.000,0.000,0.000,0.000,0.70,0.50,0.00,love,derived
👩🏾‍❤️‍👩🏽,couple_with_heart_woman_woman_medium-dark_skin_tone_medium_skin_tone,0.300,0.700,0.000,0.000,0.000,0.000,0.000,0.000,0.70,0.50,0.00,love,derived
👩🏼‍❤️‍👩🏼,couple_with_heart_woman_woman_medium-light_skin_tone,0.300,0.700,0.000,0.000,0.000,0.000,0.000,0.000,0.70,0.50,0.00,love,derived
👩🏼‍❤️‍👩🏿,couple_with_heart_woman_woman_medium-light_skin_tone_dark_skin_tone,0.300,0.700,0.000,0.000,0.000,0.000,0.000,0.000,0.70,0.50,0.00,love,derived
👩🏼‍❤️‍👩🏻,couple_with_heart_woman_woman_medium-light_skin_tone_light_skin_tone,0.300,0.700,0.000,0.000,0.000,0.000,0.000,0.000,0.70,0.50,0.00,love,derived
👩🏼‍❤️‍👩🏾,couple_with_heart_woman_woman_medium-light_skin_tone_medium-dark_skin_tone,0.300,0.700,0.000,0.000,0.000,0.000,0.000,0.000,0.70,0.50,0.00,love,derived
👩🏼‍❤️‍👩🏽,couple_with_heart_woman_woman_medium-light_skin_tone_medium_skin_tone,0.300,0.700,0.000,0.000,0.000,0.000,0.000,0.000,0.70,0.50,0.00,love,derived
👩🏽‍❤️‍👩🏽,couple_with_heart_woman_woman_medium_skin_tone,0.300,0.700,0.000,0.000,0.000,0.000,0.000,0.000,0.70,0.50,0.00,love,derived
👩🏽‍❤️‍👩🏿,couple_with_heart_woman_woman_medium_skin_tone_dark_skin_tone,0.300,0.700,0.000,0.000,0.000,0.000,0.000,0.000,0.70,0.50,0.00,love,derived
👩🏽‍❤️‍👩🏻,couple_with_heart_woman_woman_medium_skin_tone_light_skin_tone,0.300,0.700,0.000,0.000,0.000,0.000,0.000,0.000,0.70,0.50,0.00,love,derived
👩🏽‍❤️‍👩🏾,couple_with_heart_woman_woman_medium_skin_tone_medium-dark_skin_tone,0.300,0.700,0.000,0.000,0.000,0.000,0.000,0.000,0.70,0.50,0.00,love,derived
👩🏽‍❤️‍👩🏼,couple_with_heart_woman_woman_medium_skin_tone_medium-light_skin_tone,0.300,0.700,0.000,0.000,0.000,0.000,0.000,0.000,0.70,0.50,0.00,love,derived
🎌,crossed_flags,0.000,0.000,0.000,0.000,0.000,0.000,0.000,1.000,0.00,0.00,0.00,neutral,derived
🎆,fireworks,0.900,0.000,0.000,0.000,0.000,0.100,0.000,0.000,0.80,0.70,0.00,joy,derived
⛳,flag_in_hole,0.000,0.000,0.000,0.000,0.000,0.000,0.000,1.000,0.00,0.00,0.00,neutral,derived
♥️,heart_suit,0.300,0.700,0.000,0.000,0.000,0.000,0.000,0.000,0.70,0.50,0.00,love,derived
👨‍❤️‍💋‍👨,kiss_man_man,0.300,0.700,0.000,0.000,0.000,0.000,0.000,0.000,0.70,0.50,0.00,love,derived
👨🏿‍❤️‍💋‍👨🏿,kiss_man_man_dark_skin_tone,0.300,0.700,0.000,0.000,0.000,0.000,0.000,0.000,0.70,0.50,0.00,love,derived
👨🏿‍❤️‍💋‍👨🏻,kiss_man_man_dark_skin_tone_light_skin_tone,0.300,0.700,0.000,0.000,0.000,0.000,0.000,0.000,0.70,0.50,0.00,love,derived
👨🏿‍❤️‍💋‍👨🏾,kiss_man_man_dark_skin_tone_medium-dark_skin_tone,0.300,0.700,0.000,0.000,0.000,0.000,0.000,0.000,0.70,0.50,0.00,love,derived
👨🏿‍❤️‍💋‍👨🏼,kiss_man_man_dark_skin_tone_medium-light_skin_tone,0.300,0.700,0.000,0.000,0.000,0.000,0.000,0.000,0.70,0.50,0.00,love,derived
👨🏿‍❤️‍💋‍👨🏽,kiss_man_man_dark_skin_tone_medium_skin_tone,0.300,0.700,0.000,0.000,0.000,0.000,0.000,0.000,0.70,0.50,0.00,love,derived
👨🏻‍❤️‍💋‍👨🏻,kiss_man_man_light_skin_tone,0.300,0.700,0.000,0.000,0.000,0.000,0.000,0.000,0.70,0.50,0.00,love,derived
👨🏻‍❤️‍💋‍👨🏿,kiss_man_man_light_skin_tone_dark_skin_tone,0.300,0.700,0.000,0.000,0.000,0.000,0.000,0.000,0.70,0.50,0.00,love,derived
👨🏻‍❤️‍💋‍👨🏾,kiss_man_man_light_skin_tone_medium-dark_skin_tone,0.300,0.700,0.000,0.000,0.000,0.000,0.000,0.000,0.70,0.50,0.00,love,derived
👨🏻‍❤️‍💋‍👨🏼,kiss_man_man_light_skin_tone_medium-light_skin_tone,0.300,0.700,0.000,0.000,0.000,0.000,0.000,0.000,0.70,0.50,0.00,love,derived
👨🏻‍❤️‍💋‍👨🏽,kiss_man_man_light_skin_tone_medium_skin_tone,0.300,0.700,0.000,0.000,0.000,0.000,0.000,0.000,0.70,0.50,0.00,love,derived
👨🏾‍❤️‍💋‍👨🏾,kiss_man_man_medium-dark_skin_tone,0.300,0.700,0.000,0.000,0.000,0.000,0.000,0.000,0.70,0.50,0.00,love,derived
👨🏾‍❤️‍💋‍👨🏿,kiss_man_man_medium-dark_skin_tone_dark_skin_tone,0.300,0.700,0.000,0.000,0.000,0.000,0.000,0.000,0.70,0.50,0.00,love,derived
👨🏾‍❤️‍💋‍👨🏻,kiss_man_man_medium-dark_skin_tone_light_skin_tone,0.300,0.700,0.000,0.000,0.000,0.000,0.000,0.000,0.70,0.50,0.00,love,derived
👨🏾‍❤️‍💋‍👨🏼,kiss_man_man_medium-dark_skin_tone_medium-light_skin_tone,0.300,0.700,0.000,0.000,0.000,0.000,0.000,0.000,0.70,0.50,0.00,love,derived
👨🏾‍❤️‍💋‍👨🏽,kiss_man_man_medium-dark_skin_tone_medium_skin_tone,0.300,0.700,0.000,0.000,0.000,0.000,0.000,0.000,0.70,0.50,0.00,love,derived
👨🏼‍❤️‍💋‍👨🏼,kiss_man_man_medium-light_skin_tone,0.300,0.700,0.000,0.000,0.000,0.000,0.000,0.000,0.70,0.50,0.00,love,derived
👨🏼‍❤️‍💋‍👨🏿,kiss_man_man_medium-light_skin_tone_dark_skin_tone,0.300,0.700,0.000,0.000,0.000,0.000,0.000,0.000,0.70,0.50,0.00,love,derived
👨🏼‍❤️‍💋‍👨🏻,kiss_man_man_medium-light_skin_tone_light_skin_tone,0.300,0.700,0.000,0.000,0.000,0.000,0.000,0.000,0.70,0.50,0.00,love,derived
👨🏼‍❤️‍💋‍👨🏾,kiss_man_man_medium-light_skin_tone_medium-dark_skin_tone,0.300,0.700,0.000,0.000,0.000,0.000,0.000,0.000,0.70,0.50,0.00,love,derived
👨🏼‍❤️‍💋‍👨🏽,kiss_man_man_medium-light_skin_tone_medium_skin_tone,0.300,0.700,0.000,0.000,0.000,0.000,0.000,0.000,0.70,0.50,0.00,love,derived
👨🏽‍❤️‍💋‍👨🏽,kiss_man_man_medium_skin_tone,0.300,0.700,0.000,0.000,0.000,0.000,0.000,0.000,0.70,0.50,0.00,love,derived
👨🏽‍❤️‍💋‍👨🏿,kiss_man_man_medium_skin_tone_dark_skin_tone,0.300,0.700,0.000,0.000,0.000,0.000,0.000,0.000,0.70,0.50,0.00,love,derived
👨🏽‍❤️‍💋‍👨🏻,kiss_man_man_medium_skin_tone_light_skin_tone,0.300,0.700,0.000,0.000,0.000,0.000,0.000,0.000,0.70,0.50,0.00,love,derived
👨🏽‍❤️‍💋‍👨🏾,kiss_man_man_medium_skin_tone_medium-dark_skin_tone,0.300,0.700,0.000,0.000,0.000,0.000,0.000,0.000,0.70,0.50,0.00,love,derived
👨🏽‍❤️‍💋‍👨🏼,kiss_man_man_medium_skin_tone_medium-light_skin_tone,0.300,0.700,0.000,0.000,0.000,0.000,0.000,0.000,0.70,0.50,0.00,love,derived
🧑🏿‍❤️‍💋‍🧑🏻,kiss_person_person_dark_skin_tone_light_skin_tone,0.300,0.700,0.000,0.000,0.000,0.000,0.000,0.000,0.70,0.50,0.00,love,derived
🧑🏿‍❤️‍💋‍🧑🏾,kiss_person_person_dark_skin_tone_medium-dark_skin_tone,0.300,0.700,0.000,0.000,0.000,0.000,0.000,0.000,0.70,0.50,0.00,love,derived
🧑🏿‍❤️‍💋‍🧑🏼,kiss_person_person_dark_skin_tone_medium-light_skin_tone,0.300,0.700,0.000,0.000,0.000,0.000,0.000,0.000,0.70,0.50,0.00,love,derived
🧑🏿‍❤️‍💋‍🧑🏽,kiss_person_person_dark_skin_tone_medium_skin_tone,0.300,0.700,0.000,0.000,0.000,0.000,0.000,0.000,0.70,0.50,0.00,love,derived
🧑🏻‍❤️‍💋‍🧑🏿,kiss_person_person_light_skin_tone_dark_skin_tone,0.300,0.700,0.000,0.000,0.000,0.000,0.000,0.000,0.70,0.50,0.00,love,derived
🧑🏻‍❤️‍💋‍🧑🏾,kiss_person_person_light_skin_tone_medium-dark_skin_tone,0.300,0.700,0.000,0.000,0.000,0.000,0.000,0.000,0.70,0.50,0.00,love,derived
🧑🏻‍❤️‍💋‍🧑🏼,kiss_person_person_light_skin_tone_medium-light_skin_tone,0.300,0.700,0.000,0.000,0.000,0.000,0.000,0.000,0.70,0.50,0.00,love,derived
🧑🏻‍❤️‍💋‍🧑🏽,kiss_person_person_light_skin_tone_medium_skin_tone,0.300,0.700,0.000,0.000,0.000,0.000,0.000,0.000,0.70,0.50,0.00,love,derived
🧑🏾‍❤️‍💋‍🧑🏿,kiss_person_person_medium-dark_skin_tone_dark_skin_tone,0.300,0.700,0.000,0.000,0.000,0.000,0.000,0.000,0.70,0.50,0.00,love,derived
🧑🏾‍❤️‍💋‍🧑🏻,kiss_person_person_medium-dark_skin_tone_light_skin_tone,0.300,0.700,0.000,0.000,0.000,0.000,0.000,0.000,0.70,0.50,0.00,love,derived
🧑🏾‍❤️‍💋‍🧑🏼,kiss_person_person_medium-dark_skin_tone_medium-light_skin_tone,0.300,0.700,0.000,0.000,0.000,0.000,0.000,0.000,0.70,0.50,0.00,love,derived
🧑🏾‍❤️‍💋‍🧑🏽,kiss_person_person_medium-dark_skin_tone_medium_skin_tone,0.300,0.700,0.000,0.000,0.000,0.000,0.000,0.000,0.70,0.50,0.00,love,derived
🧑🏼‍❤️‍💋‍🧑🏿,kiss_person_person_medium-light_skin_tone_dark_skin_tone,0.300,0.700,0.000,0.000,0.000,0.000,0.000,0.000,0.70,0.50,0.00,love,derived
🧑🏼‍❤️‍💋‍🧑🏻,kiss_person_person_medium-light_skin_tone_light_skin_tone,0.300,0.700,0.000,0.000,0.000,0.000,0.000,0.000,0.70,0.50,0.00,love,derived
🧑🏼‍❤️‍💋‍🧑🏾,kiss_person_person_medium-light_skin_tone_medium-dark_skin_tone,0.300,0.700,0.000,0.000,0.000,0.000,0.000,0.000,0.70,0.50,0.00,love,derived
🧑🏼‍❤️‍💋‍🧑🏽,kiss_person_person_medium-light_skin_tone_medium_skin_tone,0.300,0.700,0.000,0.000,0.000,0.000,0.000,0.000,0.70,0.50,0.00,love,derived
🧑🏽‍❤️‍💋‍🧑🏿,kiss_person_person_medium_skin_tone_dark_skin_tone,0.300,0.700,0.000,0.000,0.000,0.000,0.000,0.000,0.70,0.50,0.00,love,derived
🧑🏽‍❤️‍💋‍🧑🏻,kiss_person_person_medium_skin_tone_light_skin_tone,0.300,0.700,0.000,0.000,0.000,0.000,0.000,0.000,0.70,0.50,0.00,love,derived
🧑🏽‍❤️‍💋‍🧑🏾,kiss_person_person_medium_skin_tone_medium-dark_skin_tone,0.300,0.700,0.000,0.000,0.000,0.000,0.000,0.000,0.70,0.50,0.00,love,derived
🧑🏽‍❤️‍💋‍🧑🏼,kiss_person_person_medium_skin_tone_medium-light_skin_tone,0.300,0.700,0.000,0.000,0.000,0.000,0.000,0.000,0.70,0.50,0.00,love,derived
👩‍❤️‍💋‍👨,kiss_woman_man,0.300,0.700,0.000,0.000,0.000,0.000,0.000,0.000,0.70,0.50,0.00,love,derived
👩🏿‍❤️‍💋‍👨🏿,kiss_woman_man_dark_skin_tone,0.300,0.700,0.000,0.000,0.000,0.000,0.000,0.000,0.70,0.50,0.00,love,derived
👩🏿‍❤️‍💋‍👨🏻,kiss_woman_man_dark_skin_tone_light_skin_tone,0.300,0.700,0.000,0.000,0.000,0.000,0.000,0.000,0.70,0.50,0.00,love,derived
👩🏿‍❤️‍💋‍👨🏾,kiss_woman_man_dark_skin_tone_medium-dark_skin_tone,0.300,0.700,0.000,0.000,0.000,0.000,0.000,0.000,0.70,0.50,0.00,love,derived
👩🏿‍❤️‍💋‍👨🏼,kiss_woman_man_dark_skin_tone_medium-light_skin_tone,0.300,0.700,0.000,0.000,0.000,0.000,0.000,0.000,0.70,0.50,0.00,love,derived
👩🏿‍❤️‍💋‍👨🏽,kiss_woman_man_dark_skin_tone_medium_skin_tone,0.300,0.700,0.000,0.000,0.000,0.000,0.000,0.000,0.70,0.50,0.00,love,derived
👩🏻‍❤️‍💋‍👨🏻,kiss_woman_man_light_skin_tone,0.300,0.700,0.000,0.000,0.000,0.000,0.000,0.000,0.70,0.50,0.00,love,derived
👩🏻‍❤️‍💋‍👨🏿,kiss_woman_man_light_skin_tone_dark_skin_tone,0.300,0.700,0.000,0.000,0.000,0.000,0.000,0.000,0.70,0.50,0.00,love,derived
👩🏻‍❤️‍💋‍👨🏾,kiss_woman_man_light_skin_tone_medium-dark_skin_tone,0.300,0.700,0.000,0.000,0.000,0.000,0.000,0.000,0.70,0.50,0.00,love,derived
👩🏻‍❤️‍💋‍👨🏼,kiss_woman_man_light_skin_tone_medium-light_skin_tone,0.300,0.700,0.000,0.000,0.000,0.000,0.000,0.000,0.70,0.50,0.00,love,derived
👩🏻‍❤️‍💋‍👨🏽,kiss_woman_man_light_skin_tone_medium_skin_tone,0.300,0.700,0.000,0.000,0.000,0.000,0.000,0.000,0.70,0.50,0.00,love,derived
👩🏾‍❤️‍💋‍👨🏾,kiss_woman_man_medium-dark_skin_tone,0.300,0.700,0.000,0.000,0.000,0.000,0.000,0.000,0.70,0.50,0.00,love,derived
👩🏾‍❤️‍💋‍👨🏿,kiss_woman_man_medium-dark_skin_tone_dark_skin_tone,0.300,0.700,0.000,0.000,0.000,0.000,0.000,0.000,0.70,0.50,0.00,love,derived
👩🏾‍❤️‍💋‍👨🏻,kiss_woman_man_medium-dark_skin_tone_light_skin_tone,0.300,0.700,0.000,0.000,0.000,0.000,0.000,0.000,0.70,0.50,0.00,love,derived
👩🏾‍❤️‍💋‍👨🏼,kiss_woman_man_medium-dark_skin_tone_medium-light_skin_tone,0.300,0.700,0.000,0.000,0.000,0.000,0.000,0.000,0.70,0.50,0.00,love,derived
👩🏾‍❤️‍💋‍👨🏽,kiss_woman_man_medium-dark_skin_tone_medium_skin_tone,0.300,0.700,0.000,0.000,0.000,0.000,0.000,0.000,0.70,0.50,0.00,love,derived
👩🏼‍❤️‍💋‍👨🏼,kiss_woman_man_medium-light_skin_tone,0.300,0.700,0.000,0.000,0.000,0.000,0.000,0.000,0.70,0.50,0.00,love,derived
👩🏼‍❤️‍💋‍👨🏿,kiss_woman_man_medium-light_skin_tone_dark_skin_tone,0.300,0.700,0.000,0.000,0.000,0.000,0.000,0.000,0.70,0.50,0.00,love,derived
👩🏼‍❤️‍💋‍👨🏻,kiss_woman_man_medium-light_skin_tone_light_skin_tone,0.300,0.700,0.000,0.000,0.000,0.000,0.000,0.000,0.70,0.50,0.00,love,derived
👩🏼‍❤️‍💋‍👨🏾,kiss_woman_man_medium-light_skin_tone_medium-dark_skin_tone,0.300,0.700,0.000,0.000,0.000,0.000,0.000,0.000,0.70,0.50,0.00,love,derived
👩🏼‍❤️‍💋‍👨🏽,kiss_woman_man_medium-light_skin_tone_medium_skin_tone,0.300,0.700,0.000,0.000,0.000,0.000,0.000,0.000,0.70,0.50,0.00,love,derived
👩🏽‍❤️‍💋‍👨🏽,kiss_woman_man_medium_skin_tone,0.300,0.700,0.000,0.000,0.000,0.000,0.000,0.000,0.70,0.50,0.00,love,derived
👩🏽‍❤️‍💋‍👨🏿,kiss_woman_man_medium_skin_tone_dark_skin_tone,0.300,0.700,0.000,0.000,0.000,0.000,0.000,0.000,0.70,0.50,0.00,love,derived
👩🏽‍❤️‍💋‍👨🏻,kiss_woman_man_medium_skin_tone_light_skin_tone,0.300,0.700,0.000,0.000,0.000,0.000,0.000,0.000,0.70,0.50,0.00,love,derived
👩🏽‍❤️‍💋‍👨🏾,kiss_woman_man_medium_skin_tone_medium-dark_skin_tone,0.300,0.700,0.000,0.000,0.000,0.000,0.000,0.000,0.70,0.50,0.00,love,derived
👩🏽‍❤️‍💋‍👨🏼,kiss_woman_man_medium_skin_tone_medium-light_skin_tone,0.300,0.700,0.000,0.000,0.000,0.000,0.000,0.000,0.70,0.50,0.00,love,derived
👩‍❤️‍💋‍👩,kiss_woman_woman,0.300,0.700,0.000,0.000,0.000,0.000,0.000,0.000,0.70,0.50,0.00,love,derived
👩🏿‍❤️‍💋‍👩🏿,kiss_woman_woman_dark_skin_tone,0.300,0.700,0.000,0.000,0.000,0.000,0.000,0.000,0.70,0.50,0.00,love,derived
👩🏿‍❤️‍💋‍👩🏻,kiss_woman_woman_dark_skin_tone_light_skin_tone,0.300,0.700,0.000,0.000,0.000,0.000,0.000,0.000,0.70,0.50,0.00,love,derived
👩🏿‍❤️‍💋‍👩🏾,kiss_woman_woman_dark_skin_tone_medium-dark_skin_tone,0.300,0.700,0.000,0.000,0.000,0.000,0.000,0.000,0.70,0.50,0.00,love,derived
👩🏿‍❤️‍💋‍👩🏼,kiss_woman_woman_dark_skin_tone_medium-light_skin_tone,0.300,0.700,0.000,0.000,0.000,0.000,0.000,0.000,0.70,0.50,0.00,love,derived
👩🏿‍❤️‍💋‍👩🏽,kiss_woman_woman_dark_skin_tone_medium_skin_tone,0.300,0.700,0.000,0.000,0.000,0.000,0.000,0.000,0.70,0.50,0.00,love,derived
👩🏻‍❤️‍💋‍👩🏻,kiss_woman_woman_light_skin_tone,0.300,0.700,0.000,0.000,0.000,0.000,0.000,0.000,0.70,0.50,0.00,love,derived
👩🏻‍❤️‍💋‍👩🏿,kiss_woman_woman_light_skin_tone_dark_skin_tone,0.300,0.700,0.000,0.000,0.000,0.000,0.000,0.000,0.70,0.50,0.00,love,derived
👩🏻‍❤️‍💋‍👩🏾,kiss_woman_woman_light_skin_tone_medium-dark_skin_tone,0.300,0.700,0.000,0.000,0.000,0.000,0.000,0.000,0.70,0.50,0.00,love,derived
👩🏻‍❤️‍💋‍👩🏼,kiss_woman_woman_light_skin_tone_medium-light_skin_tone,0.300,0.700,0.000,0.000,0.000,0.000,0.000,0.000,0.70,0.50,0.00,love,derived
👩🏻‍❤️‍💋‍👩🏽,kiss_woman_woman_light_skin_tone_medium_skin_tone,0.300,0.700,0.000,0.000,0.000,0.000,0.000,0.000,0.70,0.50,0.00,love,derived
👩🏾‍❤️‍💋‍👩🏾,kiss_woman_woman_medium-dark_skin_tone,0.300,0.700,0.000,0.000,0.000,0.000,0.000,0.000,0.70,0.50,0.00,love,derived
👩🏾‍❤️‍💋‍👩🏿,kiss_woman_woman_medium-dark_skin_tone_dark_skin_tone,0.300,0.700,0.000,0.000,0.000,0.000,0.000,0.000,0.70,0.50,0.00,love,derived
👩🏾‍❤️‍💋‍👩🏻,kiss_woman_woman_medium-dark_skin_tone_light_skin_tone,0.300,0.700,0.000,0.000,0.000,0.000,0.000,0.000,0.70,0.50,0.00,love,derived
👩🏾‍❤️‍💋‍👩🏼,kiss_woman_woman_medium-dark_skin_tone_medium-light_skin_tone,0.300,0.700,0.000,0.000,0.000,0.000,0.000,0.000,0.70,0.50,0.00,love,derived
👩🏾‍❤️‍💋‍👩🏽,kiss_woman_woman_medium-dark_skin_tone_medium_skin_tone,0.300,0.700,0.000,0.000,0.000,0.000,0.000,0.000,0.70,0.50,0.00,love,derived
👩🏼‍❤️‍💋‍👩🏼,kiss_woman_woman_medium-light_skin_tone,0.300,0.700,0.000,0.000,0.000,0.000,0.000,0.000,0.70,0.50,0.00,love,derived
👩🏼‍❤️‍💋‍👩🏿,kiss_woman_woman_medium-light_skin_tone_dark_skin_tone,0.300,0.700,0.000,0.000,0.000,0.000,0.000,0.000,0.70,0.50,0.00,love,derived
👩🏼‍❤️‍💋‍👩🏻,kiss_woman_woman_medium-light_skin_tone_light_skin_tone,0.300,0.700,0.000,0.000,0.000,0.000,0.000,0.000,0.70,0.50,0.00,love,derived
👩🏼‍❤️‍💋‍👩🏾,kiss_woman_woman_medium-light_skin_tone_medium-dark_skin_tone,0.300,0.700,0.000,0.000,0.000,0.000,0.000,0.000,0.70,0.50,0.00,love,derived
👩🏼‍❤️‍💋‍👩🏽,kiss_woman_woman_medium-light_skin_tone_medium_skin_tone,0.300,0.700,0.000,0.000,0.000,0.000,0.000,0.000,0.70,0.50,0.00,love,derived
👩🏽‍❤️‍💋‍👩🏽,kiss_woman_woman_medium_skin_tone,0.300,0.700,0.000,0.000,0.000,0.000,0.000,0.000,0.70,0.50,0.00,love,derived
👩🏽‍❤️‍💋‍👩🏿,kiss_woman_woman_medium_skin_tone_dark_skin_tone,0.300,0.700,0.000,0.000,0.000,0.000,0.000,0.000,0.70,0.50,0.00,love,derived
👩🏽‍❤️‍💋‍👩🏻,kiss_woman_woman_medium_skin_tone_light_skin_tone,0.300,0.700,0.000,0.000,0.000,0.000,0.000,0.000,0.70,0.50,0.00,love,derived
👩🏽‍❤️‍💋‍👩🏾,kiss_woman_woman_medium_skin_tone_medium-dark_skin_tone,0.300,0.700,0.000,0.000,0.000,0.000,0.000,0.000,0.70,0.50,0.00,love,derived
👩🏽‍❤️‍💋‍👩🏼,kiss_woman_woman_medium_skin_tone_medium-light_skin_tone,0.300,0.700,0.000,0.000,0.000,0.000,0.000,0.000,0.70,0.50,0.00,love,derived
🏩,love_hotel,0.300,0.700,0.000,0.000,0.000,0.000,0.000,0.000,0.70,0.50,0.00,love,derived
🎖️,military_medal,0.900,0.000,0.000,0.000,0.000,0.100,0.000,0.000,0.80,0.70,0.00,joy,derived
📭,open_mailbox_with_lowered_flag,0.000,0.000,0.000,0.000,0.000,0.000,0.000,1.000,0.00,0.00,0.00,neutral,derived
📬,open_mailbox_with_raised_flag,0.000,0.000,0.000,0.000,0.000,0.000,0.000,1.000,0.00,0.00,0.00,neutral,derived
🏴‍☠️,pirate_flag,0.000,0.000,0.000,0.000,0.000,0.000,0.000,1.000,0.00,0.00,0.00,neutral,derived
🏳️‍🌈,rainbow_flag,0.000,0.000,0.000,0.000,0.000,0.000,0.000,1.000,0.00,0.00,0.00,neutral,derived
🎇,sparkler,0.900,0.000,0.000,0.000,0.000,0.100,0.000,0.000,0.80,0.70,0.00,joy,derived
🏅,sports_medal,0.900,0.000,0.000,0.000,0.000,0.100,0.000,0.000,0.80,0.70,0.00,joy,derived
🏳️‍⚧️,transgender_flag,0.000,0.000,0.000,0.000,0.000,0.000,0.000,1.000,0.00,0.00,0.00,neutral,derived
🚩,triangular_flag,0.000,0.000,0.000,0.000,0.000,0.000,0.000,1.000,0.00,0.00,0.00,neutral,derived
🏳️,white_flag,0.000,0.000,0.000,0.000,0.000,0.000,0.000,1.000,0.00,0.00,0.00,neutral,derived
🅰️,a_button_(blood_type),0.000,0.000,0.000,0.000,0.000,0.000,0.000,1.000,0.00,0.05,0.00,neutral,default
🆎,ab_button_(blood_type),0.000,0.000,0.000,0.000,0.000,0.000,0.000,1.000,0.00,0.05,0.00,neutral,default
🧮,abacus,0.000,0.000,0.000,0.000,0.000,0.000,0.000,1.000,0.00,0.05,0.00,neutral,default
🪗,accordion,0.000,0.000,0.000,0.000,0.000,0.000,0.000,1.000,0.00,0.05,0.00,neutral,default
🩹,adhesive_bandage,0.000,0.000,0.000,0.000,0.000,0.000,0.000,1.000,0.00,0.05,0.00,neutral,default
🎟️,admission_tickets,0.000,0.000,0.000,0.000,0.000,0.000,0.000,1.000,0.00,0.05,0.00,neutral,default
🚡,aerial_tramway,0.000,0.000,0.000,0.000,0.000,0.000,0.000,1.000,0.00,0.05,0.00,neutral,default
🇦🇫,afghanistan,0.000,0.000,0.000,0.000,0.000,0.000,0.000,1.000,0.00,0.05,0.00,neutral,default
✈️,airplane,0.000,0.000,0.000,0.000,0.000,0.000,0.000,1.000,0.00,0.05,0.00,neutral,default
🛬,airplane_arrival,0.000,0.000,0.000,0.000,0.000,0.000,0.000,1.000,0.00,0.05,0.00,neutral,default
🛫,airplane_departure,0.000,0.000,0.000,0.000,0.000,0.000,0.000,1.000,0.00,0.05,0.00,neutral,default
⏰,alarm_clock,0.000,0.000,0.000,0.000,0.000,0.000,0.000,1.000,0.00,0.05,0.00,neutral,default
🇦🇱,albania,0.000,0.000,0.000,0.000,0.000,0.000,0.000,1.000,0.00,0.05,0.00,neutral,default
⚗️,alembic,0.000,0.000,0.000,0.000,0.000,0.000,0.000,1.000,0.00,0.05,0.00,neutral,default
🇩🇿,algeria,0.000,0.000,0.000,0.000,0.000,0.000,0.000,1.000,0.00,0.05,0.00,neutral,default
🚑,ambulance,0.000,0.000,0.000,0.000,0.000,0.000,0.000,1.000,0.00,0.05,0.00,neutral,default
🏈,american_football,0.000,0.000,0.000,0.000,0.000,0.000,0.000,1.000,0.00,0.05,0.00,neutral,default
🇦🇸,american_samoa,0.000,0.000,0.000,0.000,0.000,0.000,0.000,1.000,0.00,0.05,0.00,neutral,default
🏺,amphora,0.000,0.000,0.000,0.000,0.000,0.000,0.000,1.000,0.00,0.05,0.00,neutral,default
⚓,anchor,0.000,0.000,0.000,0.000,0.000,0.000,0.000,1.000,0.00,0.05,0.00,neutral,default
🇦🇩,andorra,0.000,0.000,0.000,0.000,0.000,0.000,0.000,1.000,0.00,0.05,0.00,neutral,default
🇦🇴,angola,0.000,0.000,0.000,0.000,0.000,0.000,0.000,1.000,0.00,0.05,0.00,neutral,default
🇦🇮,anguilla,0.000,0.000,0.000,0.000,0.000,0.000,0.000,1.000,0.00,0.05,0.00,neutral,default
🐜,ant,0.000,0.000,0.000,0.000,0.000,0.000,0.000,1.000,0.00,0.05,0.00,neutral,default
🇦🇶,antarctica,0.000,0.000,0.000,0.000,0.000,0.000,0.000,1.000,0.00,0.05,0.00,neutral,default
📶,antenna_bars,0.000,0.000,0.000,0.000,0.000,0.000,0.000,1.000,0.00,0.05,0.00,neutral,default
🇦🇬,antigua_&_barbuda,0.000,0.000,0.000,0.000,0.000,0.000,0.000,1.000,0.00,0.05,0.00,neutral,default
♒,aquarius,0.000,0.000,0.000,0.000,0.000,0.000,0.000,1.000,0.00,0.05,0.00,neutral,default
🇦🇷,argentina,0.000,0.000,0.000,0.000,0.000,0.000,0.000,1.000,0.00,0.05,0.00,neutral,default
♈,aries,0.000,0.000,0.000,0.000,0.000,0.000,0.000,1.000,0.00,0.05,0.00,neutral,default
🇦🇲,armenia,0.000,0.000,0.000,0.000,0.000,0.000,0.000,1.000,0.00,0.05,0.00,neutral,default
🚛,articulated_lorry,0.000,0.000,0.000,0.000,0.000,0.000,0.000,1.000,0.00,0.05,0.00,neutral,default
🧑‍🎨,artist,0.000,0.000,0.000,0.000,0.000,0.000,0.000,1.000,0.00,0.05,0.00,neutral,default
🧑🏿‍🎨,artist_dark_skin_tone,0.000,0.000,0.000,0.000,0.000,0.000,0.000,1.000,0.00,0.05,0.00,neutral,default
🧑🏻‍🎨,artist_light_skin_tone,0.000,0.000,0.000,0.000,0.000,0.000,0.000,1.000,0.00,0.05,0.00,neutral,default
🧑🏾‍🎨,artist_medium-dark_skin_tone,0.000,0.000,0.000,0.000,0.000,0.000,0.000,1.000,0.00,0.05,0.00,neutral,default
🧑🏼‍🎨,artist_medium-light_skin_tone,0.000,0.000,0.000,0.000,0.000,0.000,0.000,1.000,0.00,0.05,0.00,neutral,default
🧑🏽‍🎨,artist_medium_skin_tone,0.000,0.000,0.000,0.000,0.000,0.000,0.000,1.000,0.00,0.05,0.00,neutral,default
🎨,artist_palette,0.000,0.000,0.000,0.000,0.000,0.000,0.000,1.000,0.00,0.05,0.00,neutral,default
🇦🇼,aruba,0.000,0.000,0.000,0.000,0.000,0.000,0.000,1.000,0.00,0.05,0.00,neutral,default
🇦🇨,ascension_island,0.000,0.000,0.000,0.000,0.000,0.000,0.000,1.000,0.00,0.05,0.00,neutral,default
🧑‍🚀,astronaut,0.000,0.000,0.000,0.000,0.000,0.000,0.000,1.000,0.00,0.05,0.00,neutral,default
🧑🏿‍🚀,astronaut_dark_skin_tone,0.000,0.000,0.000,0.000,0.000,0.000,0.000,1.000,0.00,0.05,0.00,neutral,default
🧑🏻‍🚀,astronaut_light_skin_tone,0.000,0.000,0.000,0.000,0.000,0.000,0.000,1.000,0.00,0.05,0.00,neutral,default
🧑🏾‍🚀,astronaut_medium-dark_skin_tone,0.000,0.000,0.000,0.000,0.000,0.000,0.000,1.000,0.00,0.05,0.00,neutral,default
🧑🏼‍🚀,astronaut_medium-light_skin_tone,0.000,0.000,0.000,0.000,0.000,0.000,0.000,1.000,0.00,0.05,0.00,neutral,default
🧑🏽‍🚀,astronaut_medium_skin_tone,0.000,0.000,0.000,0.000,0.000,0.000,0.000,1.000,0.00,0.05,0.00,neutral,default
🏧,atm_sign,0.000,0.000,0.000,0.000,0.000,0.000,0.000,1.000,0.00,0.05,0.00,neutral,default
⚛️,atom_symbol,0.000,0.000,0.000,0.000,0.000,0.000,0.000,1.000,0.00,0.05,0.00,neutral,default
🇦🇺,australia,0.000,0.000,0.000,0.000,0.000,0.000,0.000,1.000,0.00,0.05,0.00,neutral,default
🇦🇹,austria,0.000,0.000,0.000,0.000,0.000,0.000,0.000,1.000,0.00,0.05,0.00,neutral,default
🛺,auto_rickshaw,0.000,0.000,0.000,0.000,0.000,0.000,0.000,1.000,0.00,0.05,0.00,neutral,default
🚗,automobile,0.000,0.000,0.000,0.000,0.000,0.000,0.000,1.000,0.00,0.05,0.00,neutral,default
🥑,avocado,0.000,0.000,0.000,0.000,0.000,0.000,0.000,1.000,0.00,0.05,0.00,neutral,default
🪓,axe,0.000,0.000,0.000,0.000,0.000,0.000,0.000,1.000,0.00,0.05,0.00,neutral,default
🇦🇿,azerbaijan,0.000,0.000,0.000,0.000,0.000,0.000,0.000,1.000,0.00,0.05,0.00,neutral,default
🅱️,b_button_(blood_type),0.000,0.000,0.000,0.000,0.000,0.000,0.000,1.000,0.00,0.05,0.00,neutral,default
👶,baby,0.000,0.000,0.000,0.000,0.000,0.000,0.000,1.000,0.00,0.05,0.00,neutral,default
👼,baby_angel,0.000,0.000,0.000,0.000,0.000,0.000,0.000,1.000,0.00,0.05,0.00,neutral,default
👼🏿,baby_angel_dark_skin_tone,0.000,0.000,0.000,0.000,0.000,0.000,0.000,1.000,0.00,0.05,0.00,neutral,default
👼🏻,baby_angel_light_skin_tone,0.000,0.000,0.000,0.000,0.000,0.000,0.000,1.000,0.00,0.05,0.00,neutral,default
👼🏾,baby_angel_medium-dark_skin_tone,0.000,0.000,0.000,0.000,0.000,0.000,0.000,1.000,0.00,0.05,0.00,neutral,default
👼🏼,baby_angel_medium-light_skin_tone,0.000,0.000,0.000,0.000,0.000,0.000,0.000,1.000,0.00,0.05,0.00,neutral,default
👼🏽,baby_angel_medium_skin_tone,0.000,0.000,0.000,0.000,0.000,0.000,0.000,1.000,0.00,0.05,0.00,neutral,default
🍼,baby_bottle,0.000,0.000,0.000,0.000,0.000,0.000,0.000,1.000,0.00,0.05,0.00,neutral,default
🐤,baby_chick,0.000,0.000,0.000,0.000,0.000,0.000,0.000,1.000,0.00,0.05,0.00,neutral,default
👶🏿,baby_dark_skin_tone,0.000,0.000,0.000,0.000,0.000,0.000,0.000,1.000,0.00,0.05,0.00,neutral,default
👶🏻,baby_light_skin_tone,0.000,0.000,0.000,0.000,0.000,0.000,0.000,1.000,0.00,0.05,0.00,neutral,default
👶🏾,baby_medium-dark_skin_tone,0.000,0.000,0.000,0.000,0.000,0.000,0.000,1.000,0.00,0.05,0.00,neutral,default
👶🏼,baby_medium-light_skin_tone,0.000,0.000,0.000,0.000,0.000,0.000,0.000,1.000,0.00,0.05,0.00,neutral,default
👶🏽,baby_medium_skin_tone,0.000,0.000,0.000,0.000,0.000,0.000,0.000,1.000,0.00,0.05,0.00,neutral,default
🚼,baby_symbol,0.000,0.000,0.000,0.000,0.000,0.000,0.000,1.000,0.00,0.05,0.00,neutral,default
🔙,back_arrow,0.000,0.000,0.000,0.000,0.000,0.000,0.000,1.000,0.00,0.05,0.00,neutral,default
👇,backhand_index_pointing_down,0.000,0.000,0.000,0.000,0.000,0.000,0.000,1.000,0.00,0.05,0.00,neutral,default
👇🏿,backhand_index_pointing_down_dark_skin_tone,0.000,0.000,0.000,0.000,0.000,0.000,0.000,1.000,0.00,0.05,0.00,neutral,default
👇🏻,backhand_index_pointing_down_light_skin_tone,0.000,0.000,0.000,0.000,0.000,0.000,0.000,1.000,0.00,0.05,0.00,neutral,default
👇🏾,backhand_index_pointing_down_medium-dark_skin_tone,0.000,0.000,0.000,0.000,0.000,0.000,0.000,1.000,0.00,0.05,0.00,neutral,default
👇🏼,backhand_index_pointing_down_medium-light_skin_tone,0.000,0.000,0.000,0.000,0.000,0.000,0.000,1.000,0.00,0.05,0.00,neutral,default
👇🏽,backhand_index_pointing_down_medium_skin_tone,0.000,0.000,0.000,0.000,0.000,0.000,0.000,1.000,0.00,0.05,0.00,neutral,default
👈,backhand_index_pointing_left,0.000,0.000,0.000,0.000,0.000,0.000,0.000,1.000,0.00,0.05,0.00,neutral,default
👈🏿,backhand_index_pointing_left_dark_skin_tone,0.000,0.000,0.000,0.000,0.000,0.000,0.000,1.000,0.00,0.05,0.00,neutral,default
👈🏻,backhand_index_pointing_left_light_skin_tone,0.000,0.000,0.000,0.000,0.000,0.000,0.000,1.000,0.00,0.05,0.00,neutral,default
👈🏾,backhand_index_pointing_left_medium-dark_skin_tone,0.000,0.000,0.000,0.000,0.000,0.000,0.000,1.000,0.00,0.05,0.00,neutral,default
👈🏼,backhand_index_pointing_left_medium-light_skin_tone,0.000,0.000,0.000,0.000,0.000,0.000,0.000,1.000,0.00,0.05,0.00,neutral,default
👈🏽,backhand_index_pointing_left_medium_skin_tone,0.000,0.000,0.000,0.000,0.000,0.000,0.000,1.000,0.00,0.05,0.00,neutral,default
👉,backhand_index_pointing_right,0.000,0.000,0.000,0.000,0.000,0.000,0.000,1.000,0.00,0.05,0.00,neutral,default
👉🏿,backhand_index_pointing_right_dark_skin_tone,0.000,0.000,0.000,0.000,0.000,0.000,0.000,1.000,0.00,0.05,0.00,neutral,default
👉🏻,backhand_index_pointing_right_light_skin_tone,0.000,0.000,0.000,0.000,0.000,0.000,0.000,1.000,0.00,0.05,0.00,neutral,default
👉🏾,backhand_index_pointing_right_medium-dark_skin_tone,0.000,0.000,0.000,0.000,0.000,0.000,0.000,1.000,0.00,0.05,0.00,neutral,default
👉🏼,backhand_index_pointing_right_medium-light_skin_tone,0.000,0.000,0.000,0.000,0.000,0.000,0.000,1.000,0.00,0.05,0.00,neutral,default
👉🏽,backhand_index_pointing_right_medium_skin_tone,0.000,0.000,0.000,0.000,0.000,0.000,0.000,1.000,0.00,0.05,0.00,neutral,default
👆,backhand_index_pointing_up,0.000,0.000,0.000,0.000,0.000,0.000,0.000,1.000,0.00,0.05,0.00,neutral,default
👆🏿,backhand_index_pointing_up_dark_skin_tone,0.000,0.000,0.000,0.000,0.000,0.000,0.000,1.000,0.00,0.05,0.00,neutral,default
👆🏻,backhand_index_pointing_up_light_skin_tone,0.000,0.000,0.000,0.000,0.000,0.000,0.000,1.000,0.00,0.05,0.00,neutral,default
👆🏾,backhand_index_pointing_up_medium-dark_skin_tone,0.000,0.000,0.000,0.000,0.000,0.000,0.000,1.000,0.00,0.05,0.00,neutral,default
👆🏼,backhand_index_pointing_up_medium-light_skin_tone,0.000,0.000,0.000,0.000,0.000,0.000,0.000,1.000,0.00,0.05,0.00,neutral,default
👆🏽,backhand_index_pointing_up_medium_skin_tone,0.000,0.000,0.000,0.000,0.000,0.000,0.000,1.000,0.00,0.05,0.00,neutral,default
🎒,backpack,0.000,0.000,0.000,0.000,0.000,0.000,0.000,1.000,0.00,0.05,0.00,neutral,default
🥓,bacon,0.000,0.000,0.000,0.000,0.000,0.000,0.000,1.000,0.00,0.05,0.00,neutral,default
🦡,badger,0.000,0.000,0.000,0.000,0.000,0.000,0.000,1.000,0.00,0.05,0.00,neutral,default
🏸,badminton,0.000,0.000,0.000,0.000,0.000,0.000,0.000,1.000,0.00,0.05,0.00,neutral,default
🥯,bagel,0.000,0.000,0.000,0.000,0.000,0.000,0.000,1.000,0.00,0.05,0.00,neutral,default
🛄,baggage_claim,0.000,0.000,0.000,0.000,0.000,0.000,0.000,1.000,0.00,0.05,0.00,neutral,default
🥖,baguette_bread,0.000,0.000,0.000,0.000,0.000,0.000,0.000,1.000,0.00,0.05,0.00,neutral,default
🇧🇸,bahamas,0.000,0.000,0.000,0.000,0.000,0.000,0.000,1.000,0.00,0.05,0.00,neutral,default
🇧🇭,bahrain,0.000,0.000,0.000,0.000,0.000,0.000,0.000,1.000,0.00,0.05,0.00,neutral,default
⚖️,balance_scale,0.000,0.000,0.000,0.000,0.000,0.000,0.000,1.000,0.00,0.05,0.00,neutral,default
🧑‍🩰,ballet_dancer,0.000,0.000,0.000,0.000,0.000,0.000,0.000,1.000,0.00,0.05,0.00,neutral,default
🧑🏿‍🩰,ballet_dancer_dark_skin_tone,0.000,0.000,0.000,0.000,0.000,0.000,0.000,1.000,0.00,0.05,0.00,neutral,default
🧑🏻‍🩰,ballet_dancer_light_skin_tone,0.000,0.000,0.000,0.000,0.000,0.000,0.000,1.000,0.00,0.05,0.00,neutral,default
🧑🏾‍🩰,ballet_dancer_medium-dark_skin_tone,0.000,0.000,0.000,0.000,0.000,0.000,0.000,1.000,0.00,0.05,0.00,neutral,default
🧑🏼‍🩰,ballet_dancer_medium-light_skin_tone,0.000,0.000,0.000,0.000,0.000,0.000,0.000,1.000,0.00,0.05,0.00,neutral,default
🧑🏽‍🩰,ballet_dancer_medium_skin_tone,0.000,0.000,0.000,0.000,0.000,0.000,0.000,1.000,0.00,0.05,0.00,neutral,default
🩰,ballet_shoes,0.000,0.000,0.000,0.000,0.000,0.000,0.000,1.000,0.00,0.05,0.00,neutral,default
🗳️,ballot_box_with_ballot,0.000,0.000,0.000,0.000,0.000,0.000,0.000,1.000,0.00,0.05,0.00,neutral,default
🍌,banana,0.000,0.000,0.000,0.000,0.000,0.000,0.000,1.000,0.00,0.05,0.00,neutral,default
🇧🇩,bangladesh,0.000,0.000,0.000,0.000,0.000,0.000,0.000,1.000,0.00,0.05,0.00,neutral,default
🪕,banjo,0.000,0.000,0.000,0.000,0.000,0.000,0.000,1.000,0.00,0.05,0.00,neutral,default
🏦,bank,0.000,0.000,0.000,0.000,0.000,0.000,0.000,1.000,0.00,0.05,0.00,neutral,default
📊,bar_chart,0.000,0.000,0.000,0.000,0.000,0.000,0.000,1.000,0.00,0.05,0.00,neutral,default
🇧🇧,barbados,0.000,0.000,0.000,0.000,0.000,0.000,0.000,1.000,0.00,0.05,0.00,neutral,default
💈,barber_pole,0.000,0.000,0.000,0.000,0.000,0.000,0.000,1.000,0.00,0.05,0.00,neutral,default
⚾,baseball,0.000,0.000,0.000,0.000,0.000,0.000,0.000,1.000,0.00,0.05,0.00,neutral,default
🧺,basket,0.000,0.000,0.000,0.000,0.000,0.000,0.000,1.000,0.00,0.05,0.00,neutral,default
🏀,basketball,0.000,0.000,0.000,0.000,0.000,0.000,0.000,1.000,0.00,0.05,0.00,neutral,default
🦇,bat,0.000,0.000,0.000,0.000,0.000,0.000,0.000,1.000,0.00,0.05,0.00,neutral,default
🛁,bathtub,0.000,0.000,0.000,0.000,0.000,0.000,0.000,1.000,0.00,0.05,0.00,neutral,default
🔋,battery,0.000,0.000,0.000,0.000,0.000,0.000,0.000,1.000,0.00,0.05,0.00,neutral,default
🏖️,beach_with_umbrella,0.000,0.000,0.000,0.000,0.000,0.000,0.000,1.000,0.00,0.05,0.00,neutral,default
🫘,beans,0.000,0.000,0.000,0.000,0.000,0.000,0.000,1.000,0.00,0.05,0.00,neutral,default
🦫,beaver,0.000,0.000,0.000,0.000,0.000,0.000,0.000,1.000,0.00,0.05,0.00,neutral,default
🛏️,bed,0.000,0.000,0.000,0.000,0.000,0.000,0.000,1.000,0.00,0.05,0.00,neutral,default
🍺,beer_mug,0.000,0.000,0.000,0.000,0.000,0.000,0.000,1.000,0.00,0.05,0.00,neutral,default
🪲,beetle,0.000,0.000,0.000,0.000,0.000,0.000,0.000,1.000,0.00,0.05,0.00,neutral,default
🇧🇾,belarus,0.000,0.000,0.000,0.000,0.000,0.000,0.000,1.000,0.00,0.05,0.00,neutral,default
🇧🇪,belgium,0.000,0.000,0.000,0.000,0.000,0.000,0.000,1.000,0.00,0.05,0.00,neutral,default
🇧🇿,belize,0.000,0.000,0.000,0.000,0.000,0.000,0.000,1.000,0.00,0.05,0.00,neutral,default
🔔,bell,0.000,0.000,0.000,0.000,0.000,0.000,0.000,1.000,0.00,0.05,0.00,neutral,default
🫑,bell_pepper,0.000,0.000,0.000,0.000,0.000,0.000,0.000,1.000,0.00,0.05,0.00,neutral,default
🔕,bell_with_slash,0.000,0.000,0.000,0.000,0.000,0.000,0.000,1.000,0.00,0.05,0.00,neutral,default
🛎️,bellhop_bell,0.000,0.000,0.000,0.000,0.000,0.000,0.000,1.000,0.00,0.05,0.00,neutral,default
🇧🇯,benin,0.000,0.000,0.000,0.000,0.000,0.000,0.000,1.000,0.00,0.05,0.00,neutral,default
🍱,bento_box,0.000,0.000,0.000,0.000,0.000,0.000,0.000,1.000,0.00,0.05,0.00,neutral,default
🇧🇲,bermuda,0.000,0.000,0.000,0.000,0.000,0.000,0.000,1.000,0.00,0.05,0.00,neutral,default
🧃,beverage_box,0.000,0.000,0.000,0.000,0.000,0.000,0.000,1.000,0.00,0.05,0.00,neutral,default
🇧🇹,bhutan,0.000,0.000,0.000,0.000,0.000,0.000,0.000,1.000,0.00,0.05,0.00,neutral,default
🚲,bicycle,0.000,0.000,0.000,0.000,0.000,0.000,0.000,1.000,0.00,0.05,0.00,neutral,default
👙,bikini,0.000,0.000,0.000,0.000,0.000,0.000,0.000,1.000,0.00,0.05,0.00,neutral,default
☣️,biohazard,0.000,0.000,0.000,0.000,0.000,0.000,0.000,1.000,0.00,0.05,0.00,neutral,default
🐦,bird,0.000,0.000,0.000,0.000,0.000,0.000,0.000,1.000,0.00,0.05,0.00,neutral,default
🦬,bison,0.000,0.000,0.000,0.000,0.000,0.000,0.000,1.000,0.00,0.05,0.00,neutral,default
🐦‍⬛,black_bird,0.000,0.000,0.000,0.000,0.000,0.000,0.000,1.000,0.00,0.05,0.00,neutral,default
🐈‍⬛,black_cat,0.000,0.000,0.000,0.000,0.000,0.000,0.000,1.000,0.00,0.05,0.00,neutral,default
⚫,black_circle,0.000,0.000,0.000,0.000,0.000,0.000,0.000,1.000,0.00,0.05,0.00,neutral,default
⬛,black_large_square,0.000,0.000,0.000,0.000,0.000,0.000,0.000,1.000,0.00,0.05,0.00,neutral,default
◾,black_medium-small_square,0.000,0.000,0.000,0.000,0.000,0.000,0.000,1.000,0.00,0.05,0.00,neutral,default
◼️,black_medium_square,0.000,0.000,0.000,0.000,0.000,0.000,0.000,1.000,0.00,0.05,0.00,neutral,default
✒️,black_nib,0.000,0.000,0.000,0.000,0.000,0.000,0.000,1.000,0.00,0.05,0.00,neutral,default
▪️,black_small_square,0.000,0.000,0.000,0.000,0.000,0.000,0.000,1.000,0.00,0.05,0.00,neutral,default
🔲,black_square_button,0.000,0.000,0.000,0.000,0.000,0.000,0.000,1.000,0.00,0.05,0.00,neutral,default
🌼,blossom,0.000,0.000,0.000,0.000,0.000,0.000,0.000,1.000,0.00,0.05,0.00,neutral,default
🐡,blowfish,0.000,0.000,0.000,0.000,0.000,0.000,0.000,1.000,0.00,0.05,0.00,neutral,default
📘,blue_book,0.000,0.000,0.000,0.000,0.000,0.000,0.000,1.000,0.00,0.05,0.00,neutral,default
🔵,blue_circle,0.000,0.000,0.000,0.000,0.000,0.000,0.000,1.000,0.00,0.05,0.00,neutral,default
🟦,blue_square,0.000,0.000,0.000,0.000,0.000,0.000,0.000,1.000,0.00,0.05,0.00,neutral,default
🫐,blueberries,0.000,0.000,0.000,0.000,0.000,0.000,0.000,1.000,0.00,0.05,0.00,neutral,default
🐗,boar,0.000,0.000,0.000,0.000,0.000,0.000,0.000,1.000,0.00,0.05,0.00,neutral,default
🇧🇴,bolivia,0.000,0.000,0.000,0.000,0.000,0.000,0.000,1.000,0.00,0.05,0.00,neutral,default
🦴,bone,0.000,0.000,0.000,0.000,0.000,0.000,0.000,1.000,0.00,0.05,0.00,neutral,default
🔖,bookmark,0.000,0.000,0.000,0.000,0.000,0.000,0.000,1.000,0.00,0.05,0.00,neutral,default
📑,bookmark_tabs,0.000,0.000,0.000,0.000,0.000,0.000,0.000,1.000,0.00,0.05,0.00,neutral,default
📚,books,0.000,0.000,0.000,0.000,0.000,0.000,0.000,1.000,0.00,0.05,0.00,neutral,default
🪃,boomerang,0.000,0.000,0.000,0.000,0.000,0.000,0.000,1.000,0.00,0.05,0.00,neutral,default
🇧🇦,bosnia_&_herzegovina,0.000,0.000,0.000,0.000,0.000,0.000,0.000,1.000,0.00,0.05,0.00,neutral,default
🇧🇼,botswana,0.000,0.000,0.000,0.000,0.000,0.000,0.000,1.000,0.00,0.05,0.00,neutral,default
🇧🇻,bouvet_island,0.000,0.000,0.000,0.000,0.000,0.000,0.000,1.000,0.00,0.05,0.00,neutral,default
🏹,bow_and_arrow,0.000,0.000,0.000,0.000,0.000,0.000,0.000,1.000,0.00,0.05,0.00,neutral,default
🥣,bowl_with_spoon,0.000,0.000,0.000,0.000,0.000,0.000,0.000,1.000,0.00,0.05,0.00,neutral,default
🎳,bowling,0.000,0.000,0.000,0.000,0.000,0.000,0.000,1.000,0.00,0.05,0.00,neutral,default
🥊,boxing_glove,0.000,0.000,0.000,0.000,0.000,0.000,0.000,1.000,0.00,0.05,0.00,neutral,default
👦,boy,0.000,0.000,0.000,0.000,0.000,0.000,0.000,1.000,0.00,0.05,0.00,neutral,default
👦🏿,boy_dark_skin_tone,0.000,0.000,0.000,0.000,0.000,0.000,0.000,1.000,0.00,0.05,0.00,neutral,default
👦🏻,boy_light_skin_tone,0.000,0.000,0.000,0.000,0.000,0.000,0.000,1.000,0.00,0.05,0.00,neutral,default
👦🏾,boy_medium-dark_skin_tone,0.000,0.000,0.000,0.000,0.000,0.000,0.000,1.000,0.00,0.05,0.00,neutral,default
👦🏼,boy_medium-light_skin_tone,0.000,0.000,0.000,0.000,0.000,0.000,0.000,1.000,0.00,0.05,0.00,neutral,default
👦🏽,boy_medium_skin_tone,0.000,0.000,0.000,0.000,0.000,0.000,0.000,1.000,0.00,0.05,0.00,neutral,default
🇧🇷,brazil,0.000,0.000,0.000,0.000,0.000,0.000,0.000,1.000,0.00,0.05,0.00,neutral,default
🍞,bread,0.000,0.000,0.000,0.000,0.000,0.000,0.000,1.000,0.00,0.05,0.00,neutral,default
🤱,breast-feeding,0.000,0.000,0.000,0.000,0.000,0.000,0.000,1.000,0.00,0.05,0.00,neutral,default
🤱🏿,breast-feeding_dark_skin_tone,0.000,0.000,0.000,0.000,0.000,0.000,0.000,1.000,0.00,0.05,0.00,neutral,default
🤱🏻,breast-feeding_light_skin_tone,0.000,0.000,0.000,0.000,0.000,0.000,0.000,1.000,0.00,0.05,0.00,neutral,default
🤱🏾,breast-feeding_medium-dark_skin_tone,0.000,0.000,0.000,0.000,0.000,0.000,0.000,1.000,0.00,0.05,0.00,neutral,default
🤱🏼,breast-feeding_medium-light_skin_tone,0.000,0.000,0.000,0.000,0.000,0.000,0.000,1.000,0.00,0.05,0.00,neutral,default
🤱🏽,breast-feeding_medium_skin_tone,0.000,0.000,0.000,0.000,0.000,0.000,0.000,1.000,0.00,0.05,0.00,neutral,default
🧱,brick,0.000,0.000,0.000,0.000,0.000,0.000,0.000,1.000,0.00,0.05,0.00,neutral,default
🌉,bridge_at_night,0.000,0.000,0.000,0.000,0.000,0.000,0.000,1.000,0.00,0.05,0.00,neutral,default
💼,briefcase,0.000,0.000,0.000,0.000,0.000,0.000,0.000,1.000,0.00,0.05,0.00,neutral,default
🩲,briefs,0.000,0.000,0.000,0.000,0.000,0.000,0.000,1.000,0.00,0.05,0.00,neutral,default
🔆,bright_button,0.000,0.000,0.000,0.000,0.000,0.000,0.000,1.000,0.00,0.05,0.00,neutral,default
🇮🇴,british_indian_ocean_territory,0.000,0.000,0.000,0.000,0.000,0.000,0.000,1.000,0.00,0.05,0.00,neutral,default
🇻🇬,british_virgin_islands,0.000,0.000,0.000,0.000,0.000,0.000,0.000,1.000,0.00,0.05,0.00,neutral,default
🥦,broccoli,0.000,0.000,0.000,0.000,0.000,0.000,0.000,1.000,0.00,0.05,0.00,neutral,default
⛓️‍💥,broken_chain,0.000,0.000,0.000,0.000,0.000,0.000,0.000,1.000,0.00,0.05,0.00,neutral,default
🧹,broom,0.000,0.000,0.000,0.000,0.000,0.000,0.000,1.000,0.00,0.05,0.00,neutral,default
🟤,brown_circle,0.000,0.000,0.000,0.000,0.000,0.000,0.000,1.000,0.00,0.05,0.00,neutral,default
🍄‍🟫,brown_mushroom,0.000,0.000,0.000,0.000,0.000,0.000,0.000,1.000,0.00,0.05,0.00,neutral,default
🟫,brown_square,0.000,0.000,0.000,0.000,0.000,0.000,0.000,1.000,0.00,0.05,0.00,neutral,default
🇧🇳,brunei,0.000,0.000,0.000,0.000,0.000,0.000,0.000,1.000,0.00,0.05,0.00,neutral,default
🧋,bubble_tea,0.000,0.000,0.000,0.000,0.000,0.000,0.000,1.000,0.00,0.05,0.00,neutral,default
🫧,bubbles,0.000,0.000,0.000,0.000,0.000,0.000,0.000,1.000,0.00,0.05,0.00,neutral,default
🪣,bucket,0.000,0.000,0.000,0.000,0.000,0.000,0.000,1.000,0.00,0.05,0.00,neutral,default
🐛,bug,0.000,0.000,0.000,0.000,0.000,0.000,0.000,1.000,0.00,0.05,0.00,neutral,default
🏗️,building_construction,0.000,0.000,0.000,0.000,0.000,0.000,0.000,1.000,0.00,0.05,0.00,neutral,default
🇧🇬,bulgaria,0.000,0.000,0.000,0.000,0.000,0.000,0.000,1.000,0.00,0.05,0.00,neutral,default
🚅,bullet_train,0.000,0.000,0.000,0.000,0.000,0.000,0.000,1.000,0.00,0.05,0.00,neutral,default
🇧🇫,burkina_faso,0.000,0.000,0.000,0.000,0.000,0.000,0.000,1.000,0.00,0.05,0.00,neutral,default
🌯,burrito,0.000,0.000,0.000,0.000,0.000,0.000,0.000,1.000,0.00,0.05,0.00,neutral,default
🇧🇮,burundi,0.000,0.000,0.000,0.000,0.000,0.000,0.000,1.000,0.00,0.05,0.00,neutral,default
🚌,bus,0.000,0.000,0.000,0.000,0.000,0.000,0.000,1.000,0.00,0.05,0.00,neutral,default
🚏,bus_stop,0.000,0.000,0.000,0.000,0.000,0.000,0.000,1.000,0.00,0.05,0.00,neutral,default
👤,bust_in_silhouette,0.000,0.000,0.000,0.000,0.000,0.000,0.000,1.000,0.00,0.05,0.00,neutral,default
👥,busts_in_silhouette,0.000,0.000,0.000,0.000,0.000,0.000,0.000,1.000,0.00,0.05,0.00,neutral,default
🧈,butter,0.000,0.000,0.000,0.000,0.000,0.000,0.000,1.000,0.00,0.05,0.00,neutral,default
🦋,butterfly,0.000,0.000,0.000,0.000,0.000,0.000,0.000,1.000,0.00,0.05,0.00,neutral,default
🌵,cactus,0.000,0.000,0.000,0.000,0.000,0.000,0.000,1.000,0.00,0.05,0.00,neutral,default
📅,calendar,0.000,0.000,0.000,0.000,0.000,0.000,0.000,1.000,0.00,0.05,0.00,neutral,default
🇰🇭,cambodia,0.000,0.000,0.000,0.000,0.000,0.000,0.000,1.000,0.00,0.05,0.00,neutral,default
🐪,camel,0.000,0.000,0.000,0.000,0.000,0.000,0.000,1.000,0.00,0.05,0.00,neutral,default
📷,camera,0.000,0.000,0.000,0.000,0.000,0.000,0.000,1.000,0.00,0.05,0.00,neutral,default
📸,camera_with_flash,0.000,0.000,0.000,0.000,0.000,0.000,0.000,1.000,0.00,0.05,0.00,neutral,default
🇨🇲,cameroon,0.000,0.000,0.000,0.000,0.000,0.000,0.000,1.000,0.00,0.05,0.00,neutral,default
🏕️,camping,0.000,0.000,0.000,0.000,0.000,0.000,0.000,1.000,0.00,0.05,0.00,neutral,default
🇨🇦,canada,0.000,0.000,0.000,0.000,0.000,0.000,0.000,1.000,0.00,0.05,0.00,neutral,default
🇮🇨,canary_islands,0.000,0.000,0.000,0.000,0.000,0.000,0.000,1.000,0.00,0.05,0.00,neutral,default
♋,cancer,0.000,0.000,0.000,0.000,0.000,0.000,0.000,1.000,0.00,0.05,0.00,neutral,default
🕯️,candle,0.000,0.000,0.000,0.000,0.000,0.000,0.000,1.000,0.00,0.05,0.00,neutral,default
🍬,candy,0.000,0.000,0.000,0.000,0.000,0.000,0.000,1.000,0.00,0.05,0.00,neutral,default
🥫,canned_food,0.000,0.000,0.000,0.000,0.000,0.000,0.000,1.000,0.00,0.05,0.00,neutral,default
🛶,canoe,0.000,0.000,0.000,0.000,0.000,0.000,0.000,1.000,0.00,0.05,0.00,neutral,default
🇨🇻,cape_verde,0.000,0.000,0.000,0.000,0.000,0.000,0.000,1.000,0.00,0.05,0.00,neutral,default
♑,capricorn,0.000,0.000,0.000,0.000,0.000,0.000,0.000,1.000,0.00,0.05,0.00,neutral,default
🗃️,card_file_box,0.000,0.000,0.000,0.000,0.000,0.000,0.000,1.000,0.00,0.05,0.00,neutral,default
📇,card_index,0.000,0.000,0.000,0.000,0.000,0.000,0.000,1.000,0.00,0.05,0.00,neutral,default
🗂️,card_index_dividers,0.000,0.000,0.000,0.000,0.000,0.000,0.000,1.000,0.00,0.05,0.00,neutral,default
🇧🇶,caribbean_netherlands,0.000,0.000,0.000,0.000,0.000,0.000,0.000,1.000,0.00,0.05,0.00,neutral,default
🎠,carousel_horse,0.000,0.000,0.000,0.000,0.000,0.000,0.000,1.000,0.00,0.05,0.00,neutral,default
🎏,carp_streamer,0.000,0.000,0.000,0.000,0.000,0.000,0.000,1.000,0.00,0.05,0.00,neutral,default
🪚,carpentry_saw,0.000,0.000,0.000,0.000,0.000,0.000,0.000,1.000,0.00,0.05,0.00,neutral,default
🥕,carrot,0.000,0.000,0.000,0.000,0.000,0.000,0.000,1.000,0.00,0.05,0.00,neutral,default
🏰,castle,0.000,0.000,0.000,0.000,0.000,0.000,0.000,1.000,0.00,0.05,0.00,neutral,default
🐈,cat,0.000,0.000,0.000,0.000,0.000,0.000,0.000,1.000,0.00,0.05,0.00,neutral,default
🐱,cat_face,0.000,0.000,0.000,0.000,0.000,0.000,0.000,1.000,0.00,0.05,0.00,neutral,default
🇰🇾,cayman_islands,0.000,0.000,0.000,0.000,0.000,0.000,0.000,1.000,0.00,0.05,0.00,neutral,default
🇨🇫,central_african_republic,0.000,0.000,0.000,0.000,0.000,0.000,0.000,1.000,0.00,0.05,0.00,neutral,default
🇪🇦,ceuta_&_melilla,0.000,0.000,0.000,0.000,0.000,0.000,0.000,1.000,0.00,0.05,0.00,neutral,default
🇹🇩,chad,0.000,0.000,0.000,0.000,0.000,0.000,0.000,1.000,0.00,0.05,0.00,neutral,default
⛓️,chains,0.000,0.000,0.000,0.000,0.000,0.000,0.000,1.000,0.00,0.05,0.00,neutral,default
🪑,chair,0.000,0.000,0.000,0.000,0.000,0.000,0.000,1.000,0.00,0.05,0.00,neutral,default
💹,chart_increasing_with_yen,0.000,0.000,0.000,0.000,0.000,0.000,0.000,1.000,0.00,0.05,0.00,neutral,default
☑️,check_box_with_check,0.000,0.000,0.000,0.000,0.000,0.000,0.000,1.000,0.00,0.05,0.00,neutral,default
🧀,cheese_wedge,0.000,0.000,0.000,0.000,0.000,0.000,0.000,1.000,0.00,0.05,0.00,neutral,default
🍒,cherries,0.000,0.000,0.000,0.000,0.000,0.000,0.000,1.000,0.00,0.05,0.00,neutral,default
♟️,chess_pawn,0.000,0.000,0.000,0.000,0.000,0.000,0.000,1.000,0.00,0.05,0.00,neutral,default
🌰,chestnut,0.000,0.000,0.000,0.000,0.000,0.000,0.000,1.000,0.00,0.05,0.00,neutral,default
🐔,chicken,0.000,0.000,0.000,0.000,0.000,0.000,0.000,1.000,0.00,0.05,0.00,neutral,default
🧒,child,0.000,0.000,0.000,0.000,0.000,0.000,0.000,1.000,0.00,0.05,0.00,neutral,default
🧒🏿,child_dark_skin_tone,0.000,0.000,0.000,0.000,0.000,0.000,0.000,1.000,0.00,0.05,0.00,neutral,default
🧒🏻,child_light_skin_tone,0.000,0.000,0.000,0.000,0.000,0.000,0.000,1.000,0.00,0.05,0.00,neutral,default
🧒🏾,child_medium-dark_skin_tone,0.000,0.000,0.000,0.000,0.000,0.000,0.000,1.000,0.00,0.05,0.00,neutral,default
🧒🏼,child_medium-light_skin_tone,0.000,0.000,0.000,0.000,0.000,0.000,0.000,1.000,0.00,0.05,0.00,neutral,default
🧒🏽,child_medium_skin_tone,0.000,0.000,0.000,0.000,0.000,0.000,0.000,1.000,0.00,0.05,0.00,neutral,default
🚸,children_crossing,0.000,0.000,0.000,0.000,0.000,0.000,0.000,1.000,0.00,0.05,0.00,neutral,default
🇨🇱,chile,0.000,0.000,0.000,0.000,0.000,0.000,0.000,1.000,0.00,0.05,0.00,neutral,default
🇨🇳,china,0.000,0.000,0.000,0.000,0.000,0.000,0.000,1.000,0.00,0.05,0.00,neutral,default
🐿️,chipmunk,0.000,0.000,0.000,0.000,0.000,0.000,0.000,1.000,0.00,0.05,0.00,neutral,default
🍫,chocolate_bar,0.000,0.000,0.000,0.000,0.000,0.000,0.000,1.000,0.00,0.05,0.00,neutral,default
🥢,chopsticks,0.000,0.000,0.000,0.000,0.000,0.000,0.000,1.000,0.00,0.05,0.00,neutral,default
🇨🇽,christmas_island,0.000,0.000,0.000,0.000,0.000,0.000,0.000,1.000,0.00,0.05,0.00,neutral,default
🎄,christmas_tree,0.000,0.000,0.000,0.000,0.000,0.000,0.000,1.000,0.00,0.05,0.00,neutral,default
⛪,church,0.000,0.000,0.000,0.000,0.000,0.000,0.000,1.000,0.00,0.05,0.00,neutral,default
🚬,cigarette,0.000,0.000,0.000,0.000,0.000,0.000,0.000,1.000,0.00,0.05,0.00,neutral,default
🎦,cinema,0.000,0.000,0.000,0.000,0.000,0.000,0.000,1.000,0.00,0.05,0.00,neutral,default
Ⓜ️,circled_m,0.000,0.000,0.000,0.000,0.000,0.000,0.000,1.000,0.00,0.05,0.00,neutral,default
🎪,circus_tent,0.000,0.000,0.000,0.000,0.000,0.000,0.000,1.000,0.00,0.05,0.00,neutral,default
🏙️,cityscape,0.000,0.000,0.000,0.000,0.000,0.000,0.000,1.000,0.00,0.05,0.00,neutral,default
🌆,cityscape_at_dusk,0.000,0.000,0.000,0.000,0.000,0.000,0.000,1.000,0.00,0.05,0.00,neutral,default
🆑,cl_button,0.000,0.000,0.000,0.000,0.000,0.000,0.000,1.000,0.00,0.05,0.00,neutral,default
🗜️,clamp,0.000,0.000,0.000,0.000,0.000,0.000,0.000,1.000,0.00,0.05,0.00,neutral,default
🎬,clapper_board,0.000,0.000,0.000,0.000,0.000,0.000,0.000,1.000,0.00,0.05,0.00,neutral,default
🏛️,classical_building,0.000,0.000,0.000,0.000,0.000,0.000,0.000,1.000,0.00,0.05,0.00,neutral,default
🍻,clinking_beer_mugs,0.000,0.000,0.000,0.000,0.000,0.000,0.000,1.000,0.00,0.05,0.00,neutral,default
📋,clipboard,0.000,0.000,0.000,0.000,0.000,0.000,0.000,1.000,0.00,0.05,0.00,neutral,default
🇨🇵,clipperton_island,0.000,0.000,0.000,0.000,0.000,0.000,0.000,1.000,0.00,0.05,0.00,neutral,default
🔃,clockwise_vertical_arrows,0.000,0.000,0.000,0.000,0.000,0.000,0.000,1.000,0.00,0.05,0.00,neutral,default
📕,closed_book,0.000,0.000,0.000,0.000,0.000,0.000,0.000,1.000,0.00,0.05,0.00,neutral,default
🌂,closed_umbrella,0.000,0.000,0.000,0.000,0.000,0.000,0.000,1.000,0.00,0.05,0.00,neutral,default
☁️,cloud,0.000,0.000,0.000,0.000,0.000,0.000,0.000,1.000,0.00,0.05,0.00,neutral,default
🌩️,cloud_with_lightning,0.000,0.000,0.000,0.000,0.000,0.000,0.000,1.000,0.00,0.05,0.00,neutral,default
🌨️,cloud_with_snow,0.000,0.000,0.000,0.000,0.000,0.000,0.000,1.000,0.00,0.05,0.00,neutral,default
♣️,club_suit,0.000,0.000,0.000,0.000,0.000,0.000,0.000,1.000,0.00,0.05,0.00,neutral,default
👝,clutch_bag,0.000,0.000,0.000,0.000,0.000,0.000,0.000,1.000,0.00,0.05,0.00,neutral,default
🧥,coat,0.000,0.000,0.000,0.000,0.000,0.000,0.000,1.000,0.00,0.05,0.00,neutral,default
🪳,cockroach,0.000,0.000,0.000,0.000,0.000,0.000,0.000,1.000,0.00,0.05,0.00,neutral,default
🍸,cocktail_glass,0.000,0.000,0.000,0.000,0.000,0.000,0.000,1.000,0.00,0.05,0.00,neutral,default
🥥,coconut,0.000,0.000,0.000,0.000,0.000,0.000,0.000,1.000,0.00,0.05,0.00,neutral,default
🇨🇨,cocos_(keeling)_islands,0.000,0.000,0.000,0.000,0.000,0.000,0.000,1.000,0.00,0.05,0.00,neutral,default
🪙,coin,0.000,0.000,0.000,0.000,0.000,0.000,0.000,1.000,0.00,0.05,0.00,neutral,default
🇨🇴,colombia,0.000,0.000,0.000,0.000,0.000,0.000,0.000,1.000,0.00,0.05,0.00,neutral,default
☄️,comet,0.000,0.000,0.000,0.000,0.000,0.000,0.000,1.000,0.00,0.05,0.00,neutral,default
🇰🇲,comoros,0.000,0.000,0.000,0.000,0.000,0.000,0.000,1.000,0.00,0.05,0.00,neutral,default
🧭,compass,0.000,0.000,0.000,0.000,0.000,0.000,0.000,1.000,0.00,0.05,0.00,neutral,default
💽,computer_disk,0.000,0.000,0.000,0.000,0.000,0.000,0.000,1.000,0.00,0.05,0.00,neutral,default
🖱️,computer_mouse,0.000,0.000,0.000,0.000,0.000,0.000,0.000,1.000,0.00,0.05,0.00,neutral,default
🇨🇬,congo-brazzaville,0.000,0.000,0.000,0.000,0.000,0.000,0.000,1.000,0.00,0.05,0.00,neutral,default
🇨🇩,congo-kinshasa,0.000,0.000,0.000,0.000,0.000,0.000,0.000,1.000,0.00,0.05,0.00,neutral,default
🚧,construction,0.000,0.000,0.000,0.000,0.000,0.000,0.000,1.000,0.00,0.05,0.00,neutral,default
👷,construction_worker,0.000,0.000,0.000,0.000,0.000,0.000,0.000,1.000,0.00,0.05,0.00,neutral,default
👷🏿,construction_worker_dark_skin_tone,0.000,0.000,0.000,0.000,0.000,0.000,0.000,1.000,0.00,0.05,0.00,neutral,default
👷🏻,construction_worker_light_skin_tone,0.000,0.000,0.000,0.000,0.000,0.000,0.000,1.000,0.00,0.05,0.00,neutral,default
👷🏾,construction_worker_medium-dark_skin_tone,0.000,0.000,0.000,0.000,0.000,0.000,0.000,1.000,0.00,0.05,0.00,neutral,default
👷🏼,construction_worker_medium-light_skin_tone,0.000,0.000,0.000,0.000,0.000,0.000,0.000,1.000,0.00,0.05,0.00,neutral,default
👷🏽,construction_worker_medium_skin_tone,0.000,0.000,0.000,0.000,0.000,0.000,0.000,1.000,0.00,0.05,0.00,neutral,default
🎛️,control_knobs,0.000,0.000,0.000,0.000,0.000,0.000,0.000,1.000,0.00,0.05,0.00,neutral,default
🏪,convenience_store,0.000,0.000,0.000,0.000,0.000,0.000,0.000,1.000,0.00,0.05,0.00,neutral,default
🧑‍🍳,cook,0.000,0.000,0.000,0.000,0.000,0.000,0.000,1.000,0.00,0.05,0.00,neutral,default
🧑🏿‍🍳,cook_dark_skin_tone,0.000,0.000,0.000,0.000,0.000,0.000,0.000,1.000,0.00,0.05,0.00,neutral,default
🇨🇰,cook_islands,0.000,0.000,0.000,0.000,0.000,0.000,0.000,1.000,0.00,0.05,0.00,neutral,default
🧑🏻‍🍳,cook_light_skin_tone,0.000,0.000,0.000,0.000,0.000,0.000,0.000,1.000,0.00,0.05,0.00,neutral,default
🧑🏾‍🍳,cook_medium-dark_skin_tone,0.000,0.000,0.000,0.000,0.000,0.000,0.000,1.000,0.00,0.05,0.00,neutral,default
🧑🏼‍🍳,cook_medium-light_skin_tone,0.000,0.000,0.000,0.000,0.000,0.000,0.000,1.000,0.00,0.05,0.00,neutral,default
🧑🏽‍🍳,cook_medium_skin_tone,0.000,0.000,0.000,0.000,0.000,0.000,0.000,1.000,0.00,0.05,0.00,neutral,default
🍚,cooked_rice,0.000,0.000,0.000,0.000,0.000,0.000,0.000,1.000,0.00,0.05,0.00,neutral,default
🍪,cookie,0.000,0.000,0.000,0.000,0.000,0.000,0.000,1.000,0.00,0.05,0.00,neutral,default
🍳,cooking,0.000,0.000,0.000,0.000,0.000,0.000,0.000,1.000,0.00,0.05,0.00,neutral,default
🆒,cool_button,0.000,0.000,0.000,0.000,0.000,0.000,0.000,1.000,0.00,0.05,0.00,neutral,default
©️,copyright,0.000,0.000,0.000,0.000,0.000,0.000,0.000,1.000,0.00,0.05,0.00,neutral,default
🪸,coral,0.000,0.000,0.000,0.000,0.000,0.000,0.000,1.000,0.00,0.05,0.00,neutral,default
🇨🇷,costa_rica,0.000,0.000,0.000,0.000,0.000,0.000,0.000,1.000,0.00,0.05,0.00,neutral,default
🛋️,couch_and_lamp,0.000,0.000,0.000,0.000,0.000,0.000,0.000,1.000,0.00,0.05,0.00,neutral,default
🔄,counterclockwise_arrows_button,0.000,0.000,0.000,0.000,0.000,0.000,0.000,1.000,0.00,0.05,0.00,neutral,default
🐄,cow,0.000,0.000,0.000,0.000,0.000,0.000,0.000,1.000,0.00,0.05,0.00,neutral,default
🐮,cow_face,0.000,0.000,0.000,0.000,0.000,0.000,0.000,1.000,0.00,0.05,0.00,neutral,default
🦀,crab,0.000,0.000,0.000,0.000,0.000,0.000,0.000,1.000,0.00,0.05,0.00,neutral,default
🫫,cracking_face,0.000,0.000,0.000,0.000,0.000,0.000,0.000,1.000,0.00,0.05,0.00,neutral,default
🖍️,crayon,0.000,0.000,0.000,0.000,0.000,0.000,0.000,1.000,0.00,0.05,0.00,neutral,default
💳,credit_card,0.000,0.000,0.000,0.000,0.000,0.000,0.000,1.000,0.00,0.05,0.00,neutral,default
🦗,cricket,0.000,0.000,0.000,0.000,0.000,0.000,0.000,1.000,0.00,0.05,0.00,neutral,default
🏏,cricket_game,0.000,0.000,0.000,0.000,0.000,0.000,0.000,1.000,0.00,0.05,0.00,neutral,default
🇭🇷,croatia,0.000,0.000,0.000,0.000,0.000,0.000,0.000,1.000,0.00,0.05,0.00,neutral,default
🐊,crocodile,0.000,0.000,0.000,0.000,0.000,0.000,0.000,1.000,0.00,0.05,0.00,neutral,default
🥐,croissant,0.000,0.000,0.000,0.000,0.000,0.000,0.000,1.000,0.00,0.05,0.00,neutral,default
❎,cross_mark_button,0.000,0.000,0.000,0.000,0.000,0.000,0.000,1.000,0.00,0.05,0.00,neutral,default
⚔️,crossed_swords,0.000,0.000,0.000,0.000,0.000,0.000,0.000,1.000,0.00,0.05,0.00,neutral,default
👑,crown,0.000,0.000,0.000,0.000,0.000,0.000,0.000,1.000,0.00,0.05,0.00,neutral,default
🩼,crutch,0.000,0.000,0.000,0.000,0.000,0.000,0.000,1.000,0.00,0.05,0.00,neutral,default
🔮,crystal_ball,0.000,0.000,0.000,0.000,0.000,0.000,0.000,1.000,0.00,0.05,0.00,neutral,default
🇨🇺,cuba,0.000,0.000,0.000,0.000,0.000,0.000,0.000,1.000,0.00,0.05,0.00,neutral,default
🥒,cucumber,0.000,0.000,0.000,0.000,0.000,0.000,0.000,1.000,0.00,0.05,0.00,neutral,default
🥤,cup_with_straw,0.000,0.000,0.000,0.000,0.000,0.000,0.000,1.000,0.00,0.05,0.00,neutral,default
🧁,cupcake,0.000,0.000,0.000,0.000,0.000,0.000,0.000,1.000,0.00,0.05,0.00,neutral,default
🇨🇼,curaçao,0.000,0.000,0.000,0.000,0.000,0.000,0.000,1.000,0.00,0.05,0.00,neutral,default
🥌,curling_stone,0.000,0.000,0.000,0.000,0.000,0.000,0.000,1.000,0.00,0.05,0.00,neutral,default
➰,curly_loop,0.000,0.000,0.000,0.000,0.000,0.000,0.000,1.000,0.00,0.05,0.00,neutral,default
💱,currency_exchange,0.000,0.000,0.000,0.000,0.000,0.000,0.000,1.000,0.00,0.05,0.00,neutral,default
🍛,curry_rice,0.000,0.000,0.000,0.000,0.000,0.000,0.000,1.000,0.00,0.05,0.00,neutral,default
🍮,custard,0.000,0.000,0.000,0.000,0.000,0.000,0.000,1.000,0.00,0.05,0.00,neutral,default
🛃,customs,0.000,0.000,0.000,0.000,0.000,0.000,0.000,1.000,0.00,0.05,0.00,neutral,default
🥩,cut_of_meat,0.000,0.000,0.000,0.000,0.000,0.000,0.000,1.000,0.00,0.05,0.00,neutral,default
🌀,cyclone,0.000,0.000,0.000,0.000,0.000,0.000,0.000,1.000,0.00,0.05,0.00,neutral,default
🇨🇾,cyprus,0.000,0.000,0.000,0.000,0.000,0.000,0.000,1.000,0.00,0.05,0.00,neutral,default
🇨🇿,czechia,0.000,0.000,0.000,0.000,0.000,0.000,0.000,1.000,0.00,0.05,0.00,neutral,default
🇨🇮,côte_d’ivoire,0.000,0.000,0.000,0.000,0.000,0.000,0.000,1.000,0.00,0.05,0.00,neutral,default
🗡️,dagger,0.000,0.000,0.000,0.000,0.000,0.000,0.000,1.000,0.00,0.05,0.00,neutral,default
🍡,dango,0.000,0.000,0.000,0.000,0.000,0.000,0.000,1.000,0.00,0.05,0.00,neutral,default
🧏‍♂️,deaf_man,0.000,0.000,0.000,0.000,0.000,0.000,0.000,1.000,0.00,0.05,0.00,neutral,default
🧏🏿‍♂️,deaf_man_dark_skin_tone,0.000,0.000,0.000,0.000,0.000,0.000,0.000,1.000,0.00,0.05,0.00,neutral,default
🧏🏻‍♂️,deaf_man_light_skin_tone,0.000,0.000,0.000,0.000,0.000,0.000,0.000,1.000,0.00,0.05,0.00,neutral,default
🧏🏾‍♂️,deaf_man_medium-dark_skin_tone,0.000,0.000,0.000,0.000,0.000,0.000,0.000,1.000,0.00,0.05,0.00,neutral,default
🧏🏼‍♂️,deaf_man_medium-light_skin_tone,0.000,0.000,0.000,0.000,0.000,0.000,0.000,1.000,0.00,0.05,0.00,neutral,default
🧏🏽‍♂️,deaf_man_medium_skin_tone,0.000,0.000,0.000,0.000,0.000,0.000,0.000,1.000,0.00,0.05,0.00,neutral,default
🧏,deaf_person,0.000,0.000,0.000,0.000,0.000,0.000,0.000,1.000,0.00,0.05,0.00,neutral,default
🧏🏿,deaf_person_dark_skin_tone,0.000,0.000,0.000,0.000,0.000,0.000,0.000,1.000,0.00,0.05,0.00,neutral,default
🧏🏻,deaf_person_light_skin_tone,0.000,0.000,0.000,0.000,0.000,0.000,0.000,1.000,0.00,0.05,0.00,neutral,default
🧏🏾,deaf_person_medium-dark_skin_tone,0.000,0.000,0.000,0.000,0.000,0.000,0.000,1.000,0.00,0.05,0.00,neutral,default
🧏🏼,deaf_person_medium-light_skin_tone,0.000,0.000,0.000,0.000,0.000,0.000,0.000,1.000,0.00,0.05,0.00,neutral,default
🧏🏽,deaf_person_medium_skin_tone,0.000,0.000,0.000,0.000,0.000,0.000,0.000,1.000,0.00,0.05,0.00,neutral,default
🧏‍♀️,deaf_woman,0.000,0.000,0.000,0.000,0.000,0.000,0.000,1.000,0.00,0.05,0.00,neutral,default
🧏🏿‍♀️,deaf_woman_dark_skin_tone,0.000,0.000,0.000,0.000,0.000,0.000,0.000,1.000,0.00,0.05,0.00,neutral,default
🧏🏻‍♀️,deaf_woman_light_skin_tone,0.000,0.000,0.000,0.000,0.000,0.000,0.000,1.000,0.00,0.05,0.00,neutral,default
🧏🏾‍♀️,deaf_woman_medium-dark_skin_tone,0.000,0.000,0.000,0.000,0.000,0.000,0.000,1.000,0.00,0.05,0.00,neutral,default
🧏🏼‍♀️,deaf_woman_medium-light_skin_tone,0.000,0.000,0.000,0.000,0.000,0.000,0.000,1.000,0.00,0.05,0.00,neutral,default
🧏🏽‍♀️,deaf_woman_medium_skin_tone,0.000,0.000,0.000,0.000,0.000,0.000,0.000,1.000,0.00,0.05,0.00,neutral,default
🌳,deciduous_tree,0.000,0.000,0.000,0.000,0.000,0.000,0.000,1.000,0.00,0.05,0.00,neutral,default
🦌,deer,0.000,0.000,0.000,0.000,0.000,0.000,0.000,1.000,0.00,0.05,0.00,neutral,default
🚚,delivery_truck,0.000,0.000,0.000,0.000,0.000,0.000,0.000,1.000,0.00,0.05,0.00,neutral,default
🇩🇰,denmark,0.000,0.000,0.000,0.000,0.000,0.000,0.000,1.000,0.00,0.05,0.00,neutral,default
🏬,department_store,0.000,0.000,0.000,0.000,0.000,0.000,0.000,1.000,0.00,0.05,0.00,neutral,default
🏚️,derelict_house,0.000,0.000,0.000,0.000,0.000,0.000,0.000,1.000,0.00,0.05,0.00,neutral,default
🏜️,desert,0.000,0.000,0.000,0.000,0.000,0.000,0.000,1.000,0.00,0.05,0.00,neutral,default
🏝️,desert_island,0.000,0.000,0.000,0.000,0.000,0.000,0.000,1.000,0.00,0.05,0.00,neutral,default
🖥️,desktop_computer,0.000,0.000,0.000,0.000,0.000,0.000,0.000,1.000,0.00,0.05,0.00,neutral,default
🕵️,detective,0.000,0.000,0.000,0.000,0.000,0.000,0.000,1.000,0.00,0.05,0.00,neutral,default
🕵🏿,detective_dark_skin_tone,0.000,0.000,0.000,0.000,0.000,0.000,0.000,1.000,0.00,0.05,0.00,neutral,default
🕵🏻,detective_light_skin_tone,0.000,0.000,0.000,0.000,0.000,0.000,0.000,1.000,0.00,0.05,0.00,neutral,default
🕵🏾,detective_medium-dark_skin_tone,0.000,0.000,0.000,0.000,0.000,0.000,0.000,1.000,0.00,0.05,0.00,neutral,default
🕵🏼,detective_medium-light_skin_tone,0.000,0.000,0.000,0.000,0.000,0.000,0.000,1.000,0.00,0.05,0.00,neutral,default
🕵🏽,detective_medium_skin_tone,0.000,0.000,0.000,0.000,0.000,0.000,0.000,1.000,0.00,0.05,0.00,neutral,default
♦️,diamond_suit,0.000,0.000,0.000,0.000,0.000,0.000,0.000,1.000,0.00,0.05,0.00,neutral,default
💠,diamond_with_a_dot,0.000,0.000,0.000,0.000,0.000,0.000,0.000,1.000,0.00,0.05,0.00,neutral,default
🇩🇬,diego_garcia,0.000,0.000,0.000,0.000,0.000,0.000,0.000,1.000,0.00,0.05,0.00,neutral,default
🔅,dim_button,0.000,0.000,0.000,0.000,0.000,0.000,0.000,1.000,0.00,0.05,0.00,neutral,default
🫪,distorted_face,0.000,0.000,0.000,0.000,0.000,0.000,0.000,1.000,0.00,0.05,0.00,neutral,default
➗,divide,0.000,0.000,0.000,0.000,0.000,0.000,0.000,1.000,0.00,0.05,0.00,neutral,default
🤿,diving_mask,0.000,0.000,0.000,0.000,0.000,0.000,0.000,1.000,0.00,0.05,0.00,neutral,default
🪔,diya_lamp,0.000,0.000,0.000,0.000,0.000,0.000,0.000,1.000,0.00,0.05,0.00,neutral,default
🇩🇯,djibouti,0.000,0.000,0.000,0.000,0.000,0.000,0.000,1.000,0.00,0.05,0.00,neutral,default
🧬,dna,0.000,0.000,0.000,0.000,0.000,0.000,0.000,1.000,0.00,0.05,0.00,neutral,default
🦤,dodo,0.000,0.000,0.000,0.000,0.000,0.000,0.000,1.000,0.00,0.05,0.00,neutral,default
🐕,dog,0.000,0.000,0.000,0.000,0.000,0.000,0.000,1.000,0.00,0.05,0.00,neutral,default
🐶,dog_face,0.000,0.000,0.000,0.000,0.000,0.000,0.000,1.000,0.00,0.05,0.00,neutral,default
💵,dollar_banknote,0.000,0.000,0.000,0.000,0.000,0.000,0.000,1.000,0.00,0.05,0.00,neutral,default
🐬,dolphin,0.000,0.000,0.000,0.000,0.000,0.000,0.000,1.000,0.00,0.05,0.00,neutral,default
🇩🇲,dominica,0.000,0.000,0.000,0.000,0.000,0.000,0.000,1.000,0.00,0.05,0.00,neutral,default
🇩🇴,dominican_republic,0.000,0.000,0.000,0.000,0.000,0.000,0.000,1.000,0.00,0.05,0.00,neutral,default
🫏,donkey,0.000,0.000,0.000,0.000,0.000,0.000,0.000,1.000,0.00,0.05,0.00,neutral,default
🚪,door,0.000,0.000,0.000,0.000,0.000,0.000,0.000,1.000,0.00,0.05,0.00,neutral,default
🔯,dotted_six-pointed_star,0.000,0.000,0.000,0.000,0.000,0.000,0.000,1.000,0.00,0.05,0.00,neutral,default
➿,double_curly_loop,0.000,0.000,0.000,0.000,0.000,0.000,0.000,1.000,0.00,0.05,0.00,neutral,default
🍩,doughnut,0.000,0.000,0.000,0.000,0.000,0.000,0.000,1.000,0.00,0.05,0.00,neutral,default
↙️,down-left_arrow,0.000,0.000,0.000,0.000,0.000,0.000,0.000,1.000,0.00,0.05,0.00,neutral,default
↘️,down-right_arrow,0.000,0.000,0.000,0.000,0.000,0.000,0.000,1.000,0.00,0.05,0.00,neutral,default
⬇️,down_arrow,0.000,0.000,0.000,0.000,0.000,0.000,0.000,1.000,0.00,0.05,0.00,neutral,default
🔽,downwards_button,0.000,0.000,0.000,0.000,0.000,0.000,0.000,1.000,0.00,0.05,0.00,neutral,default
🐉,dragon,0.000,0.000,0.000,0.000,0.000,0.000,0.000,1.000,0.00,0.05,0.00,neutral,default
🐲,dragon_face,0.000,0.000,0.000,0.000,0.000,0.000,0.000,1.000,0.00,0.05,0.00,neutral,default
👗,dress,0.000,0.000,0.000,0.000,0.000,0.000,0.000,1.000,0.00,0.05,0.00,neutral,default
🩸,drop_of_blood,0.000,0.000,0.000,0.000,0.000,0.000,0.000,1.000,0.00,0.05,0.00,neutral,default
💧,droplet,0.000,0.000,0.000,0.000,0.000,0.000,0.000,1.000,0.00,0.05,0.00,neutral,default
🥁,drum,0.000,0.000,0.000,0.000,0.000,0.000,0.000,1.000,0.00,0.05,0.00,neutral,default
🦆,duck,0.000,0.000,0.000,0.000,0.000,0.000,0.000,1.000,0.00,0.05,0.00,neutral,default
🥟,dumpling,0.000,0.000,0.000,0.000,0.000,0.000,0.000,1.000,0.00,0.05,0.00,neutral,default
📀,dvd,0.000,0.000,0.000,0.000,0.000,0.000,0.000,1.000,0.00,0.05,0.00,neutral,default
📧,e-mail,0.000,0.000,0.000,0.000,0.000,0.000,0.000,1.000,0.00,0.05,0.00,neutral,default
🦅,eagle,0.000,0.000,0.000,0.000,0.000,0.000,0.000,1.000,0.00,0.05,0.00,neutral,default
👂,ear,0.000,0.000,0.000,0.000,0.000,0.000,0.000,1.000,0.00,0.05,0.00,neutral,default
👂🏿,ear_dark_skin_tone,0.000,0.000,0.000,0.000,0.000,0.000,0.000,1.000,0.00,0.05,0.00,neutral,default
👂🏻,ear_light_skin_tone,0.000,0.000,0.000,0.000,0.000,0.000,0.000,1.000,0.00,0.05,0.00,neutral,default
👂🏾,ear_medium-dark_skin_tone,0.000,0.000,0.000,0.000,0.000,0.000,0.000,1.000,0.00,0.05,0.00,neutral,default
👂🏼,ear_medium-light_skin_tone,0.000,0.000,0.000,0.000,0.000,0.000,0.000,1.000,0.00,0.05,0.00,neutral,default
👂🏽,ear_medium_skin_tone,0.000,0.000,0.000,0.000,0.000,0.000,0.000,1.000,0.00,0.05,0.00,neutral,default
🌽,ear_of_corn,0.000,0.000,0.000,0.000,0.000,0.000,0.000,1.000,0.00,0.05,0.00,neutral,default
🦻,ear_with_hearing_aid,0.000,0.000,0.000,0.000,0.000,0.000,0.000,1.000,0.00,0.05,0.00,neutral,default
🦻🏿,ear_with_hearing_aid_dark_skin_tone,0.000,0.000,0.000,0.000,0.000,0.000,0.000,1.000,0.00,0.05,0.00,neutral,default
🦻🏻,ear_with_hearing_aid_light_skin_tone,0.000,0.000,0.000,0.000,0.000,0.000,0.000,1.000,0.00,0.05,0.00,neutral,default
🦻🏾,ear_with_hearing_aid_medium-dark_skin_tone,0.000,0.000,0.000,0.000,0.000,0.000,0.000,1.000,0.00,0.05,0.00,neutral,default
🦻🏼,ear_with_hearing_aid_medium-light_skin_tone,0.000,0.000,0.000,0.000,0.000,0.000,0.000,1.000,0.00,0.05,0.00,neutral,default
🦻🏽,ear_with_hearing_aid_medium_skin_tone,0.000,0.000,0.000,0.000,0.000,0.000,0.000,1.000,0.00,0.05,0.00,neutral,default
🇪🇨,ecuador,0.000,0.000,0.000,0.000,0.000,0.000,0.000,1.000,0.00,0.05,0.00,neutral,default
🥚,egg,0.000,0.000,0.000,0.000,0.000,0.000,0.000,1.000,0.00,0.05,0.00,neutral,default
🍆,eggplant,0.000,0.000,0.000,0.000,0.000,0.000,0.000,1.000,0.00,0.05,0.00,neutral,default
🇪🇬,egypt,0.000,0.000,0.000,0.000,0.000,0.000,0.000,1.000,0.00,0.05,0.00,neutral,default
✴️,eight-pointed_star,0.000,0.000,0.000,0.000,0.000,0.000,0.000,1.000,0.00,0.05,0.00,neutral,default
✳️,eight-spoked_asterisk,0.000,0.000,0.000,0.000,0.000,0.000,0.000,1.000,0.00,0.05,0.00,neutral,default
🕣,eight-thirty,0.000,0.000,0.000,0.000,0.000,0.000,0.000,1.000,0.00,0.05,0.00,neutral,default
🕗,eight_o’clock,0.000,0.000,0.000,0.000,0.000,0.000,0.000,1.000,0.00,0.05,0.00,neutral,default
⏏️,eject_button,0.000,0.000,0.000,0.000,0.000,0.000,0.000,1.000,0.00,0.05,0.00,neutral,default
🇸🇻,el_salvador,0.000,0.000,0.000,0.000,0.000,0.000,0.000,1.000,0.00,0.05,0.00,neutral,default
🔌,electric_plug,0.000,0.000,0.000,0.000,0.000,0.000,0.000,1.000,0.00,0.05,0.00,neutral,default
🐘,elephant,0.000,0.000,0.000,0.000,0.000,0.000,0.000,1.000,0.00,0.05,0.00,neutral,default
🛗,elevator,0.000,0.000,0.000,0.000,0.000,0.000,0.000,1.000,0.00,0.05,0.00,neutral,default
🕦,eleven-thirty,0.000,0.000,0.000,0.000,0.000,0.000,0.000,1.000,0.00,0.05,0.00,neutral,default
🕚,eleven_o’clock,0.000,0.000,0.000,0.000,0.000,0.000,0.000,1.000,0.00,0.05,0.00,neutral,default
🧝,elf,0.000,0.000,0.000,0.000,0.000,0.000,0.000,1.000,0.00,0.05,0.00,neutral,default
🧝🏿,elf_dark_skin_tone,0.000,0.000,0.000,0.000,0.000,0.000,0.000,1.000,0.00,0.05,0.00,neutral,default
🧝🏻,elf_light_skin_tone,0.000,0.000,0.000,0.000,0.000,0.000,0.000,1.000,0.00,0.05,0.00,neutral,default
🧝🏾,elf_medium-dark_skin_tone,0.000,0.000,0.000,0.000,0.000,0.000,0.000,1.000,0.00,0.05,0.00,neutral,default
🧝🏼,elf_medium-light_skin_tone,0.000,0.000,0.000,0.000,0.000,0.000,0.000,1.000,0.00,0.05,0.00,neutral,default
🧝🏽,elf_medium_skin_tone,0.000,0.000,0.000,0.000,0.000,0.000,0.000,1.000,0.00,0.05,0.00,neutral,default
🪹,empty_nest,0.000,0.000,0.000,0.000,0.000,0.000,0.000,1.000,0.00,0.05,0.00,neutral,default
🔚,end_arrow,0.000,0.000,0.000,0.000,0.000,0.000,0.000,1.000,0.00,0.05,0.00,neutral,default
🏴󠁧󠁢󠁥󠁮󠁧󠁿,england,0.000,0.000,0.000,0.000,0.000,0.000,0.000,1.000,0.00,0.05,0.00,neutral,default
✉️,envelope,0.000,0.000,0.000,0.000,0.000,0.000,0.000,1.000,0.00,0.05,0.00,neutral,default
📩,envelope_with_arrow,0.000,0.000,0.000,0.000,0.000,0.000,0.000,1.000,0.00,0.05,0.00,neutral,default
🇬🇶,equatorial_guinea,0.000,0.000,0.000,0.000,0.000,0.000,0.000,1.000,0.00,0.05,0.00,neutral,default
🪌,eraser,0.000,0.000,0.000,0.000,0.000,0.000,0.000,1.000,0.00,0.05,0.00,neutral,default
🇪🇷,eritrea,0.000,0.000,0.000,0.000,0.000,0.000,0.000,1.000,0.00,0.05,0.00,neutral,default
🇪🇪,estonia,0.000,0.000,0.000,0.000,0.000,0.000,0.000,1.000,0.00,0.05,0.00,neutral,default
🇸🇿,eswatini,0.000,0.000,0.000,0.000,0.000,0.000,0.000,1.000,0.00,0.05,0.00,neutral,default
🇪🇹,ethiopia,0.000,0.000,0.000,0.000,0.000,0.000,0.000,1.000,0.00,0.05,0.00,neutral,default
💶,euro_banknote,0.000,0.000,0.000,0.000,0.000,0.000,0.000,1.000,0.00,0.05,0.00,neutral,default
🇪🇺,european_union,0.000,0.000,0.000,0.000,0.000,0.000,0.000,1.000,0.00,0.05,0.00,neutral,default
🌲,evergreen_tree,0.000,0.000,0.000,0.000,0.000,0.000,0.000,1.000,0.00,0.05,0.00,neutral,default
🐑,ewe,0.000,0.000,0.000,0.000,0.000,0.000,0.000,1.000,0.00,0.05,0.00,neutral,default
👁️,eye,0.000,0.000,0.000,0.000,0.000,0.000,0.000,1.000,0.00,0.05,0.00,neutral,default
👁️‍🗨️,eye_in_speech_bubble,0.000,0.000,0.000,0.000,0.000,0.000,0.000,1.000,0.00,0.05,0.00,neutral,default
🏭,factory,0.000,0.000,0.000,0.000,0.000,0.000,0.000,1.000,0.00,0.05,0.00,neutral,default
🧑‍🏭,factory_worker,0.000,0.000,0.000,0.000,0.000,0.000,0.000,1.000,0.00,0.05,0.00,neutral,default
🧑🏿‍🏭,factory_worker_dark_skin_tone,0.000,0.000,0.000,0.000,0.000,0.000,0.000,1.000,0.00,0.05,0.00,neutral,default
🧑🏻‍🏭,factory_worker_light_skin_tone,0.000,0.000,0.000,0.000,0.000,0.000,0.000,1.000,0.00,0.05,0.00,neutral,default
🧑🏾‍🏭,factory_worker_medium-dark_skin_tone,0.000,0.000,0.000,0.000,0.000,0.000,0.000,1.000,0.00,0.05,0.00,neutral,default
🧑🏼‍🏭,factory_worker_medium-light_skin_tone,0.000,0.000,0.000,0.000,0.000,0.000,0.000,1.000,0.00,0.05,0.00,neutral,default
🧑🏽‍🏭,factory_worker_medium_skin_tone,0.000,0.000,0.000,0.000,0.000,0.000,0.000,1.000,0.00,0.05,0.00,neutral,default
🧚,fairy,0.000,0.000,0.000,0.000,0.000,0.000,0.000,1.000,0.00,0.05,0.00,neutral,default
🧚🏿,fairy_dark_skin_tone,0.000,0.000,0.000,0.000,0.000,0.000,0.000,1.000,0.00,0.05,0.00,neutral,default
🧚🏻,fairy_light_skin_tone,0.000,0.000,0.000,0.000,0.000,0.000,0.000,1.000,0.00,0.05,0.00,neutral,default
🧚🏾,fairy_medium-dark_skin_tone,0.000,0.000,0.000,0.000,0.000,0.000,0.000,1.000,0.00,0.05,0.00,neutral,default
🧚🏼,fairy_medium-light_skin_tone,0.000,0.000,0.000,0.000,0.000,0.000,0.000,1.000,0.00,0.05,0.00,neutral,default
🧚🏽,fairy_medium_skin_tone,0.000,0.000,0.000,0.000,0.000,0.000,0.000,1.000,0.00,0.05,0.00,neutral,default
🧆,falafel,0.000,0.000,0.000,0.000,0.000,0.000,0.000,1.000,0.00,0.05,0.00,neutral,default
🇫🇰,falkland_islands,0.000,0.000,0.000,0.000,0.000,0.000,0.000,1.000,0.00,0.05,0.00,neutral,default
🍂,fallen_leaf,0.000,0.000,0.000,0.000,0.000,0.000,0.000,1.000,0.00,0.05,0.00,neutral,default
👪,family,0.000,0.000,0.000,0.000,0.000,0.000,0.000,1.000,0.00,0.05,0.00,neutral,default
🧑‍🧑‍🧒,family_adult_adult_child,0.000,0.000,0.000,0.000,0.000,0.000,0.000,1.000,0.00,0.05,0.00,neutral,default
🧑‍🧑‍🧒‍🧒,family_adult_adult_child_child,0.000,0.000,0.000,0.000,0.000,0.000,0.000,1.000,0.00,0.05,0.00,neutral,default
🧑‍🧒,family_adult_child,0.000,0.000,0.000,0.000,0.000,0.000,0.000,1.000,0.00,0.05,0.00,neutral,default
🧑‍🧒‍🧒,family_adult_child_child,0.000,0.000,0.000,0.000,0.000,0.000,0.000,1.000,0.00,0.05,0.00,neutral,default
👨‍👦,family_man_boy,0.000,0.000,0.000,0.000,0.000,0.000,0.000,1.000,0.00,0.05,0.00,neutral,default
👨‍👦‍👦,family_man_boy_boy,0.000,0.000,0.000,0.000,0.000,0.000,0.000,1.000,0.00,0.05,0.00,neutral,default
👨‍👧,family_man_girl,0.000,0.000,0.000,0.000,0.000,0.000,0.000,1.000,0.00,0.05,0.00,neutral,default
👨‍👧‍👦,family_man_girl_boy,0.000,0.000,0.000,0.000,0.000,0.000,0.000,1.000,0.00,0.05,0.00,neutral,default
👨‍👧‍👧,family_man_girl_girl,0.000,0.000,0.000,0.000,0.000,0.000,0.000,1.000,0.00,0.05,0.00,neutral,default
👨‍👨‍👦,family_man_man_boy,0.000,0.000,0.000,0.000,0.000,0.000,0.000,1.000,0.00,0.05,0.00,neutral,default
👨‍👨‍👦‍👦,family_man_man_boy_boy,0.000,0.000,0.000,0.000,0.000,0.000,0.000,1.000,0.00,0.05,0.00,neutral,default
👨‍👨‍👧,family_man_man_girl,0.000,0.000,0.000,0.000,0.000,0.000,0.000,1.000,0.00,0.05,0.00,neutral,default
👨‍👨‍👧‍👦,family_man_man_girl_boy,0.000,0.000,0.000,0.000,0.000,0.000,0.000,1.000,0.00,0.05,0.00,neutral,default
👨‍👨‍👧‍👧,family_man_man_girl_girl,0.000,0.000,0.000,0.000,0.000,0.000,0.000,1.000,0.00,0.05,0.00,neutral,default
👨‍👩‍👦,family_man_woman_boy,0.000,0.000,0.000,0.000,0.000,0.000,0.000,1.000,0.00,0.05,0.00,neutral,default
👨‍👩‍👦‍👦,family_man_woman_boy_boy,0.000,0.000,0.000,0.000,0.000,0.000,0.000,1.000,0.00,0.05,0.00,neutral,default
👨‍👩‍👧,family_man_woman_girl,0.000,0.000,0.000,0.000,0.000,0.000,0.000,1.000,0.00,0.05,0.00,neutral,default
👨‍👩‍👧‍👦,family_man_woman_girl_boy,0.000,0.000,0.000,0.000,0.000,0.000,0.000,1.000,0.00,0.05,0.00,neutral,default
👨‍👩‍👧‍👧,family_man_woman_girl_girl,0.000,0.000,0.000,0.000,0.000,0.000,0.000,1.000,0.00,0.05,0.00,neutral,default
👩‍👦,family_woman_boy,0.000,0.000,0.000,0.000,0.000,0.000,0.000,1.000,0.00,0.05,0.00,neutral,default
👩‍👦‍👦,family_woman_boy_boy,0.000,0.000,0.000,0.000,0.000,0.000,0.000,1.000,0.00,0.05,0.00,neutral,default
👩‍👧,family_woman_girl,0.000,0.000,0.000,0.000,0.000,0.000,0.000,1.000,0.00,0.05,0.00,neutral,default
👩‍👧‍👦,family_woman_girl_boy,0.000,0.000,0.000,0.000,0.000,0.000,0.000,1.000,0.00,0.05,0.00,neutral,default
👩‍👧‍👧,family_woman_girl_girl,0.000,0.000,0.000,0.000,0.000,0.000,0.000,1.000,0.00,0.05,0.00,neutral,default
👩‍👩‍👦,family_woman_woman_boy,0.000,0.000,0.000,0.000,0.000,0.000,0.000,1.000,0.00,0.05,0.00,neutral,default
👩‍👩‍👦‍👦,family_woman_woman_boy_boy,0.000,0.000,0.000,0.000,0.000,0.000,0.000,1.000,0.00,0.05,0.00,neutral,default
👩‍👩‍👧,family_woman_woman_girl,0.000,0.000,0.000,0.000,0.000,0.000,0.000,1.000,0.00,0.05,0.00,neutral,default
👩‍👩‍👧‍👦,family_woman_woman_girl_boy,0.000,0.000,0.000,0.000,0.000,0.000,0.000,1.000,0.00,0.05,0.00,neutral,default
👩‍👩‍👧‍👧,family_woman_woman_girl_girl,0.000,0.000,0.000,0.000,0.000,0.000,0.000,1.000,0.00,0.05,0.00,neutral,default
🧑‍🌾,farmer,0.000,0.000,0.000,0.000,0.000,0.000,0.000,1.000,0.00,0.05,0.00,neutral,default
🧑🏿‍🌾,farmer_dark_skin_tone,0.000,0.000,0.000,0.000,0.000,0.000,0.000,1.000,0.00,0.05,0.00,neutral,default
🧑🏻‍🌾,farmer_light_skin_tone,0.000,0.000,0.000,0.000,0.000,0.000,0.000,1.000,0.00,0.05,0.00,neutral,default
🧑🏾‍🌾,farmer_medium-dark_skin_tone,0.000,0.000,0.000,0.000,0.000,0.000,0.000,1.000,0.00,0.05,0.00,neutral,default
🧑🏼‍🌾,farmer_medium-light_skin_tone,0.000,0.000,0.000,0.000,0.000,0.000,0.000,1.000,0.00,0.05,0.00,neutral,default
🧑🏽‍🌾,farmer_medium_skin_tone,0.000,0.000,0.000,0.000,0.000,0.000,0.000,1.000,0.00,0.05,0.00,neutral,default
🇫🇴,faroe_islands,0.000,0.000,0.000,0.000,0.000,0.000,0.000,1.000,0.00,0.05,0.00,neutral,default
⏩,fast-forward_button,0.000,0.000,0.000,0.000,0.000,0.000,0.000,1.000,0.00,0.05,0.00,neutral,default
⏬,fast_down_button,0.000,0.000,0.000,0.000,0.000,0.000,0.000,1.000,0.00,0.05,0.00,neutral,default
⏪,fast_reverse_button,0.000,0.000,0.000,0.000,0.000,0.000,0.000,1.000,0.00,0.05,0.00,neutral,default
⏫,fast_up_button,0.000,0.000,0.000,0.000,0.000,0.000,0.000,1.000,0.00,0.05,0.00,neutral,default
📠,fax_machine,0.000,0.000,0.000,0.000,0.000,0.000,0.000,1.000,0.00,0.05,0.00,neutral,default
🪶,feather,0.000,0.000,0.000,0.000,0.000,0.000,0.000,1.000,0.00,0.05,0.00,neutral,default
♀️,female_sign,0.000,0.000,0.000,0.000,0.000,0.000,0.000,1.000,0.00,0.05,0.00,neutral,default
🎡,ferris_wheel,0.000,0.000,0.000,0.000,0.000,0.000,0.000,1.000,0.00,0.05,0.00,neutral,default
⛴️,ferry,0.000,0.000,0.000,0.000,0.000,0.000,0.000,1.000,0.00,0.05,0.00,neutral,default
🏑,field_hockey,0.000,0.000,0.000,0.000,0.000,0.000,0.000,1.000,0.00,0.05,0.00,neutral,default
🫯,fight_cloud,0.000,0.000,0.000,0.000,0.000,0.000,0.000,1.000,0.00,0.05,0.00,neutral,default
🇫🇯,fiji,0.000,0.000,0.000,0.000,0.000,0.000,0.000,1.000,0.00,0.05,0.00,neutral,default
🗄️,file_cabinet,0.000,0.000,0.000,0.000,0.000,0.000,0.000,1.000,0.00,0.05,0.00,neutral,default
📁,file_folder,0.000,0.000,0.000,0.000,0.000,0.000,0.000,1.000,0.00,0.05,0.00,neutral,default
🎞️,film_frames,0.000,0.000,0.000,0.000,0.000,0.000,0.000,1.000,0.00,0.05,0.00,neutral,default
📽️,film_projector,0.000,0.000,0.000,0.000,0.000,0.000,0.000,1.000,0.00,0.05,0.00,neutral,default
🫆,fingerprint,0.000,0.000,0.000,0.000,0.000,0.000,0.000,1.000,0.00,0.05,0.00,neutral,default
🇫🇮,finland,0.000,0.000,0.000,0.000,0.000,0.000,0.000,1.000,0.00,0.05,0.00,neutral,default
🚒,fire_engine,0.000,0.000,0.000,0.000,0.000,0.000,0.000,1.000,0.00,0.05,0.00,neutral,default
🧯,fire_extinguisher,0.000,0.000,0.000,0.000,0.000,0.000,0.000,1.000,0.00,0.05,0.00,neutral,default
🧨,firecracker,0.000,0.000,0.000,0.000,0.000,0.000,0.000,1.000,0.00,0.05,0.00,neutral,default
🧑‍🚒,firefighter,0.000,0.000,0.000,0.000,0.000,0.000,0.000,1.000,0.00,0.05,0.00,neutral,default
🧑🏿‍🚒,firefighter_dark_skin_tone,0.000,0.000,0.000,0.000,0.000,0.000,0.000,1.000,0.00,0.05,0.00,neutral,default
🧑🏻‍🚒,firefighter_light_skin_tone,0.000,0.000,0.000,0.000,0.000,0.000,0.000,1.000,0.00,0.05,0.00,neutral,default
🧑🏾‍🚒,firefighter_medium-dark_skin_tone,0.000,0.000,0.000,0.000,0.000,0.000,0.000,1.000,0.00,0.05,0.00,neutral,default
🧑🏼‍🚒,firefighter_medium-light_skin_tone,0.000,0.000,0.000,0.000,0.000,0.000,0.000,1.000,0.00,0.05,0.00,neutral,default
🧑🏽‍🚒,firefighter_medium_skin_tone,0.000,0.000,0.000,0.000,0.000,0.000,0.000,1.000,0.00,0.05,0.00,neutral,default
🌓,first_quarter_moon,0.000,0.000,0.000,0.000,0.000,0.000,0.000,1.000,0.00,0.05,0.00,neutral,default
🌛,first_quarter_moon_face,0.000,0.000,0.000,0.000,0.000,0.000,0.000,1.000,0.00,0.05,0.00,neutral,default
🐟,fish,0.000,0.000,0.000,0.000,0.000,0.000,0.000,1.000,0.00,0.05,0.00,neutral,default
🍥,fish_cake_with_swirl,0.000,0.000,0.000,0.000,0.000,0.000,0.000,1.000,0.00,0.05,0.00,neutral,default
🎣,fishing_pole,0.000,0.000,0.000,0.000,0.000,0.000,0.000,1.000,0.00,0.05,0.00,neutral,default
🕠,five-thirty,0.000,0.000,0.000,0.000,0.000,0.000,0.000,1.000,0.00,0.05,0.00,neutral,default
🕔,five_o’clock,0.000,0.000,0.000,0.000,0.000,0.000,0.000,1.000,0.00,0.05,0.00,neutral,default
🦩,flamingo,0.000,0.000,0.000,0.000,0.000,0.000,0.000,1.000,0.00,0.05,0.00,neutral,default
🔦,flashlight,0.000,0.000,0.000,0.000,0.000,0.000,0.000,1.000,0.00,0.05,0.00,neutral,default
🥿,flat_shoe,0.000,0.000,0.000,0.000,0.000,0.000,0.000,1.000,0.00,0.05,0.00,neutral,default
🫓,flatbread,0.000,0.000,0.000,0.000,0.000,0.000,0.000,1.000,0.00,0.05,0.00,neutral,default
⚜️,fleur-de-lis,0.000,0.000,0.000,0.000,0.000,0.000,0.000,1.000,0.00,0.05,0.00,neutral,default
💾,floppy_disk,0.000,0.000,0.000,0.000,0.000,0.000,0.000,1.000,0.00,0.05,0.00,neutral,default
🎴,flower_playing_cards,0.000,0.000,0.000,0.000,0.000,0.000,0.000,1.000,0.00,0.05,0.00,neutral,default
🪈,flute,0.000,0.000,0.000,0.000,0.000,0.000,0.000,1.000,0.00,0.05,0.00,neutral,default
🪰,fly,0.000,0.000,0.000,0.000,0.000,0.000,0.000,1.000,0.00,0.05,0.00,neutral,default
🥏,flying_disc,0.000,0.000,0.000,0.000,0.000,0.000,0.000,1.000,0.00,0.05,0.00,neutral,default
🛸,flying_saucer,0.000,0.000,0.000,0.000,0.000,0.000,0.000,1.000,0.00,0.05,0.00,neutral,default
🌫️,fog,0.000,0.000,0.000,0.000,0.000,0.000,0.000,1.000,0.00,0.05,0.00,neutral,default
🌁,foggy,0.000,0.000,0.000,0.000,0.000,0.000,0.000,1.000,0.00,0.05,0.00,neutral,default
🪭,folding_hand_fan,0.000,0.000,0.000,0.000,0.000,0.000,0.000,1.000,0.00,0.05,0.00,neutral,default
🫕,fondue,0.000,0.000,0.000,0.000,0.000,0.000,0.000,1.000,0.00,0.05,0.00,neutral,default
🦶,foot,0.000,0.000,0.000,0.000,0.000,0.000,0.000,1.000,0.00,0.05,0.00,neutral,default
🦶🏿,foot_dark_skin_tone,0.000,0.000,0.000,0.000,0.000,0.000,0.000,1.000,0.00,0.05,0.00,neutral,default
🦶🏻,foot_light_skin_tone,0.000,0.000,0.000,0.000,0.000,0.000,0.000,1.000,0.00,0.05,0.00,neutral,default
🦶🏾,foot_medium-dark_skin_tone,0.000,0.000,0.000,0.000,0.000,0.000,0.000,1.000,0.00,0.05,0.00,neutral,default
🦶🏼,foot_medium-light_skin_tone,0.000,0.000,0.000,0.000,0.000,0.000,0.000,1.000,0.00,0.05,0.00,neutral,default
🦶🏽,foot_medium_skin_tone,0.000,0.000,0.000,0.000,0.000,0.000,0.000,1.000,0.00,0.05,0.00,neutral,default
👣,footprints,0.000,0.000,0.000,0.000,0.000,0.000,0.000,1.000,0.00,0.05,0.00,neutral,default
🍴,fork_and_knife,0.000,0.000,0.000,0.000,0.000,0.000,0.000,1.000,0.00,0.05,0.00,neutral,default
🍽️,fork_and_knife_with_plate,0.000,0.000,0.000,0.000,0.000,0.000,0.000,1.000,0.00,0.05,0.00,neutral,default
🥠,fortune_cookie,0.000,0.000,0.000,0.000,0.000,0.000,0.000,1.000,0.00,0.05,0.00,neutral,default
⛲,fountain,0.000,0.000,0.000,0.000,0.000,0.000,0.000,1.000,0.00,0.05,0.00,neutral,default
🖋️,fountain_pen,0.000,0.000,0.000,0.000,0.000,0.000,0.000,1.000,0.00,0.05,0.00,neutral,default
🕟,four-thirty,0.000,0.000,0.000,0.000,0.000,0.000,0.000,1.000,0.00,0.05,0.00,neutral,default
🕓,four_o’clock,0.000,0.000,0.000,0.000,0.000,0.000,0.000,1.000,0.00,0.05,0.00,neutral,default
🦊,fox,0.000,0.000,0.000,0.000,0.000,0.000,0.000,1.000,0.00,0.05,0.00,neutral,default
🖼️,framed_picture,0.000,0.000,0.000,0.000,0.000,0.000,0.000,1.000,0.00,0.05,0.00,neutral,default
🇫🇷,france,0.000,0.000,0.000,0.000,0.000,0.000,0.000,1.000,0.00,0.05,0.00,neutral,default
🆓,free_button,0.000,0.000,0.000,0.000,0.000,0.000,0.000,1.000,0.00,0.05,0.00,neutral,default
🍟,french_fries,0.000,0.000,0.000,0.000,0.000,0.000,0.000,1.000,0.00,0.05,0.00,neutral,default
🇬🇫,french_guiana,0.000,0.000,0.000,0.000,0.000,0.000,0.000,1.000,0.00,0.05,0.00,neutral,default
🇵🇫,french_polynesia,0.000,0.000,0.000,0.000,0.000,0.000,0.000,1.000,0.00,0.05,0.00,neutral,default
🇹🇫,french_southern_and_antarctic_lands,0.000,0.000,0.000,0.000,0.000,0.000,0.000,1.000,0.00,0.05,0.00,neutral,default
🍤,fried_shrimp,0.000,0.000,0.000,0.000,0.000,0.000,0.000,1.000,0.00,0.05,0.00,neutral,default
🐸,frog,0.000,0.000,0.000,0.000,0.000,0.000,0.000,1.000,0.00,0.05,0.00,neutral,default
🐥,front-facing_baby_chick,0.000,0.000,0.000,0.000,0.000,0.000,0.000,1.000,0.00,0.05,0.00,neutral,default
⛽,fuel_pump,0.000,0.000,0.000,0.000,0.000,0.000,0.000,1.000,0.00,0.05,0.00,neutral,default
🌕,full_moon,0.000,0.000,0.000,0.000,0.000,0.000,0.000,1.000,0.00,0.05,0.00,neutral,default
🌝,full_moon_face,0.000,0.000,0.000,0.000,0.000,0.000,0.000,1.000,0.00,0.05,0.00,neutral,default
⚱️,funeral_urn,0.000,0.000,0.000,0.000,0.000,0.000,0.000,1.000,0.00,0.05,0.00,neutral,default
🇬🇦,gabon,0.000,0.000,0.000,0.000,0.000,0.000,0.000,1.000,0.00,0.05,0.00,neutral,default
🇬🇲,gambia,0.000,0.000,0.000,0.000,0.000,0.000,0.000,1.000,0.00,0.05,0.00,neutral,default
🎲,game_die,0.000,0.000,0.000,0.000,0.000,0.000,0.000,1.000,0.00,0.05,0.00,neutral,default
🧄,garlic,0.000,0.000,0.000,0.000,0.000,0.000,0.000,1.000,0.00,0.05,0.00,neutral,default
⚙️,gear,0.000,0.000,0.000,0.000,0.000,0.000,0.000,1.000,0.00,0.05,0.00,neutral,default
♊,gemini,0.000,0.000,0.000,0.000,0.000,0.000,0.000,1.000,0.00,0.05,0.00,neutral,default
🧞,genie,0.000,0.000,0.000,0.000,0.000,0.000,0.000,1.000,0.00,0.05,0.00,neutral,default
🇬🇪,georgia,0.000,0.000,0.000,0.000,0.000,0.000,0.000,1.000,0.00,0.05,0.00,neutral,default
🇩🇪,germany,0.000,0.000,0.000,0.000,0.000,0.000,0.000,1.000,0.00,0.05,0.00,neutral,default
🇬🇭,ghana,0.000,0.000,0.000,0.000,0.000,0.000,0.000,1.000,0.00,0.05,0.00,neutral,default
🇬🇮,gibraltar,0.000,0.000,0.000,0.000,0.000,0.000,0.000,1.000,0.00,0.05,0.00,neutral,default
🫚,ginger_root,0.000,0.000,0.000,0.000,0.000,0.000,0.000,1.000,0.00,0.05,0.00,neutral,default
🦒,giraffe,0.000,0.000,0.000,0.000,0.000,0.000,0.000,1.000,0.00,0.05,0.00,neutral,default
👧,girl,0.000,0.000,0.000,0.000,0.000,0.000,0.000,1.000,0.00,0.05,0.00,neutral,default
👧🏿,girl_dark_skin_tone,0.000,0.000,0.000,0.000,0.000,0.000,0.000,1.000,0.00,0.05,0.00,neutral,default
👧🏻,girl_light_skin_tone,0.000,0.000,0.000,0.000,0.000,0.000,0.000,1.000,0.00,0.05,0.00,neutral,default
👧🏾,girl_medium-dark_skin_tone,0.000,0.000,0.000,0.000,0.000,0.000,0.000,1.000,0.00,0.05,0.00,neutral,default
👧🏼,girl_medium-light_skin_tone,0.000,0.000,0.000,0.000,0.000,0.000,0.000,1.000,0.00,0.05,0.00,neutral,default
👧🏽,girl_medium_skin_tone,0.000,0.000,0.000,0.000,0.000,0.000,0.000,1.000,0.00,0.05,0.00,neutral,default
🥛,glass_of_milk,0.000,0.000,0.000,0.000,0.000,0.000,0.000,1.000,0.00,0.05,0.00,neutral,default
👓,glasses,0.000,0.000,0.000,0.000,0.000,0.000,0.000,1.000,0.00,0.05,0.00,neutral,default
🌎,globe_showing_americas,0.000,0.000,0.000,0.000,0.000,0.000,0.000,1.000,0.00,0.05,0.00,neutral,default
🌏,globe_showing_asia-australia,0.000,0.000,0.000,0.000,0.000,0.000,0.000,1.000,0.00,0.05,0.00,neutral,default
🌍,globe_showing_europe-africa,0.000,0.000,0.000,0.000,0.000,0.000,0.000,1.000,0.00,0.05,0.00,neutral,default
🌐,globe_with_meridians,0.000,0.000,0.000,0.000,0.000,0.000,0.000,1.000,0.00,0.05,0.00,neutral,default
🧤,gloves,0.000,0.000,0.000,0.000,0.000,0.000,0.000,1.000,0.00,0.05,0.00,neutral,default
🥅,goal_net,0.000,0.000,0.000,0.000,0.000,0.000,0.000,1.000,0.00,0.05,0.00,neutral,default
🥽,goggles,0.000,0.000,0.000,0.000,0.000,0.000,0.000,1.000,0.00,0.05,0.00,neutral,default
🪿,goose,0.000,0.000,0.000,0.000,0.000,0.000,0.000,1.000,0.00,0.05,0.00,neutral,default
🎓,graduation_cap,0.000,0.000,0.000,0.000,0.000,0.000,0.000,1.000,0.00,0.05,0.00,neutral,default
🍇,grapes,0.000,0.000,0.000,0.000,0.000,0.000,0.000,1.000,0.00,0.05,0.00,neutral,default
🇬🇷,greece,0.000,0.000,0.000,0.000,0.000,0.000,0.000,1.000,0.00,0.05,0.00,neutral,default
🍏,green_apple,0.000,0.000,0.000,0.000,0.000,0.000,0.000,1.000,0.00,0.05,0.00,neutral,default
📗,green_book,0.000,0.000,0.000,0.000,0.000,0.000,0.000,1.000,0.00,0.05,0.00,neutral,default
🟢,green_circle,0.000,0.000,0.000,0.000,0.000,0.000,0.000,1.000,0.00,0.05,0.00,neutral,default
🥗,green_salad,0.000,0.000,0.000,0.000,0.000,0.000,0.000,1.000,0.00,0.05,0.00,neutral,default
🟩,green_square,0.000,0.000,0.000,0.000,0.000,0.000,0.000,1.000,0.00,0.05,0.00,neutral,default
🇬🇱,greenland,0.000,0.000,0.000,0.000,0.000,0.000,0.000,1.000,0.00,0.05,0.00,neutral,default
🇬🇩,grenada,0.000,0.000,0.000,0.000,0.000,0.000,0.000,1.000,0.00,0.05,0.00,neutral,default
🇬🇵,guadeloupe,0.000,0.000,0.000,0.000,0.000,0.000,0.000,1.000,0.00,0.05,0.00,neutral,default
🇬🇺,guam,0.000,0.000,0.000,0.000,0.000,0.000,0.000,1.000,0.00,0.05,0.00,neutral,default
💂,guard,0.000,0.000,0.000,0.000,0.000,0.000,0.000,1.000,0.00,0.05,0.00,neutral,default
💂🏿,guard_dark_skin_tone,0.000,0.000,0.000,0.000,0.000,0.000,0.000,1.000,0.00,0.05,0.00,neutral,default
💂🏻,guard_light_skin_tone,0.000,0.000,0.000,0.000,0.000,0.000,0.000,1.000,0.00,0.05,0.00,neutral,default
💂🏾,guard_medium-dark_skin_tone,0.000,0.000,0.000,0.000,0.000,0.000,0.000,1.000,0.00,0.05,0.00,neutral,default
💂🏼,guard_medium-light_skin_tone,0.000,0.000,0.000,0.000,0.000,0.000,0.000,1.000,0.00,0.05,0.00,neutral,default
💂🏽,guard_medium_skin_tone,0.000,0.000,0.000,0.000,0.000,0.000,0.000,1.000,0.00,0.05,0.00,neutral,default
🇬🇹,guatemala,0.000,0.000,0.000,0.000,0.000,0.000,0.000,1.000,0.00,0.05,0.00,neutral,default
🇬🇬,guernsey,0.000,0.000,0.000,0.000,0.000,0.000,0.000,1.000,0.00,0.05,0.00,neutral,default
🦮,guide_dog,0.000,0.000,0.000,0.000,0.000,0.000,0.000,1.000,0.00,0.05,0.00,neutral,default
🇬🇳,guinea,0.000,0.000,0.000,0.000,0.000,0.000,0.000,1.000,0.00,0.05,0.00,neutral,default
🇬🇼,guinea-bissau,0.000,0.000,0.000,0.000,0.000,0.000,0.000,1.000,0.00,0.05,0.00,neutral,default
🎸,guitar,0.000,0.000,0.000,0.000,0.000,0.000,0.000,1.000,0.00,0.05,0.00,neutral,default
🇬🇾,guyana,0.000,0.000,0.000,0.000,0.000,0.000,0.000,1.000,0.00,0.05,0.00,neutral,default
🪮,hair_pick,0.000,0.000,0.000,0.000,0.000,0.000,0.000,1.000,0.00,0.05,0.00,neutral,default
🫈,hairy_creature,0.000,0.000,0.000,0.000,0.000,0.000,0.000,1.000,0.00,0.05,0.00,neutral,default
🇭🇹,haiti,0.000,0.000,0.000,0.000,0.000,0.000,0.000,1.000,0.00,0.05,0.00,neutral,default
🍔,hamburger,0.000,0.000,0.000,0.000,0.000,0.000,0.000,1.000,0.00,0.05,0.00,neutral,default
🔨,hammer,0.000,0.000,0.000,0.000,0.000,0.000,0.000,1.000,0.00,0.05,0.00,neutral,default
⚒️,hammer_and_pick,0.000,0.000,0.000,0.000,0.000,0.000,0.000,1.000,0.00,0.05,0.00,neutral,default
🛠️,hammer_and_wrench,0.000,0.000,0.000,0.000,0.000,0.000,0.000,1.000,0.00,0.05,0.00,neutral,default
🪬,hamsa,0.000,0.000,0.000,0.000,0.000,0.000,0.000,1.000,0.00,0.05,0.00,neutral,default
🐹,hamster,0.000,0.000,0.000,0.000,0.000,0.000,0.000,1.000,0.00,0.05,0.00,neutral,default
🖐️,hand_with_fingers_splayed,0.000,0.000,0.000,0.000,0.000,0.000,0.000,1.000,0.00,0.05,0.00,neutral,default
🖐🏿,hand_with_fingers_splayed_dark_skin_tone,0.000,0.000,0.000,0.000,0.000,0.000,0.000,1.000,0.00,0.05,0.00,neutral,default
🖐🏻,hand_with_fingers_splayed_light_skin_tone,0.000,0.000,0.000,0.000,0.000,0.000,0.000,1.000,0.00,0.05,0.00,neutral,default
🖐🏾,hand_with_fingers_splayed_medium-dark_skin_tone,0.000,0.000,0.000,0.000,0.000,0.000,0.000,1.000,0.00,0.05,0.00,neutral,default
🖐🏼,hand_with_fingers_splayed_medium-light_skin_tone,0.000,0.000,0.000,0.000,0.000,0.000,0.000,1.000,0.00,0.05,0.00,neutral,default
🖐🏽,hand_with_fingers_splayed_medium_skin_tone,0.000,0.000,0.000,0.000,0.000,0.000,0.000,1.000,0.00,0.05,0.00,neutral,default
👜,handbag,0.000,0.000,0.000,0.000,0.000,0.000,0.000,1.000,0.00,0.05,0.00,neutral,default
🫱🏿‍🫲🏻,handshake_dark_skin_tone_light_skin_tone,0.000,0.000,0.000,0.000,0.000,0.000,0.000,1.000,0.00,0.05,0.00,neutral,default
🫱🏿‍🫲🏾,handshake_dark_skin_tone_medium-dark_skin_tone,0.000,0.000,0.000,0.000,0.000,0.000,0.000,1.000,0.00,0.05,0.00,neutral,default
🫱🏿‍🫲🏼,handshake_dark_skin_tone_medium-light_skin_tone,0.000,0.000,0.000,0.000,0.000,0.000,0.000,1.000,0.00,0.05,0.00,neutral,default
🫱🏿‍🫲🏽,handshake_dark_skin_tone_medium_skin_tone,0.000,0.000,0.000,0.000,0.000,0.000,0.000,1.000,0.00,0.05,0.00,neutral,default
🫱🏻‍🫲🏿,handshake_light_skin_tone_dark_skin_tone,0.000,0.000,0.000,0.000,0.000,0.000,0.000,1.000,0.00,0.05,0.00,neutral,default
🫱🏻‍🫲🏾,handshake_light_skin_tone_medium-dark_skin_tone,0.000,0.000,0.000,0.000,0.000,0.000,0.000,1.000,0.00,0.05,0.00,neutral,default
🫱🏻‍🫲🏼,handshake_light_skin_tone_medium-light_skin_tone,0.000,0.000,0.000,0.000,0.000,0.000,0.000,1.000,0.00,0.05,0.00,neutral,default
🫱🏻‍🫲🏽,handshake_light_skin_tone_medium_skin_tone,0.000,0.000,0.000,0.000,0.000,0.000,0.000,1.000,0.00,0.05,0.00,neutral,default
🫱🏾‍🫲🏿,handshake_medium-dark_skin_tone_dark_skin_tone,0.000,0.000,0.000,0.000,0.000,0.000,0.000,1.000,0.00,0.05,0.00,neutral,default
🫱🏾‍🫲🏻,handshake_medium-dark_skin_tone_light_skin_tone,0.000,0.000,0.000,0.000,0.000,0.000,0.000,1.000,0.00,0.05,0.00,neutral,default
🫱🏾‍🫲🏼,handshake_medium-dark_skin_tone_medium-light_skin_tone,0.000,0.000,0.000,0.000,0.000,0.000,0.000,1.000,0.00,0.05,0.00,neutral,default
🫱🏾‍🫲🏽,handshake_medium-dark_skin_tone_medium_skin_tone,0.000,0.000,0.000,0.000,0.000,0.000,0.000,1.000,0.00,0.05,0.00,neutral,default
🫱🏼‍🫲🏿,handshake_medium-light_skin_tone_dark_skin_tone,0.000,0.000,0.000,0.000,0.000,0.000,0.000,1.000,0.00,0.05,0.00,neutral,default
🫱🏼‍🫲🏻,handshake_medium-light_skin_tone_light_skin_tone,0.000,0.000,0.000,0.000,0.000,0.000,0.000,1.000,0.00,0.05,0.00,neutral,default
🫱🏼‍🫲🏾,handshake_medium-light_skin_tone_medium-dark_skin_tone,0.000,0.000,0.000,0.000,0.000,0.000,0.000,1.000,0.00,0.05,0.00,neutral,default
🫱🏼‍🫲🏽,handshake_medium-light_skin_tone_medium_skin_tone,0.000,0.000,0.000,0.000,0.000,0.000,0.000,1.000,0.00,0.05,0.00,neutral,default
🫱🏽‍🫲🏿,handshake_medium_skin_tone_dark_skin_tone,0.000,0.000,0.000,0.000,0.000,0.000,0.000,1.000,0.00,0.05,0.00,neutral,default
🫱🏽‍🫲🏻,handshake_medium_skin_tone_light_skin_tone,0.000,0.000,0.000,0.000,0.000,0.000,0.000,1.000,0.00,0.05,0.00,neutral,default
🫱🏽‍🫲🏾,handshake_medium_skin_tone_medium-dark_skin_tone,0.000,0.000,0.000,0.000,0.000,0.000,0.000,1.000,0.00,0.05,0.00,neutral,default
🫱🏽‍🫲🏼,handshake_medium_skin_tone_medium-light_skin_tone,0.000,0.000,0.000,0.000,0.000,0.000,0.000,1.000,0.00,0.05,0.00,neutral,default
🪉,harp,0.000,0.000,0.000,0.000,0.000,0.000,0.000,1.000,0.00,0.05,0.00,neutral,default
🐣,hatching_chick,0.000,0.000,0.000,0.000,0.000,0.000,0.000,1.000,0.00,0.05,0.00,neutral,default
🎧,headphone,0.000,0.000,0.000,0.000,0.000,0.000,0.000,1.000,0.00,0.05,0.00,neutral,default
🧑‍⚕️,health_worker,0.000,0.000,0.000,0.000,0.000,0.000,0.000,1.000,0.00,0.05,0.00,neutral,default
🧑🏿‍⚕️,health_worker_dark_skin_tone,0.000,0.000,0.000,0.000,0.000,0.000,0.000,1.000,0.00,0.05,0.00,neutral,default
🧑🏻‍⚕️,health_worker_light_skin_tone,0.000,0.000,0.000,0.000,0.000,0.000,0.000,1.000,0.00,0.05,0.00,neutral,default
🧑🏾‍⚕️,health_worker_medium-dark_skin_tone,0.000,0.000,0.000,0.000,0.000,0.000,0.000,1.000,0.00,0.05,0.00,neutral,default
🧑🏼‍⚕️,health_worker_medium-light_skin_tone,0.000,0.000,0.000,0.000,0.000,0.000,0.000,1.000,0.00,0.05,0.00,neutral,default
🧑🏽‍⚕️,health_worker_medium_skin_tone,0.000,0.000,0.000,0.000,0.000,0.000,0.000,1.000,0.00,0.05,0.00,neutral,default
🇭🇲,heard_island_&_mcdonald_islands,0.000,0.000,0.000,0.000,0.000,0.000,0.000,1.000,0.00,0.05,0.00,neutral,default
💲,heavy_dollar_sign,0.000,0.000,0.000,0.000,0.000,0.000,0.000,1.000,0.00,0.05,0.00,neutral,default
🟰,heavy_equals_sign,0.000,0.000,0.000,0.000,0.000,0.000,0.000,1.000,0.00,0.05,0.00,neutral,default
🦔,hedgehog,0.000,0.000,0.000,0.000,0.000,0.000,0.000,1.000,0.00,0.05,0.00,neutral,default
🚁,helicopter,0.000,0.000,0.000,0.000,0.000,0.000,0.000,1.000,0.00,0.05,0.00,neutral,default
🌿,herb,0.000,0.000,0.000,0.000,0.000,0.000,0.000,1.000,0.00,0.05,0.00,neutral,default
🌺,hibiscus,0.000,0.000,0.000,0.000,0.000,0.000,0.000,1.000,0.00,0.05,0.00,neutral,default
👠,high-heeled_shoe,0.000,0.000,0.000,0.000,0.000,0.000,0.000,1.000,0.00,0.05,0.00,neutral,default
🚄,high-speed_train,0.000,0.000,0.000,0.000,0.000,0.000,0.000,1.000,0.00,0.05,0.00,neutral,default
🥾,hiking_boot,0.000,0.000,0.000,0.000,0.000,0.000,0.000,1.000,0.00,0.05,0.00,neutral,default
🛕,hindu_temple,0.000,0.000,0.000,0.000,0.000,0.000,0.000,1.000,0.00,0.05,0.00,neutral,default
🦛,hippopotamus,0.000,0.000,0.000,0.000,0.000,0.000,0.000,1.000,0.00,0.05,0.00,neutral,default
🕳️,hole,0.000,0.000,0.000,0.000,0.000,0.000,0.000,1.000,0.00,0.05,0.00,neutral,default
⭕,hollow_red_circle,0.000,0.000,0.000,0.000,0.000,0.000,0.000,1.000,0.00,0.05,0.00,neutral,default
🇭🇳,honduras,0.000,0.000,0.000,0.000,0.000,0.000,0.000,1.000,0.00,0.05,0.00,neutral,default
🍯,honey_pot,0.000,0.000,0.000,0.000,0.000,0.000,0.000,1.000,0.00,0.05,0.00,neutral,default
🐝,honeybee,0.000,0.000,0.000,0.000,0.000,0.000,0.000,1.000,0.00,0.05,0.00,neutral,default
🇭🇰,hong_kong_sar_china,0.000,0.000,0.000,0.000,0.000,0.000,0.000,1.000,0.00,0.05,0.00,neutral,default
🪝,hook,0.000,0.000,0.000,0.000,0.000,0.000,0.000,1.000,0.00,0.05,0.00,neutral,default
🚥,horizontal_traffic_light,0.000,0.000,0.000,0.000,0.000,0.000,0.000,1.000,0.00,0.05,0.00,neutral,default
🐎,horse,0.000,0.000,0.000,0.000,0.000,0.000,0.000,1.000,0.00,0.05,0.00,neutral,default
🐴,horse_face,0.000,0.000,0.000,0.000,0.000,0.000,0.000,1.000,0.00,0.05,0.00,neutral,default
🏇,horse_racing,0.000,0.000,0.000,0.000,0.000,0.000,0.000,1.000,0.00,0.05,0.00,neutral,default
🏇🏿,horse_racing_dark_skin_tone,0.000,0.000,0.000,0.000,0.000,0.000,0.000,1.000,0.00,0.05,0.00,neutral,default
🏇🏻,horse_racing_light_skin_tone,0.000,0.000,0.000,0.000,0.000,0.000,0.000,1.000,0.00,0.05,0.00,neutral,default
🏇🏾,horse_racing_medium-dark_skin_tone,0.000,0.000,0.000,0.000,0.000,0.000,0.000,1.000,0.00,0.05,0.00,neutral,default
🏇🏼,horse_racing_medium-light_skin_tone,0.000,0.000,0.000,0.000,0.000,0.000,0.000,1.000,0.00,0.05,0.00,neutral,default
🏇🏽,horse_racing_medium_skin_tone,0.000,0.000,0.000,0.000,0.000,0.000,0.000,1.000,0.00,0.05,0.00,neutral,default
🏥,hospital,0.000,0.000,0.000,0.000,0.000,0.000,0.000,1.000,0.00,0.05,0.00,neutral,default
🌭,hot_dog,0.000,0.000,0.000,0.000,0.000,0.000,0.000,1.000,0.00,0.05,0.00,neutral,default
🌶️,hot_pepper,0.000,0.000,0.000,0.000,0.000,0.000,0.000,1.000,0.00,0.05,0.00,neutral,default
♨️,hot_springs,0.000,0.000,0.000,0.000,0.000,0.000,0.000,1.000,0.00,0.05,0.00,neutral,default
🏨,hotel,0.000,0.000,0.000,0.000,0.000,0.000,0.000,1.000,0.00,0.05,0.00,neutral,default
⌛,hourglass_done,0.000,0.000,0.000,0.000,0.000,0.000,0.000,1.000,0.00,0.05,0.00,neutral,default
⏳,hourglass_not_done,0.000,0.000,0.000,0.000,0.000,0.000,0.000,1.000,0.00,0.05,0.00,neutral,default
🏠,house,0.000,0.000,0.000,0.000,0.000,0.000,0.000,1.000,0.00,0.05,0.00,neutral,default
🏡,house_with_garden,0.000,0.000,0.000,0.000,0.000,0.000,0.000,1.000,0.00,0.05,0.00,neutral,default
🏘️,houses,0.000,0.000,0.000,0.000,0.000,0.000,0.000,1.000,0.00,0.05,0.00,neutral,default
🇭🇺,hungary,0.000,0.000,0.000,0.000,0.000,0.000,0.000,1.000,0.00,0.05,0.00,neutral,default
🛖,hut,0.000,0.000,0.000,0.000,0.000,0.000,0.000,1.000,0.00,0.05,0.00,neutral,default
🪻,hyacinth,0.000,0.000,0.000,0.000,0.000,0.000,0.000,1.000,0.00,0.05,0.00,neutral,default
🧊,ice,0.000,0.000,0.000,0.000,0.000,0.000,0.000,1.000,0.00,0.05,0.00,neutral,default
🍨,ice_cream,0.000,0.000,0.000,0.000,0.000,0.000,0.000,1.000,0.00,0.05,0.00,neutral,default
🏒,ice_hockey,0.000,0.000,0.000,0.000,0.000,0.000,0.000,1.000,0.00,0.05,0.00,neutral,default
⛸️,ice_skate,0.000,0.000,0.000,0.000,0.000,0.000,0.000,1.000,0.00,0.05,0.00,neutral,default
🇮🇸,iceland,0.000,0.000,0.000,0.000,0.000,0.000,0.000,1.000,0.00,0.05,0.00,neutral,default
🆔,id_button,0.000,0.000,0.000,0.000,0.000,0.000,0.000,1.000,0.00,0.05,0.00,neutral,default
🪪,identification_card,0.000,0.000,0.000,0.000,0.000,0.000,0.000,1.000,0.00,0.05,0.00,neutral,default
📥,inbox_tray,0.000,0.000,0.000,0.000,0.000,0.000,0.000,1.000,0.00,0.05,0.00,neutral,default
📨,incoming_envelope,0.000,0.000,0.000,0.000,0.000,0.000,0.000,1.000,0.00,0.05,0.00,neutral,default
☝️,index_pointing_up,0.000,0.000,0.000,0.000,0.000,0.000,0.000,1.000,0.00,0.05,0.00,neutral,default
☝🏿,index_pointing_up_dark_skin_tone,0.000,0.000,0.000,0.000,0.000,0.000,0.000,1.000,0.00,0.05,0.00,neutral,default
☝🏻,index_pointing_up_light_skin_tone,0.000,0.000,0.000,0.000,0.000,0.000,0.000,1.000,0.00,0.05,0.00,neutral,default
☝🏾,index_pointing_up_medium-dark_skin_tone,0.000,0.000,0.000,0.000,0.000,0.000,0.000,1.000,0.00,0.05,0.00,neutral,default
☝🏼,index_pointing_up_medium-light_skin_tone,0.000,0.000,0.000,0.000,0.000,0.000,0.000,1.000,0.00,0.05,0.00,neutral,default
☝🏽,index_pointing_up_medium_skin_tone,0.000,0.000,0.000,0.000,0.000,0.000,0.000,1.000,0.00,0.05,0.00,neutral,default
🇮🇳,india,0.000,0.000,0.000,0.000,0.000,0.000,0.000,1.000,0.00,0.05,0.00,neutral,default
🇮🇩,indonesia,0.000,0.000,0.000,0.000,0.000,0.000,0.000,1.000,0.00,0.05,0.00,neutral,default
♾️,infinity,0.000,0.000,0.000,0.000,0.000,0.000,0.000,1.000,0.00,0.05,0.00,neutral,default
ℹ️,information,0.000,0.000,0.000,0.000,0.000,0.000,0.000,1.000,0.00,0.05,0.00,neutral,default
🔤,input_latin_letters,0.000,0.000,0.000,0.000,0.000,0.000,0.000,1.000,0.00,0.05,0.00,neutral,default
🔡,input_latin_lowercase,0.000,0.000,0.000,0.000,0.000,0.000,0.000,1.000,0.00,0.05,0.00,neutral,default
🔠,input_latin_uppercase,0.000,0.000,0.000,0.000,0.000,0.000,0.000,1.000,0.00,0.05,0.00,neutral,default
🔢,input_numbers,0.000,0.000,0.000,0.000,0.000,0.000,0.000,1.000,0.00,0.05,0.00,neutral,default
🔣,input_symbols,0.000,0.000,0.000,0.000,0.000,0.000,0.000,1.000,0.00,0.05,0.00,neutral,default
🇮🇷,iran,0.000,0.000,0.000,0.000,0.000,0.000,0.000,1.000,0.00,0.05,0.00,neutral,default
🇮🇶,iraq,0.000,0.000,0.000,0.000,0.000,0.000,0.000,1.000,0.00,0.05,0.00,neutral,default
🇮🇪,ireland,0.000,0.000,0.000,0.000,0.000,0.000,0.000,1.000,0.00,0.05,0.00,neutral,default
🇮🇲,isle_of_man,0.000,0.000,0.000,0.000,0.000,0.000,0.000,1.000,0.00,0.05,0.00,neutral,default
🇮🇱,israel,0.000,0.000,0.000,0.000,0.000,0.000,0.000,1.000,0.00,0.05,0.00,neutral,default
🇮🇹,italy,0.000,0.000,0.000,0.000,0.000,0.000,0.000,1.000,0.00,0.05,0.00,neutral,default
🎃,jack-o-lantern,0.000,0.000,0.000,0.000,0.000,0.000,0.000,1.000,0.00,0.05,0.00,neutral,default
🇯🇲,jamaica,0.000,0.000,0.000,0.000,0.000,0.000,0.000,1.000,0.00,0.05,0.00,neutral,default
🇯🇵,japan,0.000,0.000,0.000,0.000,0.000,0.000,0.000,1.000,0.00,0.05,0.00,neutral,default
🉑,japanese_acceptable_button,0.000,0.000,0.000,0.000,0.000,0.000,0.000,1.000,0.00,0.05,0.00,neutral,default
🈸,japanese_application_button,0.000,0.000,0.000,0.000,0.000,0.000,0.000,1.000,0.00,0.05,0.00,neutral,default
🉐,japanese_bargain_button,0.000,0.000,0.000,0.000,0.000,0.000,0.000,1.000,0.00,0.05,0.00,neutral,default
🏯,japanese_castle,0.000,0.000,0.000,0.000,0.000,0.000,0.000,1.000,0.00,0.05,0.00,neutral,default
㊗️,japanese_congratulations_button,0.000,0.000,0.000,0.000,0.000,0.000,0.000,1.000,0.00,0.05,0.00,neutral,default
🈹,japanese_discount_button,0.000,0.000,0.000,0.000,0.000,0.000,0.000,1.000,0.00,0.05,0.00,neutral,default
🎎,japanese_dolls,0.000,0.000,0.000,0.000,0.000,0.000,0.000,1.000,0.00,0.05,0.00,neutral,default
🈚,japanese_free_of_charge_button,0.000,0.000,0.000,0.000,0.000,0.000,0.000,1.000,0.00,0.05,0.00,neutral,default
🈁,japanese_here_button,0.000,0.000,0.000,0.000,0.000,0.000,0.000,1.000,0.00,0.05,0.00,neutral,default
🈷️,japanese_monthly_amount_button,0.000,0.000,0.000,0.000,0.000,0.000,0.000,1.000,0.00,0.05,0.00,neutral,default
🈵,japanese_no_vacancy_button,0.000,0.000,0.000,0.000,0.000,0.000,0.000,1.000,0.00,0.05,0.00,neutral,default
🈶,japanese_not_free_of_charge_button,0.000,0.000,0.000,0.000,0.000,0.000,0.000,1.000,0.00,0.05,0.00,neutral,default
🈺,japanese_open_for_business_button,0.000,0.000,0.000,0.000,0.000,0.000,0.000,1.000,0.00,0.05,0.00,neutral,default
🈴,japanese_passing_grade_button,0.000,0.000,0.000,0.000,0.000,0.000,0.000,1.000,0.00,0.05,0.00,neutral,default
🏣,japanese_post_office,0.000,0.000,0.000,0.000,0.000,0.000,0.000,1.000,0.00,0.05,0.00,neutral,default
🈲,japanese_prohibited_button,0.000,0.000,0.000,0.000,0.000,0.000,0.000,1.000,0.00,0.05,0.00,neutral,default
🈯,japanese_reserved_button,0.000,0.000,0.000,0.000,0.000,0.000,0.000,1.000,0.00,0.05,0.00,neutral,default
㊙️,japanese_secret_button,0.000,0.000,0.000,0.000,0.000,0.000,0.000,1.000,0.00,0.05,0.00,neutral,default
🈂️,japanese_service_charge_button,0.000,0.000,0.000,0.000,0.000,0.000,0.000,1.000,0.00,0.05,0.00,neutral,default
🔰,japanese_symbol_for_beginner,0.000,0.000,0.000,0.000,0.000,0.000,0.000,1.000,0.00,0.05,0.00,neutral,default
🈳,japanese_vacancy_button,0.000,0.000,0.000,0.000,0.000,0.000,0.000,1.000,0.00,0.05,0.00,neutral,default
🫙,jar,0.000,0.000,0.000,0.000,0.000,0.000,0.000,1.000,0.00,0.05,0.00,neutral,default
👖,jeans,0.000,0.000,0.000,0.000,0.000,0.000,0.000,1.000,0.00,0.05,0.00,neutral,default
🪼,jellyfish,0.000,0.000,0.000,0.000,0.000,0.000,0.000,1.000,0.00,0.05,0.00,neutral,default
🇯🇪,jersey,0.000,0.000,0.000,0.000,0.000,0.000,0.000,1.000,0.00,0.05,0.00,neutral,default
🃏,joker,0.000,0.000,0.000,0.000,0.000,0.000,0.000,1.000,0.00,0.05,0.00,neutral,default
🇯🇴,jordan,0.000,0.000,0.000,0.000,0.000,0.000,0.000,1.000,0.00,0.05,0.00,neutral,default
🕹️,joystick,0.000,0.000,0.000,0.000,0.000,0.000,0.000,1.000,0.00,0.05,0.00,neutral,default
🧑‍⚖️,judge,0.000,0.000,0.000,0.000,0.000,0.000,0.000,1.000,0.00,0.05,0.00,neutral,default
🧑🏿‍⚖️,judge_dark_skin_tone,0.000,0.000,0.000,0.000,0.000,0.000,0.000,1.000,0.00,0.05,0.00,neutral,default
🧑🏻‍⚖️,judge_light_skin_tone,0.000,0.000,0.000,0.000,0.000,0.000,0.000,1.000,0.00,0.05,0.00,neutral,default
🧑🏾‍⚖️,judge_medium-dark_skin_tone,0.000,0.000,0.000,0.000,0.000,0.000,0.000,1.000,0.00,0.05,0.00,neutral,default
🧑🏼‍⚖️,judge_medium-light_skin_tone,0.000,0.000,0.000,0.000,0.000,0.000,0.000,1.000,0.00,0.05,0.00,neutral,default
🧑🏽‍⚖️,judge_medium_skin_tone,0.000,0.000,0.000,0.000,0.000,0.000,0.000,1.000,0.00,0.05,0.00,neutral,default
🕋,kaaba,0.000,0.000,0.000,0.000,0.000,0.000,0.000,1.000,0.00,0.05,0.00,neutral,default
🦘,kangaroo,0.000,0.000,0.000,0.000,0.000,0.000,0.000,1.000,0.00,0.05,0.00,neutral,default
🇰🇿,kazakhstan,0.000,0.000,0.000,0.000,0.000,0.000,0.000,1.000,0.00,0.05,0.00,neutral,default
🇰🇪,kenya,0.000,0.000,0.000,0.000,0.000,0.000,0.000,1.000,0.00,0.05,0.00,neutral,default
🔑,key,0.000,0.000,0.000,0.000,0.000,0.000,0.000,1.000,0.00,0.05,0.00,neutral,default
⌨️,keyboard,0.000,0.000,0.000,0.000,0.000,0.000,0.000,1.000,0.00,0.05,0.00,neutral,default
#️⃣,keycap_#,0.000,0.000,0.000,0.000,0.000,0.000,0.000,1.000,0.00,0.05,0.00,neutral,default
*️⃣,keycap_*,0.000,0.000,0.000,0.000,0.000,0.000,0.000,1.000,0.00,0.05,0.00,neutral,default
0️⃣,keycap_0,0.000,0.000,0.000,0.000,0.000,0.000,0.000,1.000,0.00,0.05,0.00,neutral,default
1️⃣,keycap_1,0.000,0.000,0.000,0.000,0.000,0.000,0.000,1.000,0.00,0.05,0.00,neutral,default
🔟,keycap_10,0.000,0.000,0.000,0.000,0.000,0.000,0.000,1.000,0.00,0.05,0.00,neutral,default
2️⃣,keycap_2,0.000,0.000,0.000,0.000,0.000,0.000,0.000,1.000,0.00,0.05,0.00,neutral,default
3️⃣,keycap_3,0.000,0.000,0.000,0.000,0.000,0.000,0.000,1.000,0.00,0.05,0.00,neutral,default
4️⃣,keycap_4,0.000,0.000,0.000,0.000,0.000,0.000,0.000,1.000,0.00,0.05,0.00,neutral,default
5️⃣,keycap_5,0.000,0.000,0.000,0.000,0.000,0.000,0.000,1.000,0.00,0.05,0.00,neutral,default
6️⃣,keycap_6,0.000,0.000,0.000,0.000,0.000,0.000,0.000,1.000,0.00,0.05,0.00,neutral,default
7️⃣,keycap_7,0.000,0.000,0.000,0.000,0.000,0.000,0.000,1.000,0.00,0.05,0.00,neutral,default
8️⃣,keycap_8,0.000,0.000,0.000,0.000,0.000,0.000,0.000,1.000,0.00,0.05,0.00,neutral,default
9️⃣,keycap_9,0.000,0.000,0.000,0.000,0.000,0.000,0.000,1.000,0.00,0.05,0.00,neutral,default
🪯,khanda,0.000,0.000,0.000,0.000,0.000,0.000,0.000,1.000,0.00,0.05,0.00,neutral,default
🛴,kick_scooter,0.000,0.000,0.000,0.000,0.000,0.000,0.000,1.000,0.00,0.05,0.00,neutral,default
👘,kimono,0.000,0.000,0.000,0.000,0.000,0.000,0.000,1.000,0.00,0.05,0.00,neutral,default
🇰🇮,kiribati,0.000,0.000,0.000,0.000,0.000,0.000,0.000,1.000,0.00,0.05,0.00,neutral,default
🪁,kite,0.000,0.000,0.000,0.000,0.000,0.000,0.000,1.000,0.00,0.05,0.00,neutral,default
🥝,kiwi_fruit,0.000,0.000,0.000,0.000,0.000,0.000,0.000,1.000,0.00,0.05,0.00,neutral,default
🪢,knot,0.000,0.000,0.000,0.000,0.000,0.000,0.000,1.000,0.00,0.05,0.00,neutral,default
🐨,koala,0.000,0.000,0.000,0.000,0.000,0.000,0.000,1.000,0.00,0.05,0.00,neutral,default
🇽🇰,kosovo,0.000,0.000,0.000,0.000,0.000,0.000,0.000,1.000,0.00,0.05,0.00,neutral,default
🇰🇼,kuwait,0.000,0.000,0.000,0.000,0.000,0.000,0.000,1.000,0.00,0.05,0.00,neutral,default
🇰🇬,kyrgyzstan,0.000,0.000,0.000,0.000,0.000,0.000,0.000,1.000,0.00,0.05,0.00,neutral,default
🥼,lab_coat,0.000,0.000,0.000,0.000,0.000,0.000,0.000,1.000,0.00,0.05,0.00,neutral,default
🏷️,label,0.000,0.000,0.000,0.000,0.000,0.000,0.000,1.000,0.00,0.05,0.00,neutral,default
🥍,lacrosse,0.000,0.000,0.000,0.000,0.000,0.000,0.000,1.000,0.00,0.05,0.00,neutral,default
🪜,ladder,0.000,0.000,0.000,0.000,0.000,0.000,0.000,1.000,0.00,0.05,0.00,neutral,default
🐞,lady_beetle,0.000,0.000,0.000,0.000,0.000,0.000,0.000,1.000,0.00,0.05,0.00,neutral,default
🛘,landslide,0.000,0.000,0.000,0.000,0.000,0.000,0.000,1.000,0.00,0.05,0.00,neutral,default
🇱🇦,laos,0.000,0.000,0.000,0.000,0.000,0.000,0.000,1.000,0.00,0.05,0.00,neutral,default
💻,laptop,0.000,0.000,0.000,0.000,0.000,0.000,0.000,1.000,0.00,0.05,0.00,neutral,default
🔷,large_blue_diamond,0.000,0.000,0.000,0.000,0.000,0.000,0.000,1.000,0.00,0.05,0.00,neutral,default
🔶,large_orange_diamond,0.000,0.000,0.000,0.000,0.000,0.000,0.000,1.000,0.00,0.05,0.00,neutral,default
🌗,last_quarter_moon,0.000,0.000,0.000,0.000,0.000,0.000,0.000,1.000,0.00,0.05,0.00,neutral,default
🌜,last_quarter_moon_face,0.000,0.000,0.000,0.000,0.000,0.000,0.000,1.000,0.00,0.05,0.00,neutral,default
⏮️,last_track_button,0.000,0.000,0.000,0.000,0.000,0.000,0.000,1.000,0.00,0.05,0.00,neutral,default
✝️,latin_cross,0.000,0.000,0.000,0.000,0.000,0.000,0.000,1.000,0.00,0.05,0.00,neutral,default
🇱🇻,latvia,0.000,0.000,0.000,0.000,0.000,0.000,0.000,1.000,0.00,0.05,0.00,neutral,default
🍃,leaf_fluttering_in_wind,0.000,0.000,0.000,0.000,0.000,0.000,0.000,1.000,0.00,0.05,0.00,neutral,default
🪾,leafless_tree,0.000,0.000,0.000,0.000,0.000,0.000,0.000,1.000,0.00,0.05,0.00,neutral,default
🥬,leafy_green,0.000,0.000,0.000,0.000,0.000,0.000,0.000,1.000,0.00,0.05,0.00,neutral,default
🇱🇧,lebanon,0.000,0.000,0.000,0.000,0.000,0.000,0.000,1.000,0.00,0.05,0.00,neutral,default
📒,ledger,0.000,0.000,0.000,0.000,0.000,0.000,0.000,1.000,0.00,0.05,0.00,neutral,default
↔️,left-right_arrow,0.000,0.000,0.000,0.000,0.000,0.000,0.000,1.000,0.00,0.05,0.00,neutral,default
⬅️,left_arrow,0.000,0.000,0.000,0.000,0.000,0.000,0.000,1.000,0.00,0.05,0.00,neutral,default
↪️,left_arrow_curving_right,0.000,0.000,0.000,0.000,0.000,0.000,0.000,1.000,0.00,0.05,0.00,neutral,default
🛅,left_luggage,0.000,0.000,0.000,0.000,0.000,0.000,0.000,1.000,0.00,0.05,0.00,neutral,default
🗨️,left_speech_bubble,0.000,0.000,0.000,0.000,0.000,0.000,0.000,1.000,0.00,0.05,0.00,neutral,default
🫲,leftwards_hand,0.000,0.000,0.000,0.000,0.000,0.000,0.000,1.000,0.00,0.05,0.00,neutral,default
🫲🏿,leftwards_hand_dark_skin_tone,0.000,0.000,0.000,0.000,0.000,0.000,0.000,1.000,0.00,0.05,0.00,neutral,default
🫲🏻,leftwards_hand_light_skin_tone,0.000,0.000,0.000,0.000,0.000,0.000,0.000,1.000,0.00,0.05,0.00,neutral,default
🫲🏾,leftwards_hand_medium-dark_skin_tone,0.000,0.000,0.000,0.000,0.000,0.000,0.000,1.000,0.00,0.05,0.00,neutral,default
🫲🏼,leftwards_hand_medium-light_skin_tone,0.000,0.000,0.000,0.000,0.000,0.000,0.000,1.000,0.00,0.05,0.00,neutral,default
🫲🏽,leftwards_hand_medium_skin_tone,0.000,0.000,0.000,0.000,0.000,0.000,0.000,1.000,0.00,0.05,0.00,neutral,default
🫷,leftwards_pushing_hand,0.000,0.000,0.000,0.000,0.000,0.000,0.000,1.000,0.00,0.05,0.00,neutral,default
🫷🏿,leftwards_pushing_hand_dark_skin_tone,0.000,0.000,0.000,0.000,0.000,0.000,0.000,1.000,0.00,0.05,0.00,neutral,default
🫷🏻,leftwards_pushing_hand_light_skin_tone,0.000,0.000,0.000,0.000,0.000,0.000,0.000,1.000,0.00,0.05,0.00,neutral,default
🫷🏾,leftwards_pushing_hand_medium-dark_skin_tone,0.000,0.000,0.000,0.000,0.000,0.000,0.000,1.000,0.00,0.05,0.00,neutral,default
🫷🏼,leftwards_pushing_hand_medium-light_skin_tone,0.000,0.000,0.000,0.000,0.000,0.000,0.000,1.000,0.00,0.05,0.00,neutral,default
🫷🏽,leftwards_pushing_hand_medium_skin_tone,0.000,0.000,0.000,0.000,0.000,0.000,0.000,1.000,0.00,0.05,0.00,neutral,default
🫹,leftwards_thumb_sign,0.000,0.000,0.000,0.000,0.000,0.000,0.000,1.000,0.00,0.05,0.00,neutral,default
🫹🏿,leftwards_thumb_sign_dark_skin_tone,0.000,0.000,0.000,0.000,0.000,0.000,0.000,1.000,0.00,0.05,0.00,neutral,default
🫹🏻,leftwards_thumb_sign_light_skin_tone,0.000,0.000,0.000,0.000,0.000,0.000,0.000,1.000,0.00,0.05,0.00,neutral,default
🫹🏾,leftwards_thumb_sign_medium-dark_skin_tone,0.000,0.000,0.000,0.000,0.000,0.000,0.000,1.000,0.00,0.05,0.00,neutral,default
🫹🏼,leftwards_thumb_sign_medium-light_skin_tone,0.000,0.000,0.000,0.000,0.000,0.000,0.000,1.000,0.00,0.05,0.00,neutral,default
🫹🏽,leftwards_thumb_sign_medium_skin_tone,0.000,0.000,0.000,0.000,0.000,0.000,0.000,1.000,0.00,0.05,0.00,neutral,default
🦵,leg,0.000,0.000,0.000,0.000,0.000,0.000,0.000,1.000,0.00,0.05,0.00,neutral,default
🦵🏿,leg_dark_skin_tone,0.000,0.000,0.000,0.000,0.000,0.000,0.000,1.000,0.00,0.05,0.00,neutral,default
🦵🏻,leg_light_skin_tone,0.000,0.000,0.000,0.000,0.000,0.000,0.000,1.000,0.00,0.05,0.00,neutral,default
🦵🏾,leg_medium-dark_skin_tone,0.000,0.000,0.000,0.000,0.000,0.000,0.000,1.000,0.00,0.05,0.00,neutral,default
🦵🏼,leg_medium-light_skin_tone,0.000,0.000,0.000,0.000,0.000,0.000,0.000,1.000,0.00,0.05,0.00,neutral,default
🦵🏽,leg_medium_skin_tone,0.000,0.000,0.000,0.000,0.000,0.000,0.000,1.000,0.00,0.05,0.00,neutral,default
🍋,lemon,0.000,0.000,0.000,0.000,0.000,0.000,0.000,1.000,0.00,0.05,0.00,neutral,default
♌,leo,0.000,0.000,0.000,0.000,0.000,0.000,0.000,1.000,0.00,0.05,0.00,neutral,default
🐆,leopard,0.000,0.000,0.000,0.000,0.000,0.000,0.000,1.000,0.00,0.05,0.00,neutral,default
🇱🇸,lesotho,0.000,0.000,0.000,0.000,0.000,0.000,0.000,1.000,0.00,0.05,0.00,neutral,default
🎚️,level_slider,0.000,0.000,0.000,0.000,0.000,0.000,0.000,1.000,0.00,0.05,0.00,neutral,default
🇱🇷,liberia,0.000,0.000,0.000,0.000,0.000,0.000,0.000,1.000,0.00,0.05,0.00,neutral,default
♎,libra,0.000,0.000,0.000,0.000,0.000,0.000,0.000,1.000,0.00,0.05,0.00,neutral,default
🇱🇾,libya,0.000,0.000,0.000,0.000,0.000,0.000,0.000,1.000,0.00,0.05,0.00,neutral,default
🇱🇮,liechtenstein,0.000,0.000,0.000,0.000,0.000,0.000,0.000,1.000,0.00,0.05,0.00,neutral,default
🚈,light_rail,0.000,0.000,0.000,0.000,0.000,0.000,0.000,1.000,0.00,0.05,0.00,neutral,default
🛙,lighthouse,0.000,0.000,0.000,0.000,0.000,0.000,0.000,1.000,0.00,0.05,0.00,neutral,default
🍋‍🟩,lime,0.000,0.000,0.000,0.000,0.000,0.000,0.000,1.000,0.00,0.05,0.00,neutral,default
🔗,link,0.000,0.000,0.000,0.000,0.000,0.000,0.000,1.000,0.00,0.05,0.00,neutral,default
🖇️,linked_paperclips,0.000,0.000,0.000,0.000,0.000,0.000,0.000,1.000,0.00,0.05,0.00,neutral,default
🦁,lion,0.000,0.000,0.000,0.000,0.000,0.000,0.000,1.000,0.00,0.05,0.00,neutral,default
💄,lipstick,0.000,0.000,0.000,0.000,0.000,0.000,0.000,1.000,0.00,0.05,0.00,neutral,default
🇱🇹,lithuania,0.000,0.000,0.000,0.000,0.000,0.000,0.000,1.000,0.00,0.05,0.00,neutral,default
🚮,litter_in_bin_sign,0.000,0.000,0.000,0.000,0.000,0.000,0.000,1.000,0.00,0.05,0.00,neutral,default
🦎,lizard,0.000,0.000,0.000,0.000,0.000,0.000,0.000,1.000,0.00,0.05,0.00,neutral,default
🦙,llama,0.000,0.000,0.000,0.000,0.000,0.000,0.000,1.000,0.00,0.05,0.00,neutral,default
🦞,lobster,0.000,0.000,0.000,0.000,0.000,0.000,0.000,1.000,0.00,0.05,0.00,neutral,default
🔒,locked,0.000,0.000,0.000,0.000,0.000,0.000,0.000,1.000,0.00,0.05,0.00,neutral,default
🔐,locked_with_key,0.000,0.000,0.000,0.000,0.000,0.000,0.000,1.000,0.00,0.05,0.00,neutral,default
🔏,locked_with_pen,0.000,0.000,0.000,0.000,0.000,0.000,0.000,1.000,0.00,0.05,0.00,neutral,default
🚂,locomotive,0.000,0.000,0.000,0.000,0.000,0.000,0.000,1.000,0.00,0.05,0.00,neutral,default
🍭,lollipop,0.000,0.000,0.000,0.000,0.000,0.000,0.000,1.000,0.00,0.05,0.00,neutral,default
🪘,long_drum,0.000,0.000,0.000,0.000,0.000,0.000,0.000,1.000,0.00,0.05,0.00,neutral,default
🧴,lotion_bottle,0.000,0.000,0.000,0.000,0.000,0.000,0.000,1.000,0.00,0.05,0.00,neutral,default
🪷,lotus,0.000,0.000,0.000,0.000,0.000,0.000,0.000,1.000,0.00,0.05,0.00,neutral,default
📢,loudspeaker,0.000,0.000,0.000,0.000,0.000,0.000,0.000,1.000,0.00,0.05,0.00,neutral,default
🪫,low_battery,0.000,0.000,0.000,0.000,0.000,0.000,0.000,1.000,0.00,0.05,0.00,neutral,default
🧳,luggage,0.000,0.000,0.000,0.000,0.000,0.000,0.000,1.000,0.00,0.05,0.00,neutral,default
🫁,lungs,0.000,0.000,0.000,0.000,0.000,0.000,0.000,1.000,0.00,0.05,0.00,neutral,default
🇱🇺,luxembourg,0.000,0.000,0.000,0.000,0.000,0.000,0.000,1.000,0.00,0.05,0.00,neutral,default
🇲🇴,macao_sar_china,0.000,0.000,0.000,0.000,0.000,0.000,0.000,1.000,0.00,0.05,0.00,neutral,default
🇲🇬,madagascar,0.000,0.000,0.000,0.000,0.000,0.000,0.000,1.000,0.00,0.05,0.00,neutral,default
🧙,mage,0.000,0.000,0.000,0.000,0.000,0.000,0.000,1.000,0.00,0.05,0.00,neutral,default
🧙🏿,mage_dark_skin_tone,0.000,0.000,0.000,0.000,0.000,0.000,0.000,1.000,0.00,0.05,0.00,neutral,default
🧙🏻,mage_light_skin_tone,0.000,0.000,0.000,0.000,0.000,0.000,0.000,1.000,0.00,0.05,0.00,neutral,default
🧙🏾,mage_medium-dark_skin_tone,0.000,0.000,0.000,0.000,0.000,0.000,0.000,1.000,0.00,0.05,0.00,neutral,default
🧙🏼,mage_medium-light_skin_tone,0.000,0.000,0.000,0.000,0.000,0.000,0.000,1.000,0.00,0.05,0.00,neutral,default
🧙🏽,mage_medium_skin_tone,0.000,0.000,0.000,0.000,0.000,0.000,0.000,1.000,0.00,0.05,0.00,neutral,default
🪄,magic_wand,0.000,0.000,0.000,0.000,0.000,0.000,0.000,1.000,0.00,0.05,0.00,neutral,default
🧲,magnet,0.000,0.000,0.000,0.000,0.000,0.000,0.000,1.000,0.00,0.05,0.00,neutral,default
🔍,magnifying_glass_tilted_left,0.000,0.000,0.000,0.000,0.000,0.000,0.000,1.000,0.00,0.05,0.00,neutral,default
🔎,magnifying_glass_tilted_right,0.000,0.000,0.000,0.000,0.000,0.000,0.000,1.000,0.00,0.05,0.00,neutral,default
🀄,mahjong_red_dragon,0.000,0.000,0.000,0.000,0.000,0.000,0.000,1.000,0.00,0.05,0.00,neutral,default
🇲🇼,malawi,0.000,0.000,0.000,0.000,0.000,0.000,0.000,1.000,0.00,0.05,0.00,neutral,default
🇲🇾,malaysia,0.000,0.000,0.000,0.000,0.000,0.000,0.000,1.000,0.00,0.05,0.00,neutral,default
🇲🇻,maldives,0.000,0.000,0.000,0.000,0.000,0.000,0.000,1.000,0.00,0.05,0.00,neutral,default
♂️,male_sign,0.000,0.000,0.000,0.000,0.000,0.000,0.000,1.000,0.00,0.05,0.00,neutral,default
🇲🇱,mali,0.000,0.000,0.000,0.000,0.000,0.000,0.000,1.000,0.00,0.05,0.00,neutral,default
🇲🇹,malta,0.000,0.000,0.000,0.000,0.000,0.000,0.000,1.000,0.00,0.05,0.00,neutral,default
🦣,mammoth,0.000,0.000,0.000,0.000,0.000,0.000,0.000,1.000,0.00,0.05,0.00,neutral,default
👨,man,0.000,0.000,0.000,0.000,0.000,0.000,0.000,1.000,0.00,0.05,0.00,neutral,default
👨‍🎨,man_artist,0.000,0.000,0.000,0.000,0.000,0.000,0.000,1.000,0.00,0.05,0.00,neutral,default
👨🏿‍🎨,man_artist_dark_skin_tone,0.000,0.000,0.000,0.000,0.000,0.000,0.000,1.000,0.00,0.05,0.00,neutral,default
👨🏻‍🎨,man_artist_light_skin_tone,0.000,0.000,0.000,0.000,0.000,0.000,0.000,1.000,0.00,0.05,0.00,neutral,default
👨🏾‍🎨,man_artist_medium-dark_skin_tone,0.000,0.000,0.000,0.000,0.000,0.000,0.000,1.000,0.00,0.05,0.00,neutral,default
👨🏼‍🎨,man_artist_medium-light_skin_tone,0.000,0.000,0.000,0.000,0.000,0.000,0.000,1.000,0.00,0.05,0.00,neutral,default
👨🏽‍🎨,man_artist_medium_skin_tone,0.000,0.000,0.000,0.000,0.000,0.000,0.000,1.000,0.00,0.05,0.00,neutral,default
👨‍🚀,man_astronaut,0.000,0.000,0.000,0.000,0.000,0.000,0.000,1.000,0.00,0.05,0.00,neutral,default
👨🏿‍🚀,man_astronaut_dark_skin_tone,0.000,0.000,0.000,0.000,0.000,0.000,0.000,1.000,0.00,0.05,0.00,neutral,default
👨🏻‍🚀,man_astronaut_light_skin_tone,0.000,0.000,0.000,0.000,0.000,0.000,0.000,1.000,0.00,0.05,0.00,neutral,default
👨🏾‍🚀,man_astronaut_medium-dark_skin_tone,0.000,0.000,0.000,0.000,0.000,0.000,0.000,1.000,0.00,0.05,0.00,neutral,default
👨🏼‍🚀,man_astronaut_medium-light_skin_tone,0.000,0.000,0.000,0.000,0.000,0.000,0.000,1.000,0.00,0.05,0.00,neutral,default
👨🏽‍🚀,man_astronaut_medium_skin_tone,0.000,0.000,0.000,0.000,0.000,0.000,0.000,1.000,0.00,0.05,0.00,neutral,default
👨‍🦲,man_bald,0.000,0.000,0.000,0.000,0.000,0.000,0.000,1.000,0.00,0.05,0.00,neutral,default
🧔‍♂️,man_beard,0.000,0.000,0.000,0.000,0.000,0.000,0.000,1.000,0.00,0.05,0.00,neutral,default
🚴‍♂️,man_biking,0.000,0.000,0.000,0.000,0.000,0.000,0.000,1.000,0.00,0.05,0.00,neutral,default
🚴🏿‍♂️,man_biking_dark_skin_tone,0.000,0.000,0.000,0.000,0.000,0.000,0.000,1.000,0.00,0.05,0.00,neutral,default
🚴🏻‍♂️,man_biking_light_skin_tone,0.000,0.000,0.000,0.000,0.000,0.000,0.000,1.000,0.00,0.05,0.00,neutral,default
🚴🏾‍♂️,man_biking_medium-dark_skin_tone,0.000,0.000,0.000,0.000,0.000,0.000,0.000,1.000,0.00,0.05,0.00,neutral,default
🚴🏼‍♂️,man_biking_medium-light_skin_tone,0.000,0.000,0.000,0.000,0.000,0.000,0.000,1.000,0.00,0.05,0.00,neutral,default
🚴🏽‍♂️,man_biking_medium_skin_tone,0.000,0.000,0.000,0.000,0.000,0.000,0.000,1.000,0.00,0.05,0.00,neutral,default
👱‍♂️,man_blond_hair,0.000,0.000,0.000,0.000,0.000,0.000,0.000,1.000,0.00,0.05,0.00,neutral,default
⛹️‍♂️,man_bouncing_ball,0.000,0.000,0.000,0.000,0.000,0.000,0.000,1.000,0.00,0.05,0.00,neutral,default
⛹🏿‍♂️,man_bouncing_ball_dark_skin_tone,0.000,0.000,0.000,0.000,0.000,0.000,0.000,1.000,0.00,0.05,0.00,neutral,default
⛹🏻‍♂️,man_bouncing_ball_light_skin_tone,0.000,0.000,0.000,0.000,0.000,0.000,0.000,1.000,0.00,0.05,0.00,neutral,default
⛹🏾‍♂️,man_bouncing_ball_medium-dark_skin_tone,0.000,0.000,0.000,0.000,0.000,0.000,0.000,1.000,0.00,0.05,0.00,neutral,default
⛹🏼‍♂️,man_bouncing_ball_medium-light_skin_tone,0.000,0.000,0.000,0.000,0.000,0.000,0.000,1.000,0.00,0.05,0.00,neutral,default
⛹🏽‍♂️,man_bouncing_ball_medium_skin_tone,0.000,0.000,0.000,0.000,0.000,0.000,0.000,1.000,0.00,0.05,0.00,neutral,default
🧗‍♂️,man_climbing,0.000,0.000,0.000,0.000,0.000,0.000,0.000,1.000,0.00,0.05,0.00,neutral,default
🧗🏿‍♂️,man_climbing_dark_skin_tone,0.000,0.000,0.000,0.000,0.000,0.000,0.000,1.000,0.00,0.05,0.00,neutral,default
🧗🏻‍♂️,man_climbing_light_skin_tone,0.000,0.000,0.000,0.000,0.000,0.000,0.000,1.000,0.00,0.05,0.00,neutral,default
🧗🏾‍♂️,man_climbing_medium-dark_skin_tone,0.000,0.000,0.000,0.000,0.000,0.000,0.000,1.000,0.00,0.05,0.00,neutral,default
🧗🏼‍♂️,man_climbing_medium-light_skin_tone,0.000,0.000,0.000,0.000,0.000,0.000,0.000,1.000,0.00,0.05,0.00,neutral,default
🧗🏽‍♂️,man_climbing_medium_skin_tone,0.000,0.000,0.000,0.000,0.000,0.000,0.000,1.000,0.00,0.05,0.00,neutral,default
👷‍♂️,man_construction_worker,0.000,0.000,0.000,0.000,0.000,0.000,0.000,1.000,0.00,0.05,0.00,neutral,default
👷🏿‍♂️,man_construction_worker_dark_skin_tone,0.000,0.000,0.000,0.000,0.000,0.000,0.000,1.000,0.00,0.05,0.00,neutral,default
👷🏻‍♂️,man_construction_worker_light_skin_tone,0.000,0.000,0.000,0.000,0.000,0.000,0.000,1.000,0.00,0.05,0.00,neutral,default
👷🏾‍♂️,man_construction_worker_medium-dark_skin_tone,0.000,0.000,0.000,0.000,0.000,0.000,0.000,1.000,0.00,0.05,0.00,neutral,default
👷🏼‍♂️,man_construction_worker_medium-light_skin_tone,0.000,0.000,0.000,0.000,0.000,0.000,0.000,1.000,0.00,0.05,0.00,neutral,default
👷🏽‍♂️,man_construction_worker_medium_skin_tone,0.000,0.000,0.000,0.000,0.000,0.000,0.000,1.000,0.00,0.05,0.00,neutral,default
👨‍🍳,man_cook,0.000,0.000,0.000,0.000,0.000,0.000,0.000,1.000,0.00,0.05,0.00,neutral,default
👨🏿‍🍳,man_cook_dark_skin_tone,0.000,0.000,0.000,0.000,0.000,0.000,0.000,1.000,0.00,0.05,0.00,neutral,default
👨🏻‍🍳,man_cook_light_skin_tone,0.000,0.000,0.000,0.000,0.000,0.000,0.000,1.000,0.00,0.05,0.00,neutral,default
👨🏾‍🍳,man_cook_medium-dark_skin_tone,0.000,0.000,0.000,0.000,0.000,0.000,0.000,1.000,0.00,0.05,0.00,neutral,default
👨🏼‍🍳,man_cook_medium-light_skin_tone,0.000,0.000,0.000,0.000,0.000,0.000,0.000,1.000,0.00,0.05,0.00,neutral,default
👨🏽‍🍳,man_cook_medium_skin_tone,0.000,0.000,0.000,0.000,0.000,0.000,0.000,1.000,0.00,0.05,0.00,neutral,default
👨‍🦱,man_curly_hair,0.000,0.000,0.000,0.000,0.000,0.000,0.000,1.000,0.00,0.05,0.00,neutral,default
👨🏿,man_dark_skin_tone,0.000,0.000,0.000,0.000,0.000,0.000,0.000,1.000,0.00,0.05,0.00,neutral,default
👨🏿‍🦲,man_dark_skin_tone_bald,0.000,0.000,0.000,0.000,0.000,0.000,0.000,1.000,0.00,0.05,0.00,neutral,default
🧔🏿‍♂️,man_dark_skin_tone_beard,0.000,0.000,0.000,0.000,0.000,0.000,0.000,1.000,0.00,0.05,0.00,neutral,default
👱🏿‍♂️,man_dark_skin_tone_blond_hair,0.000,0.000,0.000,0.000,0.000,0.000,0.000,1.000,0.00,0.05,0.00,neutral,default
👨🏿‍🦱,man_dark_skin_tone_curly_hair,0.000,0.000,0.000,0.000,0.000,0.000,0.000,1.000,0.00,0.05,0.00,neutral,default
👨🏿‍🦰,man_dark_skin_tone_red_hair,0.000,0.000,0.000,0.000,0.000,0.000,0.000,1.000,0.00,0.05,0.00,neutral,default
👨🏿‍🦳,man_dark_skin_tone_white_hair,0.000,0.000,0.000,0.000,0.000,0.000,0.000,1.000,0.00,0.05,0.00,neutral,default
🕵️‍♂️,man_detective,0.000,0.000,0.000,0.000,0.000,0.000,0.000,1.000,0.00,0.05,0.00,neutral,default
🕵🏿‍♂️,man_detective_dark_skin_tone,0.000,0.000,0.000,0.000,0.000,0.000,0.000,1.000,0.00,0.05,0.00,neutral,default
🕵🏻‍♂️,man_detective_light_skin_tone,0.000,0.000,0.000,0.000,0.000,0.000,0.000,1.000,0.00,0.05,0.00,neutral,default
🕵🏾‍♂️,man_detective_medium-dark_skin_tone,0.000,0.000,0.000,0.000,0.000,0.000,0.000,1.000,0.00,0.05,0.00,neutral,default
🕵🏼‍♂️,man_detective_medium-light_skin_tone,0.000,0.000,0.000,0.000,0.000,0.000,0.000,1.000,0.00,0.05,0.00,neutral,default
🕵🏽‍♂️,man_detective_medium_skin_tone,0.000,0.000,0.000,0.000,0.000,0.000,0.000,1.000,0.00,0.05,0.00,neutral,default
🧝‍♂️,man_elf,0.000,0.000,0.000,0.000,0.000,0.000,0.000,1.000,0.00,0.05,0.00,neutral,default
🧝🏿‍♂️,man_elf_dark_skin_tone,0.000,0.000,0.000,0.000,0.000,0.000,0.000,1.000,0.00,0.05,0.00,neutral,default
🧝🏻‍♂️,man_elf_light_skin_tone,0.000,0.000,0.000,0.000,0.000,0.000,0.000,1.000,0.00,0.05,0.00,neutral,default
🧝🏾‍♂️,man_elf_medium-dark_skin_tone,0.000,0.000,0.000,0.000,0.000,0.000,0.000,1.000,0.00,0.05,0.00,neutral,default
🧝🏼‍♂️,man_elf_medium-light_skin_tone,0.000,0.000,0.000,0.000,0.000,0.000,0.000,1.000,0.00,0.05,0.00,neutral,default
🧝🏽‍♂️,man_elf_medium_skin_tone,0.000,0.000,0.000,0.000,0.000,0.000,0.000,1.000,0.00,0.05,0.00,neutral,default
👨‍🏭,man_factory_worker,0.000,0.000,0.000,0.000,0.000,0.000,0.000,1.000,0.00,0.05,0.00,neutral,default
👨🏿‍🏭,man_factory_worker_dark_skin_tone,0.000,0.000,0.000,0.000,0.000,0.000,0.000,1.000,0.00,0.05,0.00,neutral,default
👨🏻‍🏭,man_factory_worker_light_skin_tone,0.000,0.000,0.000,0.000,0.000,0.000,0.000,1.000,0.00,0.05,0.00,neutral,default
👨🏾‍🏭,man_factory_worker_medium-dark_skin_tone,0.000,0.000,0.000,0.000,0.000,0.000,0.000,1.000,0.00,0.05,0.00,neutral,default
👨🏼‍🏭,man_factory_worker_medium-light_skin_tone,0.000,0.000,0.000,0.000,0.000,0.000,0.000,1.000,0.00,0.05,0.00,neutral,default
👨🏽‍🏭,man_factory_worker_medium_skin_tone,0.000,0.000,0.000,0.000,0.000,0.000,0.000,1.000,0.00,0.05,0.00,neutral,default
🧚‍♂️,man_fairy,0.000,0.000,0.000,0.000,0.000,0.000,0.000,1.000,0.00,0.05,0.00,neutral,default
🧚🏿‍♂️,man_fairy_dark_skin_tone,0.000,0.000,0.000,0.000,0.000,0.000,0.000,1.000,0.00,0.05,0.00,neutral,default
🧚🏻‍♂️,man_fairy_light_skin_tone,0.000,0.000,0.000,0.000,0.000,0.000,0.000,1.000,0.00,0.05,0.00,neutral,default
🧚🏾‍♂️,man_fairy_medium-dark_skin_tone,0.000,0.000,0.000,0.000,0.000,0.000,0.000,1.000,0.00,0.05,0.00,neutral,default
🧚🏼‍♂️,man_fairy_medium-light_skin_tone,0.000,0.000,0.000,0.000,0.000,0.000,0.000,1.000,0.00,0.05,0.00,neutral,default
🧚🏽‍♂️,man_fairy_medium_skin_tone,0.000,0.000,0.000,0.000,0.000,0.000,0.000,1.000,0.00,0.05,0.00,neutral,default
👨‍🌾,man_farmer,0.000,0.000,0.000,0.000,0.000,0.000,0.000,1.000,0.00,0.05,0.00,neutral,default
👨🏿‍🌾,man_farmer_dark_skin_tone,0.000,0.000,0.000,0.000,0.000,0.000,0.000,1.000,0.00,0.05,0.00,neutral,default
👨🏻‍🌾,man_farmer_light_skin_tone,0.000,0.000,0.000,0.000,0.000,0.000,0.000,1.000,0.00,0.05,0.00,neutral,default
👨🏾‍🌾,man_farmer_medium-dark_skin_tone,0.000,0.000,0.000,0.000,0.000,0.000,0.000,1.000,0.00,0.05,0.00,neutral,default
👨🏼‍🌾,man_farmer_medium-light_skin_tone,0.000,0.000,0.000,0.000,0.000,0.000,0.000,1.000,0.00,0.05,0.00,neutral,default
👨🏽‍🌾,man_farmer_medium_skin_tone,0.000,0.000,0.000,0.000,0.000,0.000,0.000,1.000,0.00,0.05,0.00,neutral,default
👨‍🍼,man_feeding_baby,0.000,0.000,0.000,0.000,0.000,0.000,0.000,1.000,0.00,0.05,0.00,neutral,default
👨🏿‍🍼,man_feeding_baby_dark_skin_tone,0.000,0.000,0.000,0.000,0.000,0.000,0.000,1.000,0.00,0.05,0.00,neutral,default
👨🏻‍🍼,man_feeding_baby_light_skin_tone,0.000,0.000,0.000,0.000,0.000,0.000,0.000,1.000,0.00,0.05,0.00,neutral,default
👨🏾‍🍼,man_feeding_baby_medium-dark_skin_tone,0.000,0.000,0.000,0.000,0.000,0.000,0.000,1.000,0.00,0.05,0.00,neutral,default
👨🏼‍🍼,man_feeding_baby_medium-light_skin_tone,0.000,0.000,0.000,0.000,0.000,0.000,0.000,1.000,0.00,0.05,0.00,neutral,default
👨🏽‍🍼,man_feeding_baby_medium_skin_tone,0.000,0.000,0.000,0.000,0.000,0.000,0.000,1.000,0.00,0.05,0.00,neutral,default
👨‍🚒,man_firefighter,0.000,0.000,0.000,0.000,0.000,0.000,0.000,1.000,0.00,0.05,0.00,neutral,default
👨🏿‍🚒,man_firefighter_dark_skin_tone,0.000,0.000,0.000,0.000,0.000,0.000,0.000,1.000,0.00,0.05,0.00,neutral,default
👨🏻‍🚒,man_firefighter_light_skin_tone,0.000,0.000,0.000,0.000,0.000,0.000,0.000,1.000,0.00,0.05,0.00,neutral,default
👨🏾‍🚒,man_firefighter_medium-dark_skin_tone,0.000,0.000,0.000,0.000,0.000,0.000,0.000,1.000,0.00,0.05,0.00,neutral,default
👨🏼‍🚒,man_firefighter_medium-light_skin_tone,0.000,0.000,0.000,0.000,0.000,0.000,0.000,1.000,0.00,0.05,0.00,neutral,default
👨🏽‍🚒,man_firefighter_medium_skin_tone,0.000,0.000,0.000,0.000,0.000,0.000,0.000,1.000,0.00,0.05,0.00,neutral,default
🧞‍♂️,man_genie,0.000,0.000,0.000,0.000,0.000,0.000,0.000,1.000,0.00,0.05,0.00,neutral,default
💇‍♂️,man_getting_haircut,0.000,0.000,0.000,0.000,0.000,0.000,0.000,1.000,0.00,0.05,0.00,neutral,default
💇🏿‍♂️,man_getting_haircut_dark_skin_tone,0.000,0.000,0.000,0.000,0.000,0.000,0.000,1.000,0.00,0.05,0.00,neutral,default
💇🏻‍♂️,man_getting_haircut_light_skin_tone,0.000,0.000,0.000,0.000,0.000,0.000,0.000,1.000,0.00,0.05,0.00,neutral,default
💇🏾‍♂️,man_getting_haircut_medium-dark_skin_tone,0.000,0.000,0.000,0.000,0.000,0.000,0.000,1.000,0.00,0.05,0.00,neutral,default
💇🏼‍♂️,man_getting_haircut_medium-light_skin_tone,0.000,0.000,0.000,0.000,0.000,0.000,0.000,1.000,0.00,0.05,0.00,neutral,default
💇🏽‍♂️,man_getting_haircut_medium_skin_tone,0.000,0.000,0.000,0.000,0.000,0.000,0.000,1.000,0.00,0.05,0.00,neutral,default
💆‍♂️,man_getting_massage,0.000,0.000,0.000,0.000,0.000,0.000,0.000,1.000,0.00,0.05,0.00,neutral,default
💆🏿‍♂️,man_getting_massage_dark_skin_tone,0.000,0.000,0.000,0.000,0.000,0.000,0.000,1.000,0.00,0.05,0.00,neutral,default
💆🏻‍♂️,man_getting_massage_light_skin_tone,0.000,0.000,0.000,0.000,0.000,0.000,0.000,1.000,0.00,0.05,0.00,neutral,default
💆🏾‍♂️,man_getting_massage_medium-dark_skin_tone,0.000,0.000,0.000,0.000,0.000,0.000,0.000,1.000,0.00,0.05,0.00,neutral,default
💆🏼‍♂️,man_getting_massage_medium-light_skin_tone,0.000,0.000,0.000,0.000,0.000,0.000,0.000,1.000,0.00,0.05,0.00,neutral,default
💆🏽‍♂️,man_getting_massage_medium_skin_tone,0.000,0.000,0.000,0.000,0.000,0.000,0.000,1.000,0.00,0.05,0.00,neutral,default
🏌️‍♂️,man_golfing,0.000,0.000,0.000,0.000,0.000,0.000,0.000,1.000,0.00,0.05,0.00,neutral,default
🏌🏿‍♂️,man_golfing_dark_skin_tone,0.000,0.000,0.000,0.000,0.000,0.000,0.000,1.000,0.00,0.05,0.00,neutral,default
🏌🏻‍♂️,man_golfing_light_skin_tone,0.000,0.000,0.000,0.000,0.000,0.000,0.000,1.000,0.00,0.05,0.00,neutral,default
🏌🏾‍♂️,man_golfing_medium-dark_skin_tone,0.000,0.000,0.000,0.000,0.000,0.000,0.000,1.000,0.00,0.05,0.00,neutral,default
🏌🏼‍♂️,man_golfing_medium-light_skin_tone,0.000,0.000,0.000,0.000,0.000,0.000,0.000,1.000,0.00,0.05,0.00,neutral,default
🏌🏽‍♂️,man_golfing_medium_skin_tone,0.000,0.000,0.000,0.000,0.000,0.000,0.000,1.000,0.00,0.05,0.00,neutral,default
💂‍♂️,man_guard,0.000,0.000,0.000,0.000,0.000,0.000,0.000,1.000,0.00,0.05,0.00,neutral,default
💂🏿‍♂️,man_guard_dark_skin_tone,0.000,0.000,0.000,0.000,0.000,0.000,0.000,1.000,0.00,0.05,0.00,neutral,default
💂🏻‍♂️,man_guard_light_skin_tone,0.000,0.000,0.000,0.000,0.000,0.000,0.000,1.000,0.00,0.05,0.00,neutral,default
💂🏾‍♂️,man_guard_medium-dark_skin_tone,0.000,0.000,0.000,0.000,0.000,0.000,0.000,1.000,0.00,0.05,0.00,neutral,default
💂🏼‍♂️,man_guard_medium-light_skin_tone,0.000,0.000,0.000,0.000,0.000,0.000,0.000,1.000,0.00,0.05,0.00,neutral,default
💂🏽‍♂️,man_guard_medium_skin_tone,0.000,0.000,0.000,0.000,0.000,0.000,0.000,1.000,0.00,0.05,0.00,neutral,default
👨‍⚕️,man_health_worker,0.000,0.000,0.000,0.000,0.000,0.000,0.000,1.000,0.00,0.05,0.00,neutral,default
👨🏿‍⚕️,man_health_worker_dark_skin_tone,0.000,0.000,0.000,0.000,0.000,0.000,0.000,1.000,0.00,0.05,0.00,neutral,default
👨🏻‍⚕️,man_health_worker_light_skin_tone,0.000,0.000,0.000,0.000,0.000,0.000,0.000,1.000,0.00,0.05,0.00,neutral,default
👨🏾‍⚕️,man_health_worker_medium-dark_skin_tone,0.000,0.000,0.000,0.000,0.000,0.000,0.000,1.000,0.00,0.05,0.00,neutral,default
👨🏼‍⚕️,man_health_worker_medium-light_skin_tone,0.000,0.000,0.000,0.000,0.000,0.000,0.000,1.000,0.00,0.05,0.00,neutral,default
👨🏽‍⚕️,man_health_worker_medium_skin_tone,0.000,0.000,0.000,0.000,0.000,0.000,0.000,1.000,0.00,0.05,0.00,neutral,default
🧘‍♂️,man_in_lotus_position,0.000,0.000,0.000,0.000,0.000,0.000,0.000,1.000,0.00,0.05,0.00,neutral,default
🧘🏿‍♂️,man_in_lotus_position_dark_skin_tone,0.000,0.000,0.000,0.000,0.000,0.000,0.000,1.000,0.00,0.05,0.00,neutral,default
🧘🏻‍♂️,man_in_lotus_position_light_skin_tone,0.000,0.000,0.000,0.000,0.000,0.000,0.000,1.000,0.00,0.05,0.00,neutral,default
🧘🏾‍♂️,man_in_lotus_position_medium-dark_skin_tone,0.000,0.000,0.000,0.000,0.000,0.000,0.000,1.000,0.00,0.05,0.00,neutral,default
🧘🏼‍♂️,man_in_lotus_position_medium-light_skin_tone,0.000,0.000,0.000,0.000,0.000,0.000,0.000,1.000,0.00,0.05,0.00,neutral,default
🧘🏽‍♂️,man_in_lotus_position_medium_skin_tone,0.000,0.000,0.000,0.000,0.000,0.000,0.000,1.000,0.00,0.05,0.00,neutral,default
👨‍🦽,man_in_manual_wheelchair,0.000,0.000,0.000,0.000,0.000,0.000,0.000,1.000,0.00,0.05,0.00,neutral,default
👨🏿‍🦽,man_in_manual_wheelchair_dark_skin_tone,0.000,0.000,0.000,0.000,0.000,0.000,0.000,1.000,0.00,0.05,0.00,neutral,default
👨‍🦽‍➡️,man_in_manual_wheelchair_facing_right,0.000,0.000,0.000,0.000,0.000,0.000,0.000,1.000,0.00,0.05,0.00,neutral,default
👨🏿‍🦽‍➡️,man_in_manual_wheelchair_facing_right_dark_skin_tone,0.000,0.000,0.000,0.000,0.000,0.000,0.000,1.000,0.00,0.05,0.00,neutral,default
👨🏻‍🦽‍➡️,man_in_manual_wheelchair_facing_right_light_skin_tone,0.000,0.000,0.000,0.000,0.000,0.000,0.000,1.000,0.00,0.05,0.00,neutral,default
👨🏾‍🦽‍➡️,man_in_manual_wheelchair_facing_right_medium-dark_skin_tone,0.000,0.000,0.000,0.000,0.000,0.000,0.000,1.000,0.00,0.05,0.00,neutral,default
👨🏼‍🦽‍➡️,man_in_manual_wheelchair_facing_right_medium-light_skin_tone,0.000,0.000,0.000,0.000,0.000,0.000,0.000,1.000,0.00,0.05,0.00,neutral,default
👨🏽‍🦽‍➡️,man_in_manual_wheelchair_facing_right_medium_skin_tone,0.000,0.000,0.000,0.000,0.000,0.000,0.000,1.000,0.00,0.05,0.00,neutral,default
👨🏻‍🦽,man_in_manual_wheelchair_light_skin_tone,0.000,0.000,0.000,0.000,0.000,0.000,0.000,1.000,0.00,0.05,0.00,neutral,default
👨🏾‍🦽,man_in_manual_wheelchair_medium-dark_skin_tone,0.000,0.000,0.000,0.000,0.000,0.000,0.000,1.000,0.00,0.05,0.00,neutral,default
👨🏼‍🦽,man_in_manual_wheelchair_medium-light_skin_tone,0.000,0.000,0.000,0.000,0.000,0.000,0.000,1.000,0.00,0.05,0.00,neutral,default
👨🏽‍🦽,man_in_manual_wheelchair_medium_skin_tone,0.000,0.000,0.000,0.000,0.000,0.000,0.000,1.000,0.00,0.05,0.00,neutral,default
👨‍🦼,man_in_motorized_wheelchair,0.000,0.000,0.000,0.000,0.000,0.000,0.000,1.000,0.00,0.05,0.00,neutral,default
👨🏿‍🦼,man_in_motorized_wheelchair_dark_skin_tone,0.000,0.000,0.000,0.000,0.000,0.000,0.000,1.000,0.00,0.05,0.00,neutral,default
👨‍🦼‍➡️,man_in_motorized_wheelchair_facing_right,0.000,0.000,0.000,0.000,0.000,0.000,0.000,1.000,0.00,0.05,0.00,neutral,default
👨🏿‍🦼‍➡️,man_in_motorized_wheelchair_facing_right_dark_skin_tone,0.000,0.000,0.000,0.000,0.000,0.000,0.000,1.000,0.00,0.05,0.00,neutral,default
👨🏻‍🦼‍➡️,man_in_motorized_wheelchair_facing_right_light_skin_tone,0.000,0.000,0.000,0.000,0.000,0.000,0.000,1.000,0.00,0.05,0.00,neutral,default
👨🏾‍🦼‍➡️,man_in_motorized_wheelchair_facing_right_medium-dark_skin_tone,0.000,0.000,0.000,0.000,0.000,0.000,0.000,1.000,0.00,0.05,0.00,neutral,default
👨🏼‍🦼‍➡️,man_in_motorized_wheelchair_facing_right_medium-light_skin_tone,0.000,0.000,0.000,0.000,0.000,0.000,0.000,1.000,0.00,0.05,0.00,neutral,default
👨🏽‍🦼‍➡️,man_in_motorized_wheelchair_facing_right_medium_skin_tone,0.000,0.000,0.000,0.000,0.000,0.000,0.000,1.000,0.00,0.05,0.00,neutral,default
👨🏻‍🦼,man_in_motorized_wheelchair_light_skin_tone,0.000,0.000,0.000,0.000,0.000,0.000,0.000,1.000,0.00,0.05,0.00,neutral,default
👨🏾‍🦼,man_in_motorized_wheelchair_medium-dark_skin_tone,0.000,0.000,0.000,0.000,0.000,0.000,0.000,1.000,0.00,0.05,0.00,neutral,default
👨🏼‍🦼,man_in_motorized_wheelchair_medium-light_skin_tone,0.000,0.000,0.000,0.000,0.000,0.000,0.000,1.000,0.00,0.05,0.00,neutral,default
👨🏽‍🦼,man_in_motorized_wheelchair_medium_skin_tone,0.000,0.000,0.000,0.000,0.000,0.000,0.000,1.000,0.00,0.05,0.00,neutral,default
🧖‍♂️,man_in_steamy_room,0.000,0.000,0.000,0.000,0.000,0.000,0.000,1.000,0.00,0.05,0.00,neutral,default
🧖🏿‍♂️,man_in_steamy_room_dark_skin_tone,0.000,0.000,0.000,0.000,0.000,0.000,0.000,1.000,0.00,0.05,0.00,neutral,default
🧖🏻‍♂️,man_in_steamy_room_light_skin_tone,0.000,0.000,0.000,0.000,0.000,0.000,0.000,1.000,0.00,0.05,0.00,neutral,default
🧖🏾‍♂️,man_in_steamy_room_medium-dark_skin_tone,0.000,0.000,0.000,0.000,0.000,0.000,0.000,1.000,0.00,0.05,0.00,neutral,default
🧖🏼‍♂️,man_in_steamy_room_medium-light_skin_tone,0.000,0.000,0.000,0.000,0.000,0.000,0.000,1.000,0.00,0.05,0.00,neutral,default
🧖🏽‍♂️,man_in_steamy_room_medium_skin_tone,0.000,0.000,0.000,0.000,0.000,0.000,0.000,1.000,0.00,0.05,0.00,neutral,default
🤵‍♂️,man_in_tuxedo,0.000,0.000,0.000,0.000,0.000,0.000,0.000,1.000,0.00,0.05,0.00,neutral,default
🤵🏿‍♂️,man_in_tuxedo_dark_skin_tone,0.000,0.000,0.000,0.000,0.000,0.000,0.000,1.000,0.00,0.05,0.00,neutral,default
🤵🏻‍♂️,man_in_tuxedo_light_skin_tone,0.000,0.000,0.000,0.000,0.000,0.000,0.000,1.000,0.00,0.05,0.00,neutral,default
🤵🏾‍♂️,man_in_tuxedo_medium-dark_skin_tone,0.000,0.000,0.000,0.000,0.000,0.000,0.000,1.000,0.00,0.05,0.00,neutral,default
🤵🏼‍♂️,man_in_tuxedo_medium-light_skin_tone,0.000,0.000,0.000,0.000,0.000,0.000,0.000,1.000,0.00,0.05,0.00,neutral,default
🤵🏽‍♂️,man_in_tuxedo_medium_skin_tone,0.000,0.000,0.000,0.000,0.000,0.000,0.000,1.000,0.00,0.05,0.00,neutral,default
👨‍⚖️,man_judge,0.000,0.000,0.000,0.000,0.000,0.000,0.000,1.000,0.00,0.05,0.00,neutral,default
👨🏿‍⚖️,man_judge_dark_skin_tone,0.000,0.000,0.000,0.000,0.000,0.000,0.000,1.000,0.00,0.05,0.00,neutral,default
👨🏻‍⚖️,man_judge_light_skin_tone,0.000,0.000,0.000,0.000,0.000,0.000,0.000,1.000,0.00,0.05,0.00,neutral,default
👨🏾‍⚖️,man_judge_medium-dark_skin_tone,0.000,0.000,0.000,0.000,0.000,0.000,0.000,1.000,0.00,0.05,0.00,neutral,default
👨🏼‍⚖️,man_judge_medium-light_skin_tone,0.000,0.000,0.000,0.000,0.000,0.000,0.000,1.000,0.00,0.05,0.00,neutral,default
👨🏽‍⚖️,man_judge_medium_skin_tone,0.000,0.000,0.000,0.000,0.000,0.000,0.000,1.000,0.00,0.05,0.00,neutral,default
🤹‍♂️,man_juggling,0.000,0.000,0.000,0.000,0.000,0.000,0.000,1.000,0.00,0.05,0.00,neutral,default
🤹🏿‍♂️,man_juggling_dark_skin_tone,0.000,0.000,0.000,0.000,0.000,0.000,0.000,1.000,0.00,0.05,0.00,neutral,default
🤹🏻‍♂️,man_juggling_light_skin_tone,0.000,0.000,0.000,0.000,0.000,0.000,0.000,1.000,0.00,0.05,0.00,neutral,default
🤹🏾‍♂️,man_juggling_medium-dark_skin_tone,0.000,0.000,0.000,0.000,0.000,0.000,0.000,1.000,0.00,0.05,0.00,neutral,default
🤹🏼‍♂️,man_juggling_medium-light_skin_tone,0.000,0.000,0.000,0.000,0.000,0.000,0.000,1.000,0.00,0.05,0.00,neutral,default
🤹🏽‍♂️,man_juggling_medium_skin_tone,0.000,0.000,0.000,0.000,0.000,0.000,0.000,1.000,0.00,0.05,0.00,neutral,default
🧎‍♂️,man_kneeling,0.000,0.000,0.000,0.000,0.000,0.000,0.000,1.000,0.00,0.05,0.00,neutral,default
🧎🏿‍♂️,man_kneeling_dark_skin_tone,0.000,0.000,0.000,0.000,0.000,0.000,0.000,1.000,0.00,0.05,0.00,neutral,default
🧎‍♂️‍➡️,man_kneeling_facing_right,0.000,0.000,0.000,0.000,0.000,0.000,0.000,1.000,0.00,0.05,0.00,neutral,default
🧎🏿‍♂️‍➡️,man_kneeling_facing_right_dark_skin_tone,0.000,0.000,0.000,0.000,0.000,0.000,0.000,1.000,0.00,0.05,0.00,neutral,default
🧎🏻‍♂️‍➡️,man_kneeling_facing_right_light_skin_tone,0.000,0.000,0.000,0.000,0.000,0.000,0.000,1.000,0.00,0.05,0.00,neutral,default
🧎🏾‍♂️‍➡️,man_kneeling_facing_right_medium-dark_skin_tone,0.000,0.000,0.000,0.000,0.000,0.000,0.000,1.000,0.00,0.05,0.00,neutral,default
🧎🏼‍♂️‍➡️,man_kneeling_facing_right_medium-light_skin_tone,0.000,0.000,0.000,0.000,0.000,0.000,0.000,1.000,0.00,0.05,0.00,neutral,default
🧎🏽‍♂️‍➡️,man_kneeling_facing_right_medium_skin_tone,0.000,0.000,0.000,0.000,0.000,0.000,0.000,1.000,0.00,0.05,0.00,neutral,default
🧎🏻‍♂️,man_kneeling_light_skin_tone,0.000,0.000,0.000,0.000,0.000,0.000,0.000,1.000,0.00,0.05,0.00,neutral,default
🧎🏾‍♂️,man_kneeling_medium-dark_skin_tone,0.000,0.000,0.000,0.000,0.000,0.000,0.000,1.000,0.00,0.05,0.00,neutral,default
🧎🏼‍♂️,man_kneeling_medium-light_skin_tone,0.000,0.000,0.000,0.000,0.000,0.000,0.000,1.000,0.00,0.05,0.00,neutral,default
🧎🏽‍♂️,man_kneeling_medium_skin_tone,0.000,0.000,0.000,0.000,0.000,0.000,0.000,1.000,0.00,0.05,0.00,neutral,default
🏋️‍♂️,man_lifting_weights,0.000,0.000,0.000,0.000,0.000,0.000,0.000,1.000,0.00,0.05,0.00,neutral,default
🏋🏿‍♂️,man_lifting_weights_dark_skin_tone,0.000,0.000,0.000,0.000,0.000,0.000,0.000,1.000,0.00,0.05,0.00,neutral,default
🏋🏻‍♂️,man_lifting_weights_light_skin_tone,0.000,0.000,0.000,0.000,0.000,0.000,0.000,1.000,0.00,0.05,0.00,neutral,default
🏋🏾‍♂️,man_lifting_weights_medium-dark_skin_tone,0.000,0.000,0.000,0.000,0.000,0.000,0.000,1.000,0.00,0.05,0.00,neutral,default
🏋🏼‍♂️,man_lifting_weights_medium-light_skin_tone,0.000,0.000,0.000,0.000,0.000,0.000,0.000,1.000,0.00,0.05,0.00,neutral,default
🏋🏽‍♂️,man_lifting_weights_medium_skin_tone,0.000,0.000,0.000,0.000,0.000,0.000,0.000,1.000,0.00,0.05,0.00,neutral,default
👨🏻,man_light_skin_tone,0.000,0.000,0.000,0.000,0.000,0.000,0.000,1.000,0.00,0.05,0.00,neutral,default
👨🏻‍🦲,man_light_skin_tone_bald,0.000,0.000,0.000,0.000,0.000,0.000,0.000,1.000,0.00,0.05,0.00,neutral,default
🧔🏻‍♂️,man_light_skin_tone_beard,0.000,0.000,0.000,0.000,0.000,0.000,0.000,1.000,0.00,0.05,0.00,neutral,default
👱🏻‍♂️,man_light_skin_tone_blond_hair,0.000,0.000,0.000,0.000,0.000,0.000,0.000,1.000,0.00,0.05,0.00,neutral,default
👨🏻‍🦱,man_light_skin_tone_curly_hair,0.000,0.000,0.000,0.000,0.000,0.000,0.000,1.000,0.00,0.05,0.00,neutral,default
👨🏻‍🦰,man_light_skin_tone_red_hair,0.000,0.000,0.000,0.000,0.000,0.000,0.000,1.000,0.00,0.05,0.00,neutral,default
👨🏻‍🦳,man_light_skin_tone_white_hair,0.000,0.000,0.000,0.000,0.000,0.000,0.000,1.000,0.00,0.05,0.00,neutral,default
🧙‍♂️,man_mage,0.000,0.000,0.000,0.000,0.000,0.000,0.000,1.000,0.00,0.05,0.00,neutral,default
🧙🏿‍♂️,man_mage_dark_skin_tone,0.000,0.000,0.000,0.000,0.000,0.000,0.000,1.000,0.00,0.05,0.00,neutral,default
🧙🏻‍♂️,man_mage_light_skin_tone,0.000,0.000,0.000,0.000,0.000,0.000,0.000,1.000,0.00,0.05,0.00,neutral,default
🧙🏾‍♂️,man_mage_medium-dark_skin_tone,0.000,0.000,0.000,0.000,0.000,0.000,0.000,1.000,0.00,0.05,0.00,neutral,default
🧙🏼‍♂️,man_mage_medium-light_skin_tone,0.000,0.000,0.000,0.000,0.000,0.000,0.000,1.000,0.00,0.05,0.00,neutral,default
🧙🏽‍♂️,man_mage_medium_skin_tone,0.000,0.000,0.000,0.000,0.000,0.000,0.000,1.000,0.00,0.05,0.00,neutral,default
👨‍🔧,man_mechanic,0.000,0.000,0.000,0.000,0.000,0.000,0.000,1.000,0.00,0.05,0.00,neutral,default
👨🏿‍🔧,man_mechanic_dark_skin_tone,0.000,0.000,0.000,0.000,0.000,0.000,0.000,1.000,0.00,0.05,0.00,neutral,default
👨🏻‍🔧,man_mechanic_light_skin_tone,0.000,0.000,0.000,0.000,0.000,0.000,0.000,1.000,0.00,0.05,0.00,neutral,default
👨🏾‍🔧,man_mechanic_medium-dark_skin_tone,0.000,0.000,0.000,0.000,0.000,0.000,0.000,1.000,0.00,0.05,0.00,neutral,default
👨🏼‍🔧,man_mechanic_medium-light_skin_tone,0.000,0.000,0.000,0.000,0.000,0.000,0.000,1.000,0.00,0.05,0.00,neutral,default
👨🏽‍🔧,man_mechanic_medium_skin_tone,0.000,0.000,0.000,0.000,0.000,0.000,0.000,1.000,0.00,0.05,0.00,neutral,default
👨🏾,man_medium-dark_skin_tone,0.000,0.000,0.000,0.000,0.000,0.000,0.000,1.000,0.00,0.05,0.00,neutral,default
👨🏾‍🦲,man_medium-dark_skin_tone_bald,0.000,0.000,0.000,0.000,0.000,0.000,0.000,1.000,0.00,0.05,0.00,neutral,default
🧔🏾‍♂️,man_medium-dark_skin_tone_beard,0.000,0.000,0.000,0.000,0.000,0.000,0.000,1.000,0.00,0.05,0.00,neutral,default
👱🏾‍♂️,man_medium-dark_skin_tone_blond_hair,0.000,0.000,0.000,0.000,0.000,0.000,0.000,1.000,0.00,0.05,0.00,neutral,default
👨🏾‍🦱,man_medium-dark_skin_tone_curly_hair,0.000,0.000,0.000,0.000,0.000,0.000,0.000,1.000,0.00,0.05,0.00,neutral,default
👨🏾‍🦰,man_medium-dark_skin_tone_red_hair,0.000,0.000,0.000,0.000,0.000,0.000,0.000,1.000,0.00,0.05,0.00,neutral,default
👨🏾‍🦳,man_medium-dark_skin_tone_white_hair,0.000,0.000,0.000,0.000,0.000,0.000,0.000,1.000,0.00,0.05,0.00,neutral,default
👨🏼,man_medium-light_skin_tone,0.000,0.000,0.000,0.000,0.000,0.000,0.000,1.000,0.00,0.05,0.00,neutral,default
👨🏼‍🦲,man_medium-light_skin_tone_bald,0.000,0.000,0.000,0.000,0.000,0.000,0.000,1.000,0.00,0.05,0.00,neutral,default
🧔🏼‍♂️,man_medium-light_skin_tone_beard,0.000,0.000,0.000,0.000,0.000,0.000,0.000,1.000,0.00,0.05,0.00,neutral,default
👱🏼‍♂️,man_medium-light_skin_tone_blond_hair,0.000,0.000,0.000,0.000,0.000,0.000,0.000,1.000,0.00,0.05,0.00,neutral,default
👨🏼‍🦱,man_medium-light_skin_tone_curly_hair,0.000,0.000,0.000,0.000,0.000,0.000,0.000,1.000,0.00,0.05,0.00,neutral,default
👨🏼‍🦰,man_medium-light_skin_tone_red_hair,0.000,0.000,0.000,0.000,0.000,0.000,0.000,1.000,0.00,0.05,0.00,neutral,default
👨🏼‍🦳,man_medium-light_skin_tone_white_hair,0.000,0.000,0.000,0.000,0.000,0.000,0.000,1.000,0.00,0.05,0.00,neutral,default
👨🏽,man_medium_skin_tone,0.000,0.000,0.000,0.000,0.000,0.000,0.000,1.000,0.00,0.05,0.00,neutral,default
👨🏽‍🦲,man_medium_skin_tone_bald,0.000,0.000,0.000,0.000,0.000,0.000,0.000,1.000,0.00,0.05,0.00,neutral,default
🧔🏽‍♂️,man_medium_skin_tone_beard,0.000,0.000,0.000,0.000,0.000,0.000,0.000,1.000,0.00,0.05,0.00,neutral,default
👱🏽‍♂️,man_medium_skin_tone_blond_hair,0.000,0.000,0.000,0.000,0.000,0.000,0.000,1.000,0.00,0.05,0.00,neutral,default
👨🏽‍🦱,man_medium_skin_tone_curly_hair,0.000,0.000,0.000,0.000,0.000,0.000,0.000,1.000,0.00,0.05,0.00,neutral,default
👨🏽‍🦰,man_medium_skin_tone_red_hair,0.000,0.000,0.000,0.000,0.000,0.000,0.000,1.000,0.00,0.05,0.00,neutral,default
👨🏽‍🦳,man_medium_skin_tone_white_hair,0.000,0.000,0.000,0.000,0.000,0.000,0.000,1.000,0.00,0.05,0.00,neutral,default
🚵‍♂️,man_mountain_biking,0.000,0.000,0.000,0.000,0.000,0.000,0.000,1.000,0.00,0.05,0.00,neutral,default
🚵🏿‍♂️,man_mountain_biking_dark_skin_tone,0.000,0.000,0.000,0.000,0.000,0.000,0.000,1.000,0.00,0.05,0.00,neutral,default
🚵🏻‍♂️,man_mountain_biking_light_skin_tone,0.000,0.000,0.000,0.000,0.000,0.000,0.000,1.000,0.00,0.05,0.00,neutral,default
🚵🏾‍♂️,man_mountain_biking_medium-dark_skin_tone,0.000,0.000,0.000,0.000,0.000,0.000,0.000,1.000,0.00,0.05,0.00,neutral,default
🚵🏼‍♂️,man_mountain_biking_medium-light_skin_tone,0.000,0.000,0.000,0.000,0.000,0.000,0.000,1.000,0.00,0.05,0.00,neutral,default
🚵🏽‍♂️,man_mountain_biking_medium_skin_tone,0.000,0.000,0.000,0.000,0.000,0.000,0.000,1.000,0.00,0.05,0.00,neutral,default
👨‍💼,man_office_worker,0.000,0.000,0.000,0.000,0.000,0.000,0.000,1.000,0.00,0.05,0.00,neutral,default
👨🏿‍💼,man_office_worker_dark_skin_tone,0.000,0.000,0.000,0.000,0.000,0.000,0.000,1.000,0.00,0.05,0.00,neutral,default
👨🏻‍💼,man_office_worker_light_skin_tone,0.000,0.000,0.000,0.000,0.000,0.000,0.000,1.000,0.00,0.05,0.00,neutral,default
👨🏾‍💼,man_office_worker_medium-dark_skin_tone,0.000,0.000,0.000,0.000,0.000,0.000,0.000,1.000,0.00,0.05,0.00,neutral,default
👨🏼‍💼,man_office_worker_medium-light_skin_tone,0.000,0.000,0.000,0.000,0.000,0.000,0.000,1.000,0.00,0.05,0.00,neutral,default
👨🏽‍💼,man_office_worker_medium_skin_tone,0.000,0.000,0.000,0.000,0.000,0.000,0.000,1.000,0.00,0.05,0.00,neutral,default
👨‍✈️,man_pilot,0.000,0.000,0.000,0.000,0.000,0.000,0.000,1.000,0.00,0.05,0.00,neutral,default
👨🏿‍✈️,man_pilot_dark_skin_tone,0.000,0.000,0.000,0.000,0.000,0.000,0.000,1.000,0.00,0.05,0.00,neutral,default
👨🏻‍✈️,man_pilot_light_skin_tone,0.000,0.000,0.000,0.000,0.000,0.000,0.000,1.000,0.00,0.05,0.00,neutral,default
👨🏾‍✈️,man_pilot_medium-dark_skin_tone,0.000,0.000,0.000,0.000,0.000,0.000,0.000,1.000,0.00,0.05,0.00,neutral,default
👨🏼‍✈️,man_pilot_medium-light_skin_tone,0.000,0.000,0.000,0.000,0.000,0.000,0.000,1.000,0.00,0.05,0.00,neutral,default
👨🏽‍✈️,man_pilot_medium_skin_tone,0.000,0.000,0.000,0.000,0.000,0.000,0.000,1.000,0.00,0.05,0.00,neutral,default
🤾‍♂️,man_playing_handball,0.000,0.000,0.000,0.000,0.000,0.000,0.000,1.000,0.00,0.05,0.00,neutral,default
🤾🏿‍♂️,man_playing_handball_dark_skin_tone,0.000,0.000,0.000,0.000,0.000,0.000,0.000,1.000,0.00,0.05,0.00,neutral,default
🤾🏻‍♂️,man_playing_handball_light_skin_tone,0.000,0.000,0.000,0.000,0.000,0.000,0.000,1.000,0.00,0.05,0.00,neutral,default
🤾🏾‍♂️,man_playing_handball_medium-dark_skin_tone,0.000,0.000,0.000,0.000,0.000,0.000,0.000,1.000,0.00,0.05,0.00,neutral,default
🤾🏼‍♂️,man_playing_handball_medium-light_skin_tone,0.000,0.000,0.000,0.000,0.000,0.000,0.000,1.000,0.00,0.05,0.00,neutral,default
🤾🏽‍♂️,man_playing_handball_medium_skin_tone,0.000,0.000,0.000,0.000,0.000,0.000,0.000,1.000,0.00,0.05,0.00,neutral,default
🤽‍♂️,man_playing_water_polo,0.000,0.000,0.000,0.000,0.000,0.000,0.000,1.000,0.00,0.05,0.00,neutral,default
🤽🏿‍♂️,man_playing_water_polo_dark_skin_tone,0.000,0.000,0.000,0.000,0.000,0.000,0.000,1.000,0.00,0.05,0.00,neutral,default
🤽🏻‍♂️,man_playing_water_polo_light_skin_tone,0.000,0.000,0.000,0.000,0.000,0.000,0.000,1.000,0.00,0.05,0.00,neutral,default
🤽🏾‍♂️,man_playing_water_polo_medium-dark_skin_tone,0.000,0.000,0.000,0.000,0.000,0.000,0.000,1.000,0.00,0.05,0.00,neutral,default
🤽🏼‍♂️,man_playing_water_polo_medium-light_skin_tone,0.000,0.000,0.000,0.000,0.000,0.000,0.000,1.000,0.00,0.05,0.00,neutral,default
🤽🏽‍♂️,man_playing_water_polo_medium_skin_tone,0.000,0.000,0.000,0.000,0.000,0.000,0.000,1.000,0.00,0.05,0.00,neutral,default
👮‍♂️,man_police_officer,0.000,0.000,0.000,0.000,0.000,0.000,0.000,1.000,0.00,0.05,0.00,neutral,default
👮🏿‍♂️,man_police_officer_dark_skin_tone,0.000,0.000,0.000,0.000,0.000,0.000,0.000,1.000,0.00,0.05,0.00,neutral,default
👮🏻‍♂️,man_police_officer_light_skin_tone,0.000,0.000,0.000,0.000,0.000,0.000,0.000,1.000,0.00,0.05,0.00,neutral,default
👮🏾‍♂️,man_police_officer_medium-dark_skin_tone,0.000,0.000,0.000,0.000,0.000,0.000,0.000,1.000,0.00,0.05,0.00,neutral,default
👮🏼‍♂️,man_police_officer_medium-light_skin_tone,0.000,0.000,0.000,0.000,0.000,0.000,0.000,1.000,0.00,0.05,0.00,neutral,default
👮🏽‍♂️,man_police_officer_medium_skin_tone,0.000,0.000,0.000,0.000,0.000,0.000,0.000,1.000,0.00,0.05,0.00,neutral,default
👨‍🦰,man_red_hair,0.000,0.000,0.000,0.000,0.000,0.000,0.000,1.000,0.00,0.05,0.00,neutral,default
🚣‍♂️,man_rowing_boat,0.000,0.000,0.000,0.000,0.000,0.000,0.000,1.000,0.00,0.05,0.00,neutral,default
🚣🏿‍♂️,man_rowing_boat_dark_skin_tone,0.000,0.000,0.000,0.000,0.000,0.000,0.000,1.000,0.00,0.05,0.00,neutral,default
🚣🏻‍♂️,man_rowing_boat_light_skin_tone,0.000,0.000,0.000,0.000,0.000,0.000,0.000,1.000,0.00,0.05,0.00,neutral,default
🚣🏾‍♂️,man_rowing_boat_medium-dark_skin_tone,0.000,0.000,0.000,0.000,0.000,0.000,0.000,1.000,0.00,0.05,0.00,neutral,default
🚣🏼‍♂️,man_rowing_boat_medium-light_skin_tone,0.000,0.000,0.000,0.000,0.000,0.000,0.000,1.000,0.00,0.05,0.00,neutral,default
🚣🏽‍♂️,man_rowing_boat_medium_skin_tone,0.000,0.000,0.000,0.000,0.000,0.000,0.000,1.000,0.00,0.05,0.00,neutral,default
🏃‍♂️,man_running,0.000,0.000,0.000,0.000,0.000,0.000,0.000,1.000,0.00,0.05,0.00,neutral,default
🏃🏿‍♂️,man_running_dark_skin_tone,0.000,0.000,0.000,0.000,0.000,0.000,0.000,1.000,0.00,0.05,0.00,neutral,default
🏃‍♂️‍➡️,man_running_facing_right,0.000,0.000,0.000,0.000,0.000,0.000,0.000,1.000,0.00,0.05,0.00,neutral,default
🏃🏿‍♂️‍➡️,man_running_facing_right_dark_skin_tone,0.000,0.000,0.000,0.000,0.000,0.000,0.000,1.000,0.00,0.05,0.00,neutral,default
🏃🏻‍♂️‍➡️,man_running_facing_right_light_skin_tone,0.000,0.000,0.000,0.000,0.000,0.000,0.000,1.000,0.00,0.05,0.00,neutral,default
🏃🏾‍♂️‍➡️,man_running_facing_right_medium-dark_skin_tone,0.000,0.000,0.000,0.000,0.000,0.000,0.000,1.000,0.00,0.05,0.00,neutral,default
🏃🏼‍♂️‍➡️,man_running_facing_right_medium-light_skin_tone,0.000,0.000,0.000,0.000,0.000,0.000,0.000,1.000,0.00,0.05,0.00,neutral,default
🏃🏽‍♂️‍➡️,man_running_facing_right_medium_skin_tone,0.000,0.000,0.000,0.000,0.000,0.000,0.000,1.000,0.00,0.05,0.00,neutral,default
🏃🏻‍♂️,man_running_light_skin_tone,0.000,0.000,0.000,0.000,0.000,0.000,0.000,1.000,0.00,0.05,0.00,neutral,default
🏃🏾‍♂️,man_running_medium-dark_skin_tone,0.000,0.000,0.000,0.000,0.000,0.000,0.000,1.000,0.00,0.05,0.00,neutral,default
🏃🏼‍♂️,man_running_medium-light_skin_tone,0.000,0.000,0.000,0.000,0.000,0.000,0.000,1.000,0.00,0.05,0.00,neutral,default
🏃🏽‍♂️,man_running_medium_skin_tone,0.000,0.000,0.000,0.000,0.000,0.000,0.000,1.000,0.00,0.05,0.00,neutral,default
👨‍🔬,man_scientist,0.000,0.000,0.000,0.000,0.000,0.000,0.000,1.000,0.00,0.05,0.00,neutral,default
👨🏿‍🔬,man_scientist_dark_skin_tone,0.000,0.000,0.000,0.000,0.000,0.000,0.000,1.000,0.00,0.05,0.00,neutral,default
👨🏻‍🔬,man_scientist_light_skin_tone,0.000,0.000,0.000,0.000,0.000,0.000,0.000,1.000,0.00,0.05,0.00,neutral,default
👨🏾‍🔬,man_scientist_medium-dark_skin_tone,0.000,0.000,0.000,0.000,0.000,0.000,0.000,1.000,0.00,0.05,0.00,neutral,default
👨🏼‍🔬,man_scientist_medium-light_skin_tone,0.000,0.000,0.000,0.000,0.000,0.000,0.000,1.000,0.00,0.05,0.00,neutral,default
👨🏽‍🔬,man_scientist_medium_skin_tone,0.000,0.000,0.000,0.000,0.000,0.000,0.000,1.000,0.00,0.05,0.00,neutral,default
👨‍🎤,man_singer,0.000,0.000,0.000,0.000,0.000,0.000,0.000,1.000,0.00,0.05,0.00,neutral,default
👨🏿‍🎤,man_singer_dark_skin_tone,0.000,0.000,0.000,0.000,0.000,0.000,0.000,1.000,0.00,0.05,0.00,neutral,default
👨🏻‍🎤,man_singer_light_skin_tone,0.000,0.000,0.000,0.000,0.000,0.000,0.000,1.000,0.00,0.05,0.00,neutral,default
👨🏾‍🎤,man_singer_medium-dark_skin_tone,0.000,0.000,0.000,0.000,0.000,0.000,0.000,1.000,0.00,0.05,0.00,neutral,default
👨🏼‍🎤,man_singer_medium-light_skin_tone,0.000,0.000,0.000,0.000,0.000,0.000,0.000,1.000,0.00,0.05,0.00,neutral,default
👨🏽‍🎤,man_singer_medium_skin_tone,0.000,0.000,0.000,0.000,0.000,0.000,0.000,1.000,0.00,0.05,0.00,neutral,default
🧍‍♂️,man_standing,0.000,0.000,0.000,0.000,0.000,0.000,0.000,1.000,0.00,0.05,0.00,neutral,default
🧍🏿‍♂️,man_standing_dark_skin_tone,0.000,0.000,0.000,0.000,0.000,0.000,0.000,1.000,0.00,0.05,0.00,neutral,default
🧍🏻‍♂️,man_standing_light_skin_tone,0.000,0.000,0.000,0.000,0.000,0.000,0.000,1.000,0.00,0.05,0.00,neutral,default
🧍🏾‍♂️,man_standing_medium-dark_skin_tone,0.000,0.000,0.000,0.000,0.000,0.000,0.000,1.000,0.00,0.05,0.00,neutral,default
🧍🏼‍♂️,man_standing_medium-light_skin_tone,0.000,0.000,0.000,0.000,0.000,0.000,0.000,1.000,0.00,0.05,0.00,neutral,default
🧍🏽‍♂️,man_standing_medium_skin_tone,0.000,0.000,0.000,0.000,0.000,0.000,0.000,1.000,0.00,0.05,0.00,neutral,default
👨‍🎓,man_student,0.000,0.000,0.000,0.000,0.000,0.000,0.000,1.000,0.00,0.05,0.00,neutral,default
👨🏿‍🎓,man_student_dark_skin_tone,0.000,0.000,0.000,0.000,0.000,0.000,0.000,1.000,0.00,0.05,0.00,neutral,default
👨🏻‍🎓,man_student_light_skin_tone,0.000,0.000,0.000,0.000,0.000,0.000,0.000,1.000,0.00,0.05,0.00,neutral,default
👨🏾‍🎓,man_student_medium-dark_skin_tone,0.000,0.000,0.000,0.000,0.000,0.000,0.000,1.000,0.00,0.05,0.00,neutral,default
👨🏼‍🎓,man_student_medium-light_skin_tone,0.000,0.000,0.000,0.000,0.000,0.000,0.000,1.000,0.00,0.05,0.00,neutral,default
👨🏽‍🎓,man_student_medium_skin_tone,0.000,0.000,0.000,0.000,0.000,0.000,0.000,1.000,0.00,0.05,0.00,neutral,default
🦸‍♂️,man_superhero,0.000,0.000,0.000,0.000,0.000,0.000,0.000,1.000,0.00,0.05,0.00,neutral,default
🦸🏿‍♂️,man_superhero_dark_skin_tone,0.000,0.000,0.000,0.000,0.000,0.000,0.000,1.000,0.00,0.05,0.00,neutral,default
🦸🏻‍♂️,man_superhero_light_skin_tone,0.000,0.000,0.000,0.000,0.000,0.000,0.000,1.000,0.00,0.05,0.00,neutral,default
🦸🏾‍♂️,man_superhero_medium-dark_skin_tone,0.000,0.000,0.000,0.000,0.000,0.000,0.000,1.000,0.00,0.05,0.00,neutral,default
🦸🏼‍♂️,man_superhero_medium-light_skin_tone,0.000,0.000,0.000,0.000,0.000,0.000,0.000,1.000,0.00,0.05,0.00,neutral,default
🦸🏽‍♂️,man_superhero_medium_skin_tone,0.000,0.000,0.000,0.000,0.000,0.000,0.000,1.000,0.00,0.05,0.00,neutral,default
🦹‍♂️,man_supervillain,0.000,0.000,0.000,0.000,0.000,0.000,0.000,1.000,0.00,0.05,0.00,neutral,default
🦹🏿‍♂️,man_supervillain_dark_skin_tone,0.000,0.000,0.000,0.000,0.000,0.000,0.000,1.000,0.00,0.05,0.00,neutral,default
🦹🏻‍♂️,man_supervillain_light_skin_tone,0.000,0.000,0.000,0.000,0.000,0.000,0.000,1.000,0.00,0.05,0.00,neutral,default
🦹🏾‍♂️,man_supervillain_medium-dark_skin_tone,0.000,0.000,0.000,0.000,0.000,0.000,0.000,1.000,0.00,0.05,0.00,neutral,default
🦹🏼‍♂️,man_supervillain_medium-light_skin_tone,0.000,0.000,0.000,0.000,0.000,0.000,0.000,1.000,0.00,0.05,0.00,neutral,default
🦹🏽‍♂️,man_supervillain_medium_skin_tone,0.000,0.000,0.000,0.000,0.000,0.000,0.000,1.000,0.00,0.05,0.00,neutral,default
🏄‍♂️,man_surfing,0.000,0.000,0.000,0.000,0.000,0.000,0.000,1.000,0.00,0.05,0.00,neutral,default
🏄🏿‍♂️,man_surfing_dark_skin_tone,0.000,0.000,0.000,0.000,0.000,0.000,0.000,1.000,0.00,0.05,0.00,neutral,default
🏄🏻‍♂️,man_surfing_light_skin_tone,0.000,0.000,0.000,0.000,0.000,0.000,0.000,1.000,0.00,0.05,0.00,neutral,default
🏄🏾‍♂️,man_surfing_medium-dark_skin_tone,0.000,0.000,0.000,0.000,0.000,0.000,0.000,1.000,0.00,0.05,0.00,neutral,default
🏄🏼‍♂️,man_surfing_medium-light_skin_tone,0.000,0.000,0.000,0.000,0.000,0.000,0.000,1.000,0.00,0.05,0.00,neutral,default
🏄🏽‍♂️,man_surfing_medium_skin_tone,0.000,0.000,0.000,0.000,0.000,0.000,0.000,1.000,0.00,0.05,0.00,neutral,default
🏊‍♂️,man_swimming,0.000,0.000,0.000,0.000,0.000,0.000,0.000,1.000,0.00,0.05,0.00,neutral,default
🏊🏿‍♂️,man_swimming_dark_skin_tone,0.000,0.000,0.000,0.000,0.000,0.000,0.000,1.000,0.00,0.05,0.00,neutral,default
🏊🏻‍♂️,man_swimming_light_skin_tone,0.000,0.000,0.000,0.000,0.000,0.000,0.000,1.000,0.00,0.05,0.00,neutral,default
🏊🏾‍♂️,man_swimming_medium-dark_skin_tone,0.000,0.000,0.000,0.000,0.000,0.000,0.000,1.000,0.00,0.05,0.00,neutral,default
🏊🏼‍♂️,man_swimming_medium-light_skin_tone,0.000,0.000,0.000,0.000,0.000,0.000,0.000,1.000,0.00,0.05,0.00,neutral,default
🏊🏽‍♂️,man_swimming_medium_skin_tone,0.000,0.000,0.000,0.000,0.000,0.000,0.000,1.000,0.00,0.05,0.00,neutral,default
👨‍🏫,man_teacher,0.000,0.000,0.000,0.000,0.000,0.000,0.000,1.000,0.00,0.05,0.00,neutral,default
👨🏿‍🏫,man_teacher_dark_skin_tone,0.000,0.000,0.000,0.000,0.000,0.000,0.000,1.000,0.00,0.05,0.00,neutral,default
👨🏻‍🏫,man_teacher_light_skin_tone,0.000,0.000,0.000,0.000,0.000,0.000,0.000,1.000,0.00,0.05,0.00,neutral,default
👨🏾‍🏫,man_teacher_medium-dark_skin_tone,0.000,0.000,0.000,0.000,0.000,0.000,0.000,1.000,0.00,0.05,0.00,neutral,default
👨🏼‍🏫,man_teacher_medium-light_skin_tone,0.000,0.000,0.000,0.000,0.000,0.000,0.000,1.000,0.00,0.05,0.00,neutral,default
👨🏽‍🏫,man_teacher_medium_skin_tone,0.000,0.000,0.000,0.000,0.000,0.000,0.000,1.000,0.00,0.05,0.00,neutral,default
👨‍💻,man_technologist,0.000,0.000,0.000,0.000,0.000,0.000,0.000,1.000,0.00,0.05,0.00,neutral,default
👨🏿‍💻,man_technologist_dark_skin_tone,0.000,0.000,0.000,0.000,0.000,0.000,0.000,1.000,0.00,0.05,0.00,neutral,default
👨🏻‍💻,man_technologist_light_skin_tone,0.000,0.000,0.000,0.000,0.000,0.000,0.000,1.000,0.00,0.05,0.00,neutral,default
👨🏾‍💻,man_technologist_medium-dark_skin_tone,0.000,0.000,0.000,0.000,0.000,0.000,0.000,1.000,0.00,0.05,0.00,neutral,default
👨🏼‍💻,man_technologist_medium-light_skin_tone,0.000,0.000,0.000,0.000,0.000,0.000,0.000,1.000,0.00,0.05,0.00,neutral,default
👨🏽‍💻,man_technologist_medium_skin_tone,0.000,0.000,0.000,0.000,0.000,0.000,0.000,1.000,0.00,0.05,0.00,neutral,default
🧛‍♂️,man_vampire,0.000,0.000,0.000,0.000,0.000,0.000,0.000,1.000,0.00,0.05,0.00,neutral,default
🧛🏿‍♂️,man_vampire_dark_skin_tone,0.000,0.000,0.000,0.000,0.000,0.000,0.000,1.000,0.00,0.05,0.00,neutral,default
🧛🏻‍♂️,man_vampire_light_skin_tone,0.000,0.000,0.000,0.000,0.000,0.000,0.000,1.000,0.00,0.05,0.00,neutral,default
🧛🏾‍♂️,man_vampire_medium-dark_skin_tone,0.000,0.000,0.000,0.000,0.000,0.000,0.000,1.000,0.00,0.05,0.00,neutral,default
🧛🏼‍♂️,man_vampire_medium-light_skin_tone,0.000,0.000,0.000,0.000,0.000,0.000,0.000,1.000,0.00,0.05,0.00,neutral,default
🧛🏽‍♂️,man_vampire_medium_skin_tone,0.000,0.000,0.000,0.000,0.000,0.000,0.000,1.000,0.00,0.05,0.00,neutral,default
🚶‍♂️,man_walking,0.000,0.000,0.000,0.000,0.000,0.000,0.000,1.000,0.00,0.05,0.00,neutral,default
🚶🏿‍♂️,man_walking_dark_skin_tone,0.000,0.000,0.000,0.000,0.000,0.000,0.000,1.000,0.00,0.05,0.00,neutral,default
🚶‍♂️‍➡️,man_walking_facing_right,0.000,0.000,0.000,0.000,0.000,0.000,0.000,1.000,0.00,0.05,0.00,neutral,default
🚶🏿‍♂️‍➡️,man_walking_facing_right_dark_skin_tone,0.000,0.000,0.000,0.000,0.000,0.000,0.000,1.000,0.00,0.05,0.00,neutral,default
🚶🏻‍♂️‍➡️,man_walking_facing_right_light_skin_tone,0.000,0.000,0.000,0.000,0.000,0.000,0.000,1.000,0.00,0.05,0.00,neutral,default
🚶🏾‍♂️‍➡️,man_walking_facing_right_medium-dark_skin_tone,0.000,0.000,0.000,0.000,0.000,0.000,0.000,1.000,0.00,0.05,0.00,neutral,default
🚶🏼‍♂️‍➡️,man_walking_facing_right_medium-light_skin_tone,0.000,0.000,0.000,0.000,0.000,0.000,0.000,1.000,0.00,0.05,0.00,neutral,default
🚶🏽‍♂️‍➡️,man_walking_facing_right_medium_skin_tone,0.000,0.000,0.000,0.000,0.000,0.000,0.000,1.000,0.00,0.05,0.00,neutral,default
🚶🏻‍♂️,man_walking_light_skin_tone,0.000,0.000,0.000,0.000,0.000,0.000,0.000,1.000,0.00,0.05,0.00,neutral,default
🚶🏾‍♂️,man_walking_medium-dark_skin_tone,0.000,0.000,0.000,0.000,0.000,0.000,0.000,1.000,0.00,0.05,0.00,neutral,default
🚶🏼‍♂️,man_walking_medium-light_skin_tone,0.000,0.000,0.000,0.000,0.000,0.000,0.000,1.000,0.00,0.05,0.00,neutral,default
🚶🏽‍♂️,man_walking_medium_skin_tone,0.000,0.000,0.000,0.000,0.000,0.000,0.000,1.000,0.00,0.05,0.00,neutral,default
👳‍♂️,man_wearing_turban,0.000,0.000,0.000,0.000,0.000,0.000,0.000,1.000,0.00,0.05,0.00,neutral,default
👳🏿‍♂️,man_wearing_turban_dark_skin_tone,0.000,0.000,0.000,0.000,0.000,0.000,0.000,1.000,0.00,0.05,0.00,neutral,default
👳🏻‍♂️,man_wearing_turban_light_skin_tone,0.000,0.000,0.000,0.000,0.000,0.000,0.000,1.000,0.00,0.05,0.00,neutral,default
👳🏾‍♂️,man_wearing_turban_medium-dark_skin_tone,0.000,0.000,0.000,0.000,0.000,0.000,0.000,1.000,0.00,0.05,0.00,neutral,default
👳🏼‍♂️,man_wearing_turban_medium-light_skin_tone,0.000,0.000,0.000,0.000,0.000,0.000,0.000,1.000,0.00,0.05,0.00,neutral,default
👳🏽‍♂️,man_wearing_turban_medium_skin_tone,0.000,0.000,0.000,0.000,0.000,0.000,0.000,1.000,0.00,0.05,0.00,neutral,default
👨‍🦳,man_white_hair,0.000,0.000,0.000,0.000,0.000,0.000,0.000,1.000,0.00,0.05,0.00,neutral,default
👰‍♂️,man_with_veil,0.000,0.000,0.000,0.000,0.000,0.000,0.000,1.000,0.00,0.05,0.00,neutral,default
👰🏿‍♂️,man_with_veil_dark_skin_tone,0.000,0.000,0.000,0.000,0.000,0.000,0.000,1.000,0.00,0.05,0.00,neutral,default
👰🏻‍♂️,man_with_veil_light_skin_tone,0.000,0.000,0.000,0.000,0.000,0.000,0.000,1.000,0.00,0.05,0.00,neutral,default
👰🏾‍♂️,man_with_veil_medium-dark_skin_tone,0.000,0.000,0.000,0.000,0.000,0.000,0.000,1.000,0.00,0.05,0.00,neutral,default
👰🏼‍♂️,man_with_veil_medium-light_skin_tone,0.000,0.000,0.000,0.000,0.000,0.000,0.000,1.000,0.00,0.05,0.00,neutral,default
👰🏽‍♂️,man_with_veil_medium_skin_tone,0.000,0.000,0.000,0.000,0.000,0.000,0.000,1.000,0.00,0.05,0.00,neutral,default
👨‍🦯,man_with_white_cane,0.000,0.000,0.000,0.000,0.000,0.000,0.000,1.000,0.00,0.05,0.00,neutral,default
👨🏿‍🦯,man_with_white_cane_dark_skin_tone,0.000,0.000,0.000,0.000,0.000,0.000,0.000,1.000,0.00,0.05,0.00,neutral,default
👨‍🦯‍➡️,man_with_white_cane_facing_right,0.000,0.000,0.000,0.000,0.000,0.000,0.000,1.000,0.00,0.05,0.00,neutral,default
👨🏿‍🦯‍➡️,man_with_white_cane_facing_right_dark_skin_tone,0.000,0.000,0.000,0.000,0.000,0.000,0.000,1.000,0.00,0.05,0.00,neutral,default
👨🏻‍🦯‍➡️,man_with_white_cane_facing_right_light_skin_tone,0.000,0.000,0.000,0.000,0.000,0.000,0.000,1.000,0.00,0.05,0.00,neutral,default
👨🏾‍🦯‍➡️,man_with_white_cane_facing_right_medium-dark_skin_tone,0.000,0.000,0.000,0.000,0.000,0.000,0.000,1.000,0.00,0.05,0.00,neutral,default
👨🏼‍🦯‍➡️,man_with_white_cane_facing_right_medium-light_skin_tone,0.000,0.000,0.000,0.000,0.000,0.000,0.000,1.000,0.00,0.05,0.00,neutral,default
👨🏽‍🦯‍➡️,man_with_white_cane_facing_right_medium_skin_tone,0.000,0.000,0.000,0.000,0.000,0.000,0.000,1.000,0.00,0.05,0.00,neutral,default
👨🏻‍🦯,man_with_white_cane_light_skin_tone,0.000,0.000,0.000,0.000,0.000,0.000,0.000,1.000,0.00,0.05,0.00,neutral,default
👨🏾‍🦯,man_with_white_cane_medium-dark_skin_tone,0.000,0.000,0.000,0.000,0.000,0.000,0.000,1.000,0.00,0.05,0.00,neutral,default
👨🏼‍🦯,man_with_white_cane_medium-light_skin_tone,0.000,0.000,0.000,0.000,0.000,0.000,0.000,1.000,0.00,0.05,0.00,neutral,default
👨🏽‍🦯,man_with_white_cane_medium_skin_tone,0.000,0.000,0.000,0.000,0.000,0.000,0.000,1.000,0.00,0.05,0.00,neutral,default
🧟‍♂️,man_zombie,0.000,0.000,0.000,0.000,0.000,0.000,0.000,1.000,0.00,0.05,0.00,neutral,default
🥭,mango,0.000,0.000,0.000,0.000,0.000,0.000,0.000,1.000,0.00,0.05,0.00,neutral,default
🕰️,mantelpiece_clock,0.000,0.000,0.000,0.000,0.000,0.000,0.000,1.000,0.00,0.05,0.00,neutral,default
🦽,manual_wheelchair,0.000,0.000,0.000,0.000,0.000,0.000,0.000,1.000,0.00,0.05,0.00,neutral,default
👞,man’s_shoe,0.000,0.000,0.000,0.000,0.000,0.000,0.000,1.000,0.00,0.05,0.00,neutral,default
🗾,map_of_japan,0.000,0.000,0.000,0.000,0.000,0.000,0.000,1.000,0.00,0.05,0.00,neutral,default
🍁,maple_leaf,0.000,0.000,0.000,0.000,0.000,0.000,0.000,1.000,0.00,0.05,0.00,neutral,default
🪇,maracas,0.000,0.000,0.000,0.000,0.000,0.000,0.000,1.000,0.00,0.05,0.00,neutral,default
🇲🇭,marshall_islands,0.000,0.000,0.000,0.000,0.000,0.000,0.000,1.000,0.00,0.05,0.00,neutral,default
🥋,martial_arts_uniform,0.000,0.000,0.000,0.000,0.000,0.000,0.000,1.000,0.00,0.05,0.00,neutral,default
🇲🇶,martinique,0.000,0.000,0.000,0.000,0.000,0.000,0.000,1.000,0.00,0.05,0.00,neutral,default
🧉,mate,0.000,0.000,0.000,0.000,0.000,0.000,0.000,1.000,0.00,0.05,0.00,neutral,default
🇲🇷,mauritania,0.000,0.000,0.000,0.000,0.000,0.000,0.000,1.000,0.00,0.05,0.00,neutral,default
🇲🇺,mauritius,0.000,0.000,0.000,0.000,0.000,0.000,0.000,1.000,0.00,0.05,0.00,neutral,default
🇾🇹,mayotte,0.000,0.000,0.000,0.000,0.000,0.000,0.000,1.000,0.00,0.05,0.00,neutral,default
🍖,meat_on_bone,0.000,0.000,0.000,0.000,0.000,0.000,0.000,1.000,0.00,0.05,0.00,neutral,default
🧑‍🔧,mechanic,0.000,0.000,0.000,0.000,0.000,0.000,0.000,1.000,0.00,0.05,0.00,neutral,default
🧑🏿‍🔧,mechanic_dark_skin_tone,0.000,0.000,0.000,0.000,0.000,0.000,0.000,1.000,0.00,0.05,0.00,neutral,default
🧑🏻‍🔧,mechanic_light_skin_tone,0.000,0.000,0.000,0.000,0.000,0.000,0.000,1.000,0.00,0.05,0.00,neutral,default
🧑🏾‍🔧,mechanic_medium-dark_skin_tone,0.000,0.000,0.000,0.000,0.000,0.000,0.000,1.000,0.00,0.05,0.00,neutral,default
🧑🏼‍🔧,mechanic_medium-light_skin_tone,0.000,0.000,0.000,0.000,0.000,0.000,0.000,1.000,0.00,0.05,0.00,neutral,default
🧑🏽‍🔧,mechanic_medium_skin_tone,0.000,0.000,0.000,0.000,0.000,0.000,0.000,1.000,0.00,0.05,0.00,neutral,default
🦾,mechanical_arm,0.000,0.000,0.000,0.000,0.000,0.000,0.000,1.000,0.00,0.05,0.00,neutral,default
🦿,mechanical_leg,0.000,0.000,0.000,0.000,0.000,0.000,0.000,1.000,0.00,0.05,0.00,neutral,default
⚕️,medical_symbol,0.000,0.000,0.000,0.000,0.000,0.000,0.000,1.000,0.00,0.05,0.00,neutral,default
📣,megaphone,0.000,0.000,0.000,0.000,0.000,0.000,0.000,1.000,0.00,0.05,0.00,neutral,default
🍈,melon,0.000,0.000,0.000,0.000,0.000,0.000,0.000,1.000,0.00,0.05,0.00,neutral,default
📝,memo,0.000,0.000,0.000,0.000,0.000,0.000,0.000,1.000,0.00,0.05,0.00,neutral,default
👬,men_holding_hands,0.000,0.000,0.000,0.000,0.000,0.000,0.000,1.000,0.00,0.05,0.00,neutral,default
👬🏿,men_holding_hands_dark_skin_tone,0.000,0.000,0.000,0.000,0.000,0.000,0.000,1.000,0.00,0.05,0.00,neutral,default
👨🏿‍🤝‍👨🏻,men_holding_hands_dark_skin_tone_light_skin_tone,0.000,0.000,0.000,0.000,0.000,0.000,0.000,1.000,0.00,0.05,0.00,neutral,default
👨🏿‍🤝‍👨🏾,men_holding_hands_dark_skin_tone_medium-dark_skin_tone,0.000,0.000,0.000,0.000,0.000,0.000,0.000,1.000,0.00,0.05,0.00,neutral,default
👨🏿‍🤝‍👨🏼,men_holding_hands_dark_skin_tone_medium-light_skin_tone,0.000,0.000,0.000,0.000,0.000,0.000,0.000,1.000,0.00,0.05,0.00,neutral,default
👨🏿‍🤝‍👨🏽,men_holding_hands_dark_skin_tone_medium_skin_tone,0.000,0.000,0.000,0.000,0.000,0.000,0.000,1.000,0.00,0.05,0.00,neutral,default
👬🏻,men_holding_hands_light_skin_tone,0.000,0.000,0.000,0.000,0.000,0.000,0.000,1.000,0.00,0.05,0.00,neutral,default
👨🏻‍🤝‍👨🏿,men_holding_hands_light_skin_tone_dark_skin_tone,0.000,0.000,0.000,0.000,0.000,0.000,0.000,1.000,0.00,0.05,0.00,neutral,default
👨🏻‍🤝‍👨🏾,men_holding_hands_light_skin_tone_medium-dark_skin_tone,0.000,0.000,0.000,0.000,0.000,0.000,0.000,1.000,0.00,0.05,0.00,neutral,default
👨🏻‍🤝‍👨🏼,men_holding_hands_light_skin_tone_medium-light_skin_tone,0.000,0.000,0.000,0.000,0.000,0.000,0.000,1.000,0.00,0.05,0.00,neutral,default
👨🏻‍🤝‍👨🏽,men_holding_hands_light_skin_tone_medium_skin_tone,0.000,0.000,0.000,0.000,0.000,0.000,0.000,1.000,0.00,0.05,0.00,neutral,default
👬🏾,men_holding_hands_medium-dark_skin_tone,0.000,0.000,0.000,0.000,0.000,0.000,0.000,1.000,0.00,0.05,0.00,neutral,default
👨🏾‍🤝‍👨🏿,men_holding_hands_medium-dark_skin_tone_dark_skin_tone,0.000,0.000,0.000,0.000,0.000,0.000,0.000,1.000,0.00,0.05,0.00,neutral,default
👨🏾‍🤝‍👨🏻,men_holding_hands_medium-dark_skin_tone_light_skin_tone,0.000,0.000,0.000,0.000,0.000,0.000,0.000,1.000,0.00,0.05,0.00,neutral,default
👨🏾‍🤝‍👨🏼,men_holding_hands_medium-dark_skin_tone_medium-light_skin_tone,0.000,0.000,0.000,0.000,0.000,0.000,0.000,1.000,0.00,0.05,0.00,neutral,default
👨🏾‍🤝‍👨🏽,men_holding_hands_medium-dark_skin_tone_medium_skin_tone,0.000,0.000,0.000,0.000,0.000,0.000,0.000,1.000,0.00,0.05,0.00,neutral,default
👬🏼,men_holding_hands_medium-light_skin_tone,0.000,0.000,0.000,0.000,0.000,0.000,0.000,1.000,0.00,0.05,0.00,neutral,default
👨🏼‍🤝‍👨🏿,men_holding_hands_medium-light_skin_tone_dark_skin_tone,0.000,0.000,0.000,0.000,0.000,0.000,0.000,1.000,0.00,0.05,0.00,neutral,default
👨🏼‍🤝‍👨🏻,men_holding_hands_medium-light_skin_tone_light_skin_tone,0.000,0.000,0.000,0.000,0.000,0.000,0.000,1.000,0.00,0.05,0.00,neutral,default
👨🏼‍🤝‍👨🏾,men_holding_hands_medium-light_skin_tone_medium-dark_skin_tone,0.000,0.000,0.000,0.000,0.000,0.000,0.000,1.000,0.00,0.05,0.00,neutral,default
👨🏼‍🤝‍👨🏽,men_holding_hands_medium-light_skin_tone_medium_skin_tone,0.000,0.000,0.000,0.000,0.000,0.000,0.000,1.000,0.00,0.05,0.00,neutral,default
👬🏽,men_holding_hands_medium_skin_tone,0.000,0.000,0.000,0.000,0.000,0.000,0.000,1.000,0.00,0.05,0.00,neutral,default
👨🏽‍🤝‍👨🏿,men_holding_hands_medium_skin_tone_dark_skin_tone,0.000,0.000,0.000,0.000,0.000,0.000,0.000,1.000,0.00,0.05,0.00,neutral,default
👨🏽‍🤝‍👨🏻,men_holding_hands_medium_skin_tone_light_skin_tone,0.000,0.000,0.000,0.000,0.000,0.000,0.000,1.000,0.00,0.05,0.00,neutral,default
👨🏽‍🤝‍👨🏾,men_holding_hands_medium_skin_tone_medium-dark_skin_tone,0.000,0.000,0.000,0.000,0.000,0.000,0.000,1.000,0.00,0.05,0.00,neutral,default
👨🏽‍🤝‍👨🏼,men_holding_hands_medium_skin_tone_medium-light_skin_tone,0.000,0.000,0.000,0.000,0.000,0.000,0.000,1.000,0.00,0.05,0.00,neutral,default
👨🏿‍🐰‍👨🏻,men_with_bunny_ears_dark_skin_tone_light_skin_tone,0.000,0.000,0.000,0.000,0.000,0.000,0.000,1.000,0.00,0.05,0.00,neutral,default
👨🏿‍🐰‍👨🏾,men_with_bunny_ears_dark_skin_tone_medium-dark_skin_tone,0.000,0.000,0.000,0.000,0.000,0.000,0.000,1.000,0.00,0.05,0.00,neutral,default
👨🏿‍🐰‍👨🏼,men_with_bunny_ears_dark_skin_tone_medium-light_skin_tone,0.000,0.000,0.000,0.000,0.000,0.000,0.000,1.000,0.00,0.05,0.00,neutral,default
👨🏿‍🐰‍👨🏽,men_with_bunny_ears_dark_skin_tone_medium_skin_tone,0.000,0.000,0.000,0.000,0.000,0.000,0.000,1.000,0.00,0.05,0.00,neutral,default
👨🏻‍🐰‍👨🏿,men_with_bunny_ears_light_skin_tone_dark_skin_tone,0.000,0.000,0.000,0.000,0.000,0.000,0.000,1.000,0.00,0.05,0.00,neutral,default
👨🏻‍🐰‍👨🏾,men_with_bunny_ears_light_skin_tone_medium-dark_skin_tone,0.000,0.000,0.000,0.000,0.000,0.000,0.000,1.000,0.00,0.05,0.00,neutral,default
👨🏻‍🐰‍👨🏼,men_with_bunny_ears_light_skin_tone_medium-light_skin_tone,0.000,0.000,0.000,0.000,0.000,0.000,0.000,1.000,0.00,0.05,0.00,neutral,default
👨🏻‍🐰‍👨🏽,men_with_bunny_ears_light_skin_tone_medium_skin_tone,0.000,0.000,0.000,0.000,0.000,0.000,0.000,1.000,0.00,0.05,0.00,neutral,default
👨🏾‍🐰‍👨🏿,men_with_bunny_ears_medium-dark_skin_tone_dark_skin_tone,0.000,0.000,0.000,0.000,0.000,0.000,0.000,1.000,0.00,0.05,0.00,neutral,default
👨🏾‍🐰‍👨🏻,men_with_bunny_ears_medium-dark_skin_tone_light_skin_tone,0.000,0.000,0.000,0.000,0.000,0.000,0.000,1.000,0.00,0.05,0.00,neutral,default
👨🏾‍🐰‍👨🏼,men_with_bunny_ears_medium-dark_skin_tone_medium-light_skin_tone,0.000,0.000,0.000,0.000,0.000,0.000,0.000,1.000,0.00,0.05,0.00,neutral,default
👨🏾‍🐰‍👨🏽,men_with_bunny_ears_medium-dark_skin_tone_medium_skin_tone,0.000,0.000,0.000,0.000,0.000,0.000,0.000,1.000,0.00,0.05,0.00,neutral,default
👨🏼‍🐰‍👨🏿,men_with_bunny_ears_medium-light_skin_tone_dark_skin_tone,0.000,0.000,0.000,0.000,0.000,0.000,0.000,1.000,0.00,0.05,0.00,neutral,default
👨🏼‍🐰‍👨🏻,men_with_bunny_ears_medium-light_skin_tone_light_skin_tone,0.000,0.000,0.000,0.000,0.000,0.000,0.000,1.000,0.00,0.05,0.00,neutral,default
👨🏼‍🐰‍👨🏾,men_with_bunny_ears_medium-light_skin_tone_medium-dark_skin_tone,0.000,0.000,0.000,0.000,0.000,0.000,0.000,1.000,0.00,0.05,0.00,neutral,default
👨🏼‍🐰‍👨🏽,men_with_bunny_ears_medium-light_skin_tone_medium_skin_tone,0.000,0.000,0.000,0.000,0.000,0.000,0.000,1.000,0.00,0.05,0.00,neutral,default
👨🏽‍🐰‍👨🏿,men_with_bunny_ears_medium_skin_tone_dark_skin_tone,0.000,0.000,0.000,0.000,0.000,0.000,0.000,1.000,0.00,0.05,0.00,neutral,default
👨🏽‍🐰‍👨🏻,men_with_bunny_ears_medium_skin_tone_light_skin_tone,0.000,0.000,0.000,0.000,0.000,0.000,0.000,1.000,0.00,0.05,0.00,neutral,default
👨🏽‍🐰‍👨🏾,men_with_bunny_ears_medium_skin_tone_medium-dark_skin_tone,0.000,0.000,0.000,0.000,0.000,0.000,0.000,1.000,0.00,0.05,0.00,neutral,default
👨🏽‍🐰‍👨🏼,men_with_bunny_ears_medium_skin_tone_medium-light_skin_tone,0.000,0.000,0.000,0.000,0.000,0.000,0.000,1.000,0.00,0.05,0.00,neutral,default
🤼‍♂️,men_wrestling,0.000,0.000,0.000,0.000,0.000,0.000,0.000,1.000,0.00,0.05,0.00,neutral,default
🤼🏿‍♂️,men_wrestling_dark_skin_tone,0.000,0.000,0.000,0.000,0.000,0.000,0.000,1.000,0.00,0.05,0.00,neutral,default
👨🏿‍🫯‍👨🏻,men_wrestling_dark_skin_tone_light_skin_tone,0.000,0.000,0.000,0.000,0.000,0.000,0.000,1.000,0.00,0.05,0.00,neutral,default
👨🏿‍🫯‍👨🏾,men_wrestling_dark_skin_tone_medium-dark_skin_tone,0.000,0.000,0.000,0.000,0.000,0.000,0.000,1.000,0.00,0.05,0.00,neutral,default
👨🏿‍🫯‍👨🏼,men_wrestling_dark_skin_tone_medium-light_skin_tone,0.000,0.000,0.000,0.000,0.000,0.000,0.000,1.000,0.00,0.05,0.00,neutral,default
👨🏿‍🫯‍👨🏽,men_wrestling_dark_skin_tone_medium_skin_tone,0.000,0.000,0.000,0.000,0.000,0.000,0.000,1.000,0.00,0.05,0.00,neutral,default
🤼🏻‍♂️,men_wrestling_light_skin_tone,0.000,0.000,0.000,0.000,0.000,0.000,0.000,1.000,0.00,0.05,0.00,neutral,default
👨🏻‍🫯‍👨🏿,men_wrestling_light_skin_tone_dark_skin_tone,0.000,0.000,0.000,0.000,0.000,0.000,0.000,1.000,0.00,0.05,0.00,neutral,default
👨🏻‍🫯‍👨🏾,men_wrestling_light_skin_tone_medium-dark_skin_tone,0.000,0.000,0.000,0.000,0.000,0.000,0.000,1.000,0.00,0.05,0.00,neutral,default
👨🏻‍🫯‍👨🏼,men_wrestling_light_skin_tone_medium-light_skin_tone,0.000,0.000,0.000,0.000,0.000,0.000,0.000,1.000,0.00,0.05,0.00,neutral,default
👨🏻‍🫯‍👨🏽,men_wrestling_light_skin_tone_medium_skin_tone,0.000,0.000,0.000,0.000,0.000,0.000,0.000,1.000,0.00,0.05,0.00,neutral,default
🤼🏾‍♂️,men_wrestling_medium-dark_skin_tone,0.000,0.000,0.000,0.000,0.000,0.000,0.000,1.000,0.00,0.05,0.00,neutral,default
👨🏾‍🫯‍👨🏿,men_wrestling_medium-dark_skin_tone_dark_skin_tone,0.000,0.000,0.000,0.000,0.000,0.000,0.000,1.000,0.00,0.05,0.00,neutral,default
👨🏾‍🫯‍👨🏻,men_wrestling_medium-dark_skin_tone_light_skin_tone,0.000,0.000,0.000,0.000,0.000,0.000,0.000,1.000,0.00,0.05,0.00,neutral,default
👨🏾‍🫯‍👨🏼,men_wrestling_medium-dark_skin_tone_medium-light_skin_tone,0.000,0.000,0.000,0.000,0.000,0.000,0.000,1.000,0.00,0.05,0.00,neutral,default
👨🏾‍🫯‍👨🏽,men_wrestling_medium-dark_skin_tone_medium_skin_tone,0.000,0.000,0.000,0.000,0.000,0.000,0.000,1.000,0.00,0.05,0.00,neutral,default
🤼🏼‍♂️,men_wrestling_medium-light_skin_tone,0.000,0.000,0.000,0.000,0.000,0.000,0.000,1.000,0.00,0.05,0.00,neutral,default
👨🏼‍🫯‍👨🏿,men_wrestling_medium-light_skin_tone_dark_skin_tone,0.000,0.000,0.000,0.000,0.000,0.000,0.000,1.000,0.00,0.05,0.00,neutral,default
👨🏼‍🫯‍👨🏻,men_wrestling_medium-light_skin_tone_light_skin_tone,0.000,0.000,0.000,0.000,0.000,0.000,0.000,1.000,0.00,0.05,0.00,neutral,default
👨🏼‍🫯‍👨🏾,men_wrestling_medium-light_skin_tone_medium-dark_skin_tone,0.000,0.000,0.000,0.000,0.000,0.000,0.000,1.000,0.00,0.05,0.00,neutral,default
👨🏼‍🫯‍👨🏽,men_wrestling_medium-light_skin_tone_medium_skin_tone,0.000,0.000,0.000,0.000,0.000,0.000,0.000,1.000,0.00,0.05,0.00,neutral,default
🤼🏽‍♂️,men_wrestling_medium_skin_tone,0.000,0.000,0.000,0.000,0.000,0.000,0.000,1.000,0.00,0.05,0.00,neutral,default
👨🏽‍🫯‍👨🏿,men_wrestling_medium_skin_tone_dark_skin_tone,0.000,0.000,0.000,0.000,0.000,0.000,0.000,1.000,0.00,0.05,0.00,neutral,default
👨🏽‍🫯‍👨🏻,men_wrestling_medium_skin_tone_light_skin_tone,0.000,0.000,0.000,0.000,0.000,0.000,0.000,1.000,0.00,0.05,0.00,neutral,default
👨🏽‍🫯‍👨🏾,men_wrestling_medium_skin_tone_medium-dark_skin_tone,0.000,0.000,0.000,0.000,0.000,0.000,0.000,1.000,0.00,0.05,0.00,neutral,default
👨🏽‍🫯‍👨🏼,men_wrestling_medium_skin_tone_medium-light_skin_tone,0.000,0.000,0.000,0.000,0.000,0.000,0.000,1.000,0.00,0.05,0.00,neutral,default
🕎,menorah,0.000,0.000,0.000,0.000,0.000,0.000,0.000,1.000,0.00,0.05,0.00,neutral,default
🚹,men’s_room,0.000,0.000,0.000,0.000,0.000,0.000,0.000,1.000,0.00,0.05,0.00,neutral,default
🧜‍♀️,mermaid,0.000,0.000,0.000,0.000,0.000,0.000,0.000,1.000,0.00,0.05,0.00,neutral,default
🧜🏿‍♀️,mermaid_dark_skin_tone,0.000,0.000,0.000,0.000,0.000,0.000,0.000,1.000,0.00,0.05,0.00,neutral,default
🧜🏻‍♀️,mermaid_light_skin_tone,0.000,0.000,0.000,0.000,0.000,0.000,0.000,1.000,0.00,0.05,0.00,neutral,default
🧜🏾‍♀️,mermaid_medium-dark_skin_tone,0.000,0.000,0.000,0.000,0.000,0.000,0.000,1.000,0.00,0.05,0.00,neutral,default
🧜🏼‍♀️,mermaid_medium-light_skin_tone,0.000,0.000,0.000,0.000,0.000,0.000,0.000,1.000,0.00,0.05,0.00,neutral,default
🧜🏽‍♀️,mermaid_medium_skin_tone,0.000,0.000,0.000,0.000,0.000,0.000,0.000,1.000,0.00,0.05,0.00,neutral,default
🧜‍♂️,merman,0.000,0.000,0.000,0.000,0.000,0.000,0.000,1.000,0.00,0.05,0.00,neutral,default
🧜🏿‍♂️,merman_dark_skin_tone,0.000,0.000,0.000,0.000,0.000,0.000,0.000,1.000,0.00,0.05,0.00,neutral,default
🧜🏻‍♂️,merman_light_skin_tone,0.000,0.000,0.000,0.000,0.000,0.000,0.000,1.000,0.00,0.05,0.00,neutral,default
🧜🏾‍♂️,merman_medium-dark_skin_tone,0.000,0.000,0.000,0.000,0.000,0.000,0.000,1.000,0.00,0.05,0.00,neutral,default
🧜🏼‍♂️,merman_medium-light_skin_tone,0.000,0.000,0.000,0.000,0.000,0.000,0.000,1.000,0.00,0.05,0.00,neutral,default
🧜🏽‍♂️,merman_medium_skin_tone,0.000,0.000,0.000,0.000,0.000,0.000,0.000,1.000,0.00,0.05,0.00,neutral,default
🧜,merperson,0.000,0.000,0.000,0.000,0.000,0.000,0.000,1.000,0.00,0.05,0.00,neutral,default
🧜🏿,merperson_dark_skin_tone,0.000,0.000,0.000,0.000,0.000,0.000,0.000,1.000,0.00,0.05,0.00,neutral,default
🧜🏻,merperson_light_skin_tone,0.000,0.000,0.000,0.000,0.000,0.000,0.000,1.000,0.00,0.05,0.00,neutral,default
🧜🏾,merperson_medium-dark_skin_tone,0.000,0.000,0.000,0.000,0.000,0.000,0.000,1.000,0.00,0.05,0.00,neutral,default
🧜🏼,merperson_medium-light_skin_tone,0.000,0.000,0.000,0.000,0.000,0.000,0.000,1.000,0.00,0.05,0.00,neutral,default
🧜🏽,merperson_medium_skin_tone,0.000,0.000,0.000,0.000,0.000,0.000,0.000,1.000,0.00,0.05,0.00,neutral,default
🪋,meteor,0.000,0.000,0.000,0.000,0.000,0.000,0.000,1.000,0.00,0.05,0.00,neutral,default
🚇,metro,0.000,0.000,0.000,0.000,0.000,0.000,0.000,1.000,0.00,0.05,0.00,neutral,default
🇲🇽,mexico,0.000,0.000,0.000,0.000,0.000,0.000,0.000,1.000,0.00,0.05,0.00,neutral,default
🦠,microbe,0.000,0.000,0.000,0.000,0.000,0.000,0.000,1.000,0.00,0.05,0.00,neutral,default
🇫🇲,micronesia,0.000,0.000,0.000,0.000,0.000,0.000,0.000,1.000,0.00,0.05,0.00,neutral,default
🎤,microphone,0.000,0.000,0.000,0.000,0.000,0.000,0.000,1.000,0.00,0.05,0.00,neutral,default
🔬,microscope,0.000,0.000,0.000,0.000,0.000,0.000,0.000,1.000,0.00,0.05,0.00,neutral,default
🪖,military_helmet,0.000,0.000,0.000,0.000,0.000,0.000,0.000,1.000,0.00,0.05,0.00,neutral,default
🌌,milky_way,0.000,0.000,0.000,0.000,0.000,0.000,0.000,1.000,0.00,0.05,0.00,neutral,default
🚐,minibus,0.000,0.000,0.000,0.000,0.000,0.000,0.000,1.000,0.00,0.05,0.00,neutral,default
➖,minus,0.000,0.000,0.000,0.000,0.000,0.000,0.000,1.000,0.00,0.05,0.00,neutral,default
🪞,mirror,0.000,0.000,0.000,0.000,0.000,0.000,0.000,1.000,0.00,0.05,0.00,neutral,default
🪩,mirror_ball,0.000,0.000,0.000,0.000,0.000,0.000,0.000,1.000,0.00,0.05,0.00,neutral,default
📱,mobile_phone,0.000,0.000,0.000,0.000,0.000,0.000,0.000,1.000,0.00,0.05,0.00,neutral,default
📴,mobile_phone_off,0.000,0.000,0.000,0.000,0.000,0.000,0.000,1.000,0.00,0.05,0.00,neutral,default
📲,mobile_phone_with_arrow,0.000,0.000,0.000,0.000,0.000,0.000,0.000,1.000,0.00,0.05,0.00,neutral,default
🇲🇩,moldova,0.000,0.000,0.000,0.000,0.000,0.000,0.000,1.000,0.00,0.05,0.00,neutral,default
🇲🇨,monaco,0.000,0.000,0.000,0.000,0.000,0.000,0.000,1.000,0.00,0.05,0.00,neutral,default
🫌,monarch_butterfly,0.000,0.000,0.000,0.000,0.000,0.000,0.000,1.000,0.00,0.05,0.00,neutral,default
🇲🇳,mongolia,0.000,0.000,0.000,0.000,0.000,0.000,0.000,1.000,0.00,0.05,0.00,neutral,default
🐒,monkey,0.000,0.000,0.000,0.000,0.000,0.000,0.000,1.000,0.00,0.05,0.00,neutral,default
🐵,monkey_face,0.000,0.000,0.000,0.000,0.000,0.000,0.000,1.000,0.00,0.05,0.00,neutral,default
🚝,monorail,0.000,0.000,0.000,0.000,0.000,0.000,0.000,1.000,0.00,0.05,0.00,neutral,default
🇲🇪,montenegro,0.000,0.000,0.000,0.000,0.000,0.000,0.000,1.000,0.00,0.05,0.00,neutral,default
🇲🇸,montserrat,0.000,0.000,0.000,0.000,0.000,0.000,0.000,1.000,0.00,0.05,0.00,neutral,default
🥮,moon_cake,0.000,0.000,0.000,0.000,0.000,0.000,0.000,1.000,0.00,0.05,0.00,neutral,default
🎑,moon_viewing_ceremony,0.000,0.000,0.000,0.000,0.000,0.000,0.000,1.000,0.00,0.05,0.00,neutral,default
🫎,moose,0.000,0.000,0.000,0.000,0.000,0.000,0.000,1.000,0.00,0.05,0.00,neutral,default
🇲🇦,morocco,0.000,0.000,0.000,0.000,0.000,0.000,0.000,1.000,0.00,0.05,0.00,neutral,default
🕌,mosque,0.000,0.000,0.000,0.000,0.000,0.000,0.000,1.000,0.00,0.05,0.00,neutral,default
🦟,mosquito,0.000,0.000,0.000,0.000,0.000,0.000,0.000,1.000,0.00,0.05,0.00,neutral,default
🛥️,motor_boat,0.000,0.000,0.000,0.000,0.000,0.000,0.000,1.000,0.00,0.05,0.00,neutral,default
🛵,motor_scooter,0.000,0.000,0.000,0.000,0.000,0.000,0.000,1.000,0.00,0.05,0.00,neutral,default
🏍️,motorcycle,0.000,0.000,0.000,0.000,0.000,0.000,0.000,1.000,0.00,0.05,0.00,neutral,default
🦼,motorized_wheelchair,0.000,0.000,0.000,0.000,0.000,0.000,0.000,1.000,0.00,0.05,0.00,neutral,default
🛣️,motorway,0.000,0.000,0.000,0.000,0.000,0.000,0.000,1.000,0.00,0.05,0.00,neutral,default
🗻,mount_fuji,0.000,0.000,0.000,0.000,0.000,0.000,0.000,1.000,0.00,0.05,0.00,neutral,default
⛰️,mountain,0.000,0.000,0.000,0.000,0.000,0.000,0.000,1.000,0.00,0.05,0.00,neutral,default
🚠,mountain_cableway,0.000,0.000,0.000,0.000,0.000,0.000,0.000,1.000,0.00,0.05,0.00,neutral,default
🚞,mountain_railway,0.000,0.000,0.000,0.000,0.000,0.000,0.000,1.000,0.00,0.05,0.00,neutral,default
🐁,mouse,0.000,0.000,0.000,0.000,0.000,0.000,0.000,1.000,0.00,0.05,0.00,neutral,default
🐭,mouse_face,0.000,0.000,0.000,0.000,0.000,0.000,0.000,1.000,0.00,0.05,0.00,neutral,default
🪤,mouse_trap,0.000,0.000,0.000,0.000,0.000,0.000,0.000,1.000,0.00,0.05,0.00,neutral,default
👄,mouth,0.000,0.000,0.000,0.000,0.000,0.000,0.000,1.000,0.00,0.05,0.00,neutral,default
🎥,movie_camera,0.000,0.000,0.000,0.000,0.000,0.000,0.000,1.000,0.00,0.05,0.00,neutral,default
🇲🇿,mozambique,0.000,0.000,0.000,0.000,0.000,0.000,0.000,1.000,0.00,0.05,0.00,neutral,default
🤶,mrs._claus,0.000,0.000,0.000,0.000,0.000,0.000,0.000,1.000,0.00,0.05,0.00,neutral,default
🤶🏿,mrs._claus_dark_skin_tone,0.000,0.000,0.000,0.000,0.000,0.000,0.000,1.000,0.00,0.05,0.00,neutral,default
🤶🏻,mrs._claus_light_skin_tone,0.000,0.000,0.000,0.000,0.000,0.000,0.000,1.000,0.00,0.05,0.00,neutral,default
🤶🏾,mrs._claus_medium-dark_skin_tone,0.000,0.000,0.000,0.000,0.000,0.000,0.000,1.000,0.00,0.05,0.00,neutral,default
🤶🏼,mrs._claus_medium-light_skin_tone,0.000,0.000,0.000,0.000,0.000,0.000,0.000,1.000,0.00,0.05,0.00,neutral,default
🤶🏽,mrs._claus_medium_skin_tone,0.000,0.000,0.000,0.000,0.000,0.000,0.000,1.000,0.00,0.05,0.00,neutral,default
✖️,multiply,0.000,0.000,0.000,0.000,0.000,0.000,0.000,1.000,0.00,0.05,0.00,neutral,default
🍄,mushroom,0.000,0.000,0.000,0.000,0.000,0.000,0.000,1.000,0.00,0.05,0.00,neutral,default
🎹,musical_keyboard,0.000,0.000,0.000,0.000,0.000,0.000,0.000,1.000,0.00,0.05,0.00,neutral,default
🎵,musical_note,0.000,0.000,0.000,0.000,0.000,0.000,0.000,1.000,0.00,0.05,0.00,neutral,default
🎼,musical_score,0.000,0.000,0.000,0.000,0.000,0.000,0.000,1.000,0.00,0.05,0.00,neutral,default
🔇,muted_speaker,0.000,0.000,0.000,0.000,0.000,0.000,0.000,1.000,0.00,0.05,0.00,neutral,default
🧑‍🎄,mx_claus,0.000,0.000,0.000,0.000,0.000,0.000,0.000,1.000,0.00,0.05,0.00,neutral,default
🧑🏿‍🎄,mx_claus_dark_skin_tone,0.000,0.000,0.000,0.000,0.000,0.000,0.000,1.000,0.00,0.05,0.00,neutral,default
🧑🏻‍🎄,mx_claus_light_skin_tone,0.000,0.000,0.000,0.000,0.000,0.000,0.000,1.000,0.00,0.05,0.00,neutral,default
🧑🏾‍🎄,mx_claus_medium-dark_skin_tone,0.000,0.000,0.000,0.000,0.000,0.000,0.000,1.000,0.00,0.05,0.00,neutral,default
🧑🏼‍🎄,mx_claus_medium-light_skin_tone,0.000,0.000,0.000,0.000,0.000,0.000,0.000,1.000,0.00,0.05,0.00,neutral,default
🧑🏽‍🎄,mx_claus_medium_skin_tone,0.000,0.000,0.000,0.000,0.000,0.000,0.000,1.000,0.00,0.05,0.00,neutral,default
🇲🇲,myanmar_(burma),0.000,0.000,0.000,0.000,0.000,0.000,0.000,1.000,0.00,0.05,0.00,neutral,default
📛,name_badge,0.000,0.000,0.000,0.000,0.000,0.000,0.000,1.000,0.00,0.05,0.00,neutral,default
🇳🇦,namibia,0.000,0.000,0.000,0.000,0.000,0.000,0.000,1.000,0.00,0.05,0.00,neutral,default
🏞️,national_park,0.000,0.000,0.000,0.000,0.000,0.000,0.000,1.000,0.00,0.05,0.00,neutral,default
🇳🇷,nauru,0.000,0.000,0.000,0.000,0.000,0.000,0.000,1.000,0.00,0.05,0.00,neutral,default
🧿,nazar_amulet,0.000,0.000,0.000,0.000,0.000,0.000,0.000,1.000,0.00,0.05,0.00,neutral,default
👔,necktie,0.000,0.000,0.000,0.000,0.000,0.000,0.000,1.000,0.00,0.05,0.00,neutral,default
🇳🇵,nepal,0.000,0.000,0.000,0.000,0.000,0.000,0.000,1.000,0.00,0.05,0.00,neutral,default
🪺,nest_with_eggs,0.000,0.000,0.000,0.000,0.000,0.000,0.000,1.000,0.00,0.05,0.00,neutral,default
🪆,nesting_dolls,0.000,0.000,0.000,0.000,0.000,0.000,0.000,1.000,0.00,0.05,0.00,neutral,default
🪍,net_with_handle,0.000,0.000,0.000,0.000,0.000,0.000,0.000,1.000,0.00,0.05,0.00,neutral,default
🇳🇱,netherlands,0.000,0.000,0.000,0.000,0.000,0.000,0.000,1.000,0.00,0.05,0.00,neutral,default
🆕,new_button,0.000,0.000,0.000,0.000,0.000,0.000,0.000,1.000,0.00,0.05,0.00,neutral,default
🇳🇨,new_caledonia,0.000,0.000,0.000,0.000,0.000,0.000,0.000,1.000,0.00,0.05,0.00,neutral,default
🌑,new_moon,0.000,0.000,0.000,0.000,0.000,0.000,0.000,1.000,0.00,0.05,0.00,neutral,default
🌚,new_moon_face,0.000,0.000,0.000,0.000,0.000,0.000,0.000,1.000,0.00,0.05,0.00,neutral,default
🇳🇿,new_zealand,0.000,0.000,0.000,0.000,0.000,0.000,0.000,1.000,0.00,0.05,0.00,neutral,default
📰,newspaper,0.000,0.000,0.000,0.000,0.000,0.000,0.000,1.000,0.00,0.05,0.00,neutral,default
⏭️,next_track_button,0.000,0.000,0.000,0.000,0.000,0.000,0.000,1.000,0.00,0.05,0.00,neutral,default
🆖,ng_button,0.000,0.000,0.000,0.000,0.000,0.000,0.000,1.000,0.00,0.05,0.00,neutral,default
🇳🇮,nicaragua,0.000,0.000,0.000,0.000,0.000,0.000,0.000,1.000,0.00,0.05,0.00,neutral,default
🇳🇪,niger,0.000,0.000,0.000,0.000,0.000,0.000,0.000,1.000,0.00,0.05,0.00,neutral,default
🇳🇬,nigeria,0.000,0.000,0.000,0.000,0.000,0.000,0.000,1.000,0.00,0.05,0.00,neutral,default
🌃,night_with_stars,0.000,0.000,0.000,0.000,0.000,0.000,0.000,1.000,0.00,0.05,0.00,neutral,default
🕤,nine-thirty,0.000,0.000,0.000,0.000,0.000,0.000,0.000,1.000,0.00,0.05,0.00,neutral,default
🕘,nine_o’clock,0.000,0.000,0.000,0.000,0.000,0.000,0.000,1.000,0.00,0.05,0.00,neutral,default
🥷,ninja,0.000,0.000,0.000,0.000,0.000,0.000,0.000,1.000,0.00,0.05,0.00,neutral,default
🥷🏿,ninja_dark_skin_tone,0.000,0.000,0.000,0.000,0.000,0.000,0.000,1.000,0.00,0.05,0.00,neutral,default
🥷🏻,ninja_light_skin_tone,0.000,0.000,0.000,0.000,0.000,0.000,0.000,1.000,0.00,0.05,0.00,neutral,default
🥷🏾,ninja_medium-dark_skin_tone,0.000,0.000,0.000,0.000,0.000,0.000,0.000,1.000,0.00,0.05,0.00,neutral,default
🥷🏼,ninja_medium-light_skin_tone,0.000,0.000,0.000,0.000,0.000,0.000,0.000,1.000,0.00,0.05,0.00,neutral,default
🥷🏽,ninja_medium_skin_tone,0.000,0.000,0.000,0.000,0.000,0.000,0.000,1.000,0.00,0.05,0.00,neutral,default
🇳🇺,niue,0.000,0.000,0.000,0.000,0.000,0.000,0.000,1.000,0.00,0.05,0.00,neutral,default
🚳,no_bicycles,0.000,0.000,0.000,0.000,0.000,0.000,0.000,1.000,0.00,0.05,0.00,neutral,default
⛔,no_entry,0.000,0.000,0.000,0.000,0.000,0.000,0.000,1.000,0.00,0.05,0.00,neutral,default
🚯,no_littering,0.000,0.000,0.000,0.000,0.000,0.000,0.000,1.000,0.00,0.05,0.00,neutral,default
📵,no_mobile_phones,0.000,0.000,0.000,0.000,0.000,0.000,0.000,1.000,0.00,0.05,0.00,neutral,default
🔞,no_one_under_eighteen,0.000,0.000,0.000,0.000,0.000,0.000,0.000,1.000,0.00,0.05,0.00,neutral,default
🚷,no_pedestrians,0.000,0.000,0.000,0.000,0.000,0.000,0.000,1.000,0.00,0.05,0.00,neutral,default
🚭,no_smoking,0.000,0.000,0.000,0.000,0.000,0.000,0.000,1.000,0.00,0.05,0.00,neutral,default
🚱,non-potable_water,0.000,0.000,0.000,0.000,0.000,0.000,0.000,1.000,0.00,0.05,0.00,neutral,default
🇳🇫,norfolk_island,0.000,0.000,0.000,0.000,0.000,0.000,0.000,1.000,0.00,0.05,0.00,neutral,default
🇰🇵,north_korea,0.000,0.000,0.000,0.000,0.000,0.000,0.000,1.000,0.00,0.05,0.00,neutral,default
🇲🇰,north_macedonia,0.000,0.000,0.000,0.000,0.000,0.000,0.000,1.000,0.00,0.05,0.00,neutral,default
🇲🇵,northern_mariana_islands,0.000,0.000,0.000,0.000,0.000,0.000,0.000,1.000,0.00,0.05,0.00,neutral,default
🇳🇴,norway,0.000,0.000,0.000,0.000,0.000,0.000,0.000,1.000,0.00,0.05,0.00,neutral,default
👃,nose,0.000,0.000,0.000,0.000,0.000,0.000,0.000,1.000,0.00,0.05,0.00,neutral,default
👃🏿,nose_dark_skin_tone,0.000,0.000,0.000,0.000,0.000,0.000,0.000,1.000,0.00,0.05,0.00,neutral,default
👃🏻,nose_light_skin_tone,0.000,0.000,0.000,0.000,0.000,0.000,0.000,1.000,0.00,0.05,0.00,neutral,default
👃🏾,nose_medium-dark_skin_tone,0.000,0.000,0.000,0.000,0.000,0.000,0.000,1.000,0.00,0.05,0.00,neutral,default
👃🏼,nose_medium-light_skin_tone,0.000,0.000,0.000,0.000,0.000,0.000,0.000,1.000,0.00,0.05,0.00,neutral,default
👃🏽,nose_medium_skin_tone,0.000,0.000,0.000,0.000,0.000,0.000,0.000,1.000,0.00,0.05,0.00,neutral,default
📓,notebook,0.000,0.000,0.000,0.000,0.000,0.000,0.000,1.000,0.00,0.05,0.00,neutral,default
📔,notebook_with_decorative_cover,0.000,0.000,0.000,0.000,0.000,0.000,0.000,1.000,0.00,0.05,0.00,neutral,default
🔩,nut_and_bolt,0.000,0.000,0.000,0.000,0.000,0.000,0.000,1.000,0.00,0.05,0.00,neutral,default
🅾️,o_button_(blood_type),0.000,0.000,0.000,0.000,0.000,0.000,0.000,1.000,0.00,0.05,0.00,neutral,default
🐙,octopus,0.000,0.000,0.000,0.000,0.000,0.000,0.000,1.000,0.00,0.05,0.00,neutral,default
🍢,oden,0.000,0.000,0.000,0.000,0.000,0.000,0.000,1.000,0.00,0.05,0.00,neutral,default
🏢,office_building,0.000,0.000,0.000,0.000,0.000,0.000,0.000,1.000,0.00,0.05,0.00,neutral,default
🧑‍💼,office_worker,0.000,0.000,0.000,0.000,0.000,0.000,0.000,1.000,0.00,0.05,0.00,neutral,default
🧑🏿‍💼,office_worker_dark_skin_tone,0.000,0.000,0.000,0.000,0.000,0.000,0.000,1.000,0.00,0.05,0.00,neutral,default
🧑🏻‍💼,office_worker_light_skin_tone,0.000,0.000,0.000,0.000,0.000,0.000,0.000,1.000,0.00,0.05,0.00,neutral,default
🧑🏾‍💼,office_worker_medium-dark_skin_tone,0.000,0.000,0.000,0.000,0.000,0.000,0.000,1.000,0.00,0.05,0.00,neutral,default
🧑🏼‍💼,office_worker_medium-light_skin_tone,0.000,0.000,0.000,0.000,0.000,0.000,0.000,1.000,0.00,0.05,0.00,neutral,default
🧑🏽‍💼,office_worker_medium_skin_tone,0.000,0.000,0.000,0.000,0.000,0.000,0.000,1.000,0.00,0.05,0.00,neutral,default
🛢️,oil_drum,0.000,0.000,0.000,0.000,0.000,0.000,0.000,1.000,0.00,0.05,0.00,neutral,default
🆗,ok_button,0.000,0.000,0.000,0.000,0.000,0.000,0.000,1.000,0.00,0.05,0.00,neutral,default
🗝️,old_key,0.000,0.000,0.000,0.000,0.000,0.000,0.000,1.000,0.00,0.05,0.00,neutral,default
👴,old_man,0.000,0.000,0.000,0.000,0.000,0.000,0.000,1.000,0.00,0.05,0.00,neutral,default
👴🏿,old_man_dark_skin_tone,0.000,0.000,0.000,0.000,0.000,0.000,0.000,1.000,0.00,0.05,0.00,neutral,default
👴🏻,old_man_light_skin_tone,0.000,0.000,0.000,0.000,0.000,0.000,0.000,1.000,0.00,0.05,0.00,neutral,default
👴🏾,old_man_medium-dark_skin_tone,0.000,0.000,0.000,0.000,0.000,0.000,0.000,1.000,0.00,0.05,0.00,neutral,default
👴🏼,old_man_medium-light_skin_tone,0.000,0.000,0.000,0.000,0.000,0.000,0.000,1.000,0.00,0.05,0.00,neutral,default
👴🏽,old_man_medium_skin_tone,0.000,0.000,0.000,0.000,0.000,0.000,0.000,1.000,0.00,0.05,0.00,neutral,default
👵,old_woman,0.000,0.000,0.000,0.000,0.000,0.000,0.000,1.000,0.00,0.05,0.00,neutral,default
👵🏿,old_woman_dark_skin_tone,0.000,0.000,0.000,0.000,0.000,0.000,0.000,1.000,0.00,0.05,0.00,neutral,default
👵🏻,old_woman_light_skin_tone,0.000,0.000,0.000,0.000,0.000,0.000,0.000,1.000,0.00,0.05,0.00,neutral,default
👵🏾,old_woman_medium-dark_skin_tone,0.000,0.000,0.000,0.000,0.000,0.000,0.000,1.000,0.00,0.05,0.00,neutral,default
👵🏼,old_woman_medium-light_skin_tone,0.000,0.000,0.000,0.000,0.000,0.000,0.000,1.000,0.00,0.05,0.00,neutral,default
👵🏽,old_woman_medium_skin_tone,0.000,0.000,0.000,0.000,0.000,0.000,0.000,1.000,0.00,0.05,0.00,neutral,default
🧓,older_person,0.000,0.000,0.000,0.000,0.000,0.000,0.000,1.000,0.00,0.05,0.00,neutral,default
🧓🏿,older_person_dark_skin_tone,0.000,0.000,0.000,0.000,0.000,0.000,0.000,1.000,0.00,0.05,0.00,neutral,default
🧓🏻,older_person_light_skin_tone,0.000,0.000,0.000,0.000,0.000,0.000,0.000,1.000,0.00,0.05,0.00,neutral,default
🧓🏾,older_person_medium-dark_skin_tone,0.000,0.000,0.000,0.000,0.000,0.000,0.000,1.000,0.00,0.05,0.00,neutral,default
🧓🏼,older_person_medium-light_skin_tone,0.000,0.000,0.000,0.000,0.000,0.000,0.000,1.000,0.00,0.05,0.00,neutral,default
🧓🏽,older_person_medium_skin_tone,0.000,0.000,0.000,0.000,0.000,0.000,0.000,1.000,0.00,0.05,0.00,neutral,default
🫒,olive,0.000,0.000,0.000,0.000,0.000,0.000,0.000,1.000,0.00,0.05,0.00,neutral,default
🕉️,om,0.000,0.000,0.000,0.000,0.000,0.000,0.000,1.000,0.00,0.05,0.00,neutral,default
🇴🇲,oman,0.000,0.000,0.000,0.000,0.000,0.000,0.000,1.000,0.00,0.05,0.00,neutral,default
🔛,on!_arrow,0.000,0.000,0.000,0.000,0.000,0.000,0.000,1.000,0.00,0.05,0.00,neutral,default
🚘,oncoming_automobile,0.000,0.000,0.000,0.000,0.000,0.000,0.000,1.000,0.00,0.05,0.00,neutral,default
🚍,oncoming_bus,0.000,0.000,0.000,0.000,0.000,0.000,0.000,1.000,0.00,0.05,0.00,neutral,default
🚔,oncoming_police_car,0.000,0.000,0.000,0.000,0.000,0.000,0.000,1.000,0.00,0.05,0.00,neutral,default
🚖,oncoming_taxi,0.000,0.000,0.000,0.000,0.000,0.000,0.000,1.000,0.00,0.05,0.00,neutral,default
🩱,one-piece_swimsuit,0.000,0.000,0.000,0.000,0.000,0.000,0.000,1.000,0.00,0.05,0.00,neutral,default
🕜,one-thirty,0.000,0.000,0.000,0.000,0.000,0.000,0.000,1.000,0.00,0.05,0.00,neutral,default
🕐,one_o’clock,0.000,0.000,0.000,0.000,0.000,0.000,0.000,1.000,0.00,0.05,0.00,neutral,default
🧅,onion,0.000,0.000,0.000,0.000,0.000,0.000,0.000,1.000,0.00,0.05,0.00,neutral,default
📖,open_book,0.000,0.000,0.000,0.000,0.000,0.000,0.000,1.000,0.00,0.05,0.00,neutral,default
📂,open_file_folder,0.000,0.000,0.000,0.000,0.000,0.000,0.000,1.000,0.00,0.05,0.00,neutral,default
⛎,ophiuchus,0.000,0.000,0.000,0.000,0.000,0.000,0.000,1.000,0.00,0.05,0.00,neutral,default
💿,optical_disk,0.000,0.000,0.000,0.000,0.000,0.000,0.000,1.000,0.00,0.05,0.00,neutral,default
📙,orange_book,0.000,0.000,0.000,0.000,0.000,0.000,0.000,1.000,0.00,0.05,0.00,neutral,default
🟠,orange_circle,0.000,0.000,0.000,0.000,0.000,0.000,0.000,1.000,0.00,0.05,0.00,neutral,default
🟧,orange_square,0.000,0.000,0.000,0.000,0.000,0.000,0.000,1.000,0.00,0.05,0.00,neutral,default
🦧,orangutan,0.000,0.000,0.000,0.000,0.000,0.000,0.000,1.000,0.00,0.05,0.00,neutral,default
🫍,orca,0.000,0.000,0.000,0.000,0.000,0.000,0.000,1.000,0.00,0.05,0.00,neutral,default
☦️,orthodox_cross,0.000,0.000,0.000,0.000,0.000,0.000,0.000,1.000,0.00,0.05,0.00,neutral,default
🦦,otter,0.000,0.000,0.000,0.000,0.000,0.000,0.000,1.000,0.00,0.05,0.00,neutral,default
📤,outbox_tray,0.000,0.000,0.000,0.000,0.000,0.000,0.000,1.000,0.00,0.05,0.00,neutral,default
🦉,owl,0.000,0.000,0.000,0.000,0.000,0.000,0.000,1.000,0.00,0.05,0.00,neutral,default
🦪,oyster,0.000,0.000,0.000,0.000,0.000,0.000,0.000,1.000,0.00,0.05,0.00,neutral,default
🅿️,p_button,0.000,0.000,0.000,0.000,0.000,0.000,0.000,1.000,0.00,0.05,0.00,neutral,default
📦,package,0.000,0.000,0.000,0.000,0.000,0.000,0.000,1.000,0.00,0.05,0.00,neutral,default
📄,page_facing_up,0.000,0.000,0.000,0.000,0.000,0.000,0.000,1.000,0.00,0.05,0.00,neutral,default
📃,page_with_curl,0.000,0.000,0.000,0.000,0.000,0.000,0.000,1.000,0.00,0.05,0.00,neutral,default
📟,pager,0.000,0.000,0.000,0.000,0.000,0.000,0.000,1.000,0.00,0.05,0.00,neutral,default
🖌️,paintbrush,0.000,0.000,0.000,0.000,0.000,0.000,0.000,1.000,0.00,0.05,0.00,neutral,default
🇵🇰,pakistan,0.000,0.000,0.000,0.000,0.000,0.000,0.000,1.000,0.00,0.05,0.00,neutral,default
🇵🇼,palau,0.000,0.000,0.000,0.000,0.000,0.000,0.000,1.000,0.00,0.05,0.00,neutral,default
🇵🇸,palestinian_territories,0.000,0.000,0.000,0.000,0.000,0.000,0.000,1.000,0.00,0.05,0.00,neutral,default
🫳,palm_down_hand,0.000,0.000,0.000,0.000,0.000,0.000,0.000,1.000,0.00,0.05,0.00,neutral,default
🫳🏿,palm_down_hand_dark_skin_tone,0.000,0.000,0.000,0.000,0.000,0.000,0.000,1.000,0.00,0.05,0.00,neutral,default
🫳🏻,palm_down_hand_light_skin_tone,0.000,0.000,0.000,0.000,0.000,0.000,0.000,1.000,0.00,0.05,0.00,neutral,default
🫳🏾,palm_down_hand_medium-dark_skin_tone,0.000,0.000,0.000,0.000,0.000,0.000,0.000,1.000,0.00,0.05,0.00,neutral,default
🫳🏼,palm_down_hand_medium-light_skin_tone,0.000,0.000,0.000,0.000,0.000,0.000,0.000,1.000,0.00,0.05,0.00,neutral,default
🫳🏽,palm_down_hand_medium_skin_tone,0.000,0.000,0.000,0.000,0.000,0.000,0.000,1.000,0.00,0.05,0.00,neutral,default
🌴,palm_tree,0.000,0.000,0.000,0.000,0.000,0.000,0.000,1.000,0.00,0.05,0.00,neutral,default
🫴,palm_up_hand,0.000,0.000,0.000,0.000,0.000,0.000,0.000,1.000,0.00,0.05,0.00,neutral,default
🫴🏿,palm_up_hand_dark_skin_tone,0.000,0.000,0.000,0.000,0.000,0.000,0.000,1.000,0.00,0.05,0.00,neutral,default
🫴🏻,palm_up_hand_light_skin_tone,0.000,0.000,0.000,0.000,0.000,0.000,0.000,1.000,0.00,0.05,0.00,neutral,default
🫴🏾,palm_up_hand_medium-dark_skin_tone,0.000,0.000,0.000,0.000,0.000,0.000,0.000,1.000,0.00,0.05,0.00,neutral,default
🫴🏼,palm_up_hand_medium-light_skin_tone,0.000,0.000,0.000,0.000,0.000,0.000,0.000,1.000,0.00,0.05,0.00,neutral,default
🫴🏽,palm_up_hand_medium_skin_tone,0.000,0.000,0.000,0.000,0.000,0.000,0.000,1.000,0.00,0.05,0.00,neutral,default
🇵🇦,panama,0.000,0.000,0.000,0.000,0.000,0.000,0.000,1.000,0.00,0.05,0.00,neutral,default
🥞,pancakes,0.000,0.000,0.000,0.000,0.000,0.000,0.000,1.000,0.00,0.05,0.00,neutral,default
🐼,panda,0.000,0.000,0.000,0.000,0.000,0.000,0.000,1.000,0.00,0.05,0.00,neutral,default
📎,paperclip,0.000,0.000,0.000,0.000,0.000,0.000,0.000,1.000,0.00,0.05,0.00,neutral,default
🇵🇬,papua_new_guinea,0.000,0.000,0.000,0.000,0.000,0.000,0.000,1.000,0.00,0.05,0.00,neutral,default
🪂,parachute,0.000,0.000,0.000,0.000,0.000,0.000,0.000,1.000,0.00,0.05,0.00,neutral,default
🇵🇾,paraguay,0.000,0.000,0.000,0.000,0.000,0.000,0.000,1.000,0.00,0.05,0.00,neutral,default
🦜,parrot,0.000,0.000,0.000,0.000,0.000,0.000,0.000,1.000,0.00,0.05,0.00,neutral,default
〽️,part_alternation_mark,0.000,0.000,0.000,0.000,0.000,0.000,0.000,1.000,0.00,0.05,0.00,neutral,default
🛳️,passenger_ship,0.000,0.000,0.000,0.000,0.000,0.000,0.000,1.000,0.00,0.05,0.00,neutral,default
🛂,passport_control,0.000,0.000,0.000,0.000,0.000,0.000,0.000,1.000,0.00,0.05,0.00,neutral,default
⏸️,pause_button,0.000,0.000,0.000,0.000,0.000,0.000,0.000,1.000,0.00,0.05,0.00,neutral,default
🐾,paw_prints,0.000,0.000,0.000,0.000,0.000,0.000,0.000,1.000,0.00,0.05,0.00,neutral,default
🫛,pea_pod,0.000,0.000,0.000,0.000,0.000,0.000,0.000,1.000,0.00,0.05,0.00,neutral,default
☮️,peace_symbol,0.000,0.000,0.000,0.000,0.000,0.000,0.000,1.000,0.00,0.05,0.00,neutral,default
🍑,peach,0.000,0.000,0.000,0.000,0.000,0.000,0.000,1.000,0.00,0.05,0.00,neutral,default
🦚,peacock,0.000,0.000,0.000,0.000,0.000,0.000,0.000,1.000,0.00,0.05,0.00,neutral,default
🥜,peanuts,0.000,0.000,0.000,0.000,0.000,0.000,0.000,1.000,0.00,0.05,0.00,neutral,default
🍐,pear,0.000,0.000,0.000,0.000,0.000,0.000,0.000,1.000,0.00,0.05,0.00,neutral,default
🖊️,pen,0.000,0.000,0.000,0.000,0.000,0.000,0.000,1.000,0.00,0.05,0.00,neutral,default
✏️,pencil,0.000,0.000,0.000,0.000,0.000,0.000,0.000,1.000,0.00,0.05,0.00,neutral,default
🐧,penguin,0.000,0.000,0.000,0.000,0.000,0.000,0.000,1.000,0.00,0.05,0.00,neutral,default
🧑‍🤝‍🧑,people_holding_hands,0.000,0.000,0.000,0.000,0.000,0.000,0.000,1.000,0.00,0.05,0.00,neutral,default
🧑🏿‍🤝‍🧑🏿,people_holding_hands_dark_skin_tone,0.000,0.000,0.000,0.000,0.000,0.000,0.000,1.000,0.00,0.05,0.00,neutral,default
🧑🏿‍🤝‍🧑🏻,people_holding_hands_dark_skin_tone_light_skin_tone,0.000,0.000,0.000,0.000,0.000,0.000,0.000,1.000,0.00,0.05,0.00,neutral,default
🧑🏿‍🤝‍🧑🏾,people_holding_hands_dark_skin_tone_medium-dark_skin_tone,0.000,0.000,0.000,0.000,0.000,0.000,0.000,1.000,0.00,0.05,0.00,neutral,default
🧑🏿‍🤝‍🧑🏼,people_holding_hands_dark_skin_tone_medium-light_skin_tone,0.000,0.000,0.000,0.000,0.000,0.000,0.000,1.000,0.00,0.05,0.00,neutral,default
🧑🏿‍🤝‍🧑🏽,people_holding_hands_dark_skin_tone_medium_skin_tone,0.000,0.000,0.000,0.000,0.000,0.000,0.000,1.000,0.00,0.05,0.00,neutral,default
🧑🏻‍🤝‍🧑🏻,people_holding_hands_light_skin_tone,0.000,0.000,0.000,0.000,0.000,0.000,0.000,1.000,0.00,0.05,0.00,neutral,default
🧑🏻‍🤝‍🧑🏿,people_holding_hands_light_skin_tone_dark_skin_tone,0.000,0.000,0.000,0.000,0.000,0.000,0.000,1.000,0.00,0.05,0.00,neutral,default
🧑🏻‍🤝‍🧑🏾,people_holding_hands_light_skin_tone_medium-dark_skin_tone,0.000,0.000,0.000,0.000,0.000,0.000,0.000,1.000,0.00,0.05,0.00,neutral,default
🧑🏻‍🤝‍🧑🏼,people_holding_hands_light_skin_tone_medium-light_skin_tone,0.000,0.000,0.000,0.000,0.000,0.000,0.000,1.000,0.00,0.05,0.00,neutral,default
🧑🏻‍🤝‍🧑🏽,people_holding_hands_light_skin_tone_medium_skin_tone,0.000,0.000,0.000,0.000,0.000,0.000,0.000,1.000,0.00,0.05,0.00,neutral,default
🧑🏾‍🤝‍🧑🏾,people_holding_hands_medium-dark_skin_tone,0.000,0.000,0.000,0.000,0.000,0.000,0.000,1.000,0.00,0.05,0.00,neutral,default
🧑🏾‍🤝‍🧑🏿,people_holding_hands_medium-dark_skin_tone_dark_skin_tone,0.000,0.000,0.000,0.000,0.000,0.000,0.000,1.000,0.00,0.05,0.00,neutral,default
🧑🏾‍🤝‍🧑🏻,people_holding_hands_medium-dark_skin_tone_light_skin_tone,0.000,0.000,0.000,0.000,0.000,0.000,0.000,1.000,0.00,0.05,0.00,neutral,default
🧑🏾‍🤝‍🧑🏼,people_holding_hands_medium-dark_skin_tone_medium-light_skin_tone,0.000,0.000,0.000,0.000,0.000,0.000,0.000,1.000,0.00,0.05,0.00,neutral,default
🧑🏾‍🤝‍🧑🏽,people_holding_hands_medium-dark_skin_tone_medium_skin_tone,0.000,0.000,0.000,0.000,0.000,0.000,0.000,1.000,0.00,0.05,0.00,neutral,default
🧑🏼‍🤝‍🧑🏼,people_holding_hands_medium-light_skin_tone,0.000,0.000,0.000,0.000,0.000,0.000,0.000,1.000,0.00,0.05,0.00,neutral,default
🧑🏼‍🤝‍🧑🏿,people_holding_hands_medium-light_skin_tone_dark_skin_tone,0.000,0.000,0.000,0.000,0.000,0.000,0.000,1.000,0.00,0.05,0.00,neutral,default
🧑🏼‍🤝‍🧑🏻,people_holding_hands_medium-light_skin_tone_light_skin_tone,0.000,0.000,0.000,0.000,0.000,0.000,0.000,1.000,0.00,0.05,0.00,neutral,default
🧑🏼‍🤝‍🧑🏾,people_holding_hands_medium-light_skin_tone_medium-dark_skin_tone,0.000,0.000,0.000,0.000,0.000,0.000,0.000,1.000,0.00,0.05,0.00,neutral,default
🧑🏼‍🤝‍🧑🏽,people_holding_hands_medium-light_skin_tone_medium_skin_tone,0.000,0.000,0.000,0.000,0.000,0.000,0.000,1.000,0.00,0.05,0.00,neutral,default
🧑🏽‍🤝‍🧑🏽,people_holding_hands_medium_skin_tone,0.000,0.000,0.000,0.000,0.000,0.000,0.000,1.000,0.00,0.05,0.00,neutral,default
🧑🏽‍🤝‍🧑🏿,people_holding_hands_medium_skin_tone_dark_skin_tone,0.000,0.000,0.000,0.000,0.000,0.000,0.000,1.000,0.00,0.05,0.00,neutral,default
🧑🏽‍🤝‍🧑🏻,people_holding_hands_medium_skin_tone_light_skin_tone,0.000,0.000,0.000,0.000,0.000,0.000,0.000,1.000,0.00,0.05,0.00,neutral,default
🧑🏽‍🤝‍🧑🏾,people_holding_hands_medium_skin_tone_medium-dark_skin_tone,0.000,0.000,0.000,0.000,0.000,0.000,0.000,1.000,0.00,0.05,0.00,neutral,default
🧑🏽‍🤝‍🧑🏼,people_holding_hands_medium_skin_tone_medium-light_skin_tone,0.000,0.000,0.000,0.000,0.000,0.000,0.000,1.000,0.00,0.05,0.00,neutral,default
🧑🏿‍🐰‍🧑🏻,people_with_bunny_ears_dark_skin_tone_light_skin_tone,0.000,0.000,0.000,0.000,0.000,0.000,0.000,1.000,0.00,0.05,0.00,neutral,default
🧑🏿‍🐰‍🧑🏾,people_with_bunny_ears_dark_skin_tone_medium-dark_skin_tone,0.000,0.000,0.000,0.000,0.000,0.000,0.000,1.000,0.00,0.05,0.00,neutral,default
🧑🏿‍🐰‍🧑🏼,people_with_bunny_ears_dark_skin_tone_medium-light_skin_tone,0.000,0.000,0.000,0.000,0.000,0.000,0.000,1.000,0.00,0.05,0.00,neutral,default
🧑🏿‍🐰‍🧑🏽,people_with_bunny_ears_dark_skin_tone_medium_skin_tone,0.000,0.000,0.000,0.000,0.000,0.000,0.000,1.000,0.00,0.05,0.00,neutral,default
🧑🏻‍🐰‍🧑🏿,people_with_bunny_ears_light_skin_tone_dark_skin_tone,0.000,0.000,0.000,0.000,0.000,0.000,0.000,1.000,0.00,0.05,0.00,neutral,default
🧑🏻‍🐰‍🧑🏾,people_with_bunny_ears_light_skin_tone_medium-dark_skin_tone,0.000,0.000,0.000,0.000,0.000,0.000,0.000,1.000,0.00,0.05,0.00,neutral,default
🧑🏻‍🐰‍🧑🏼,people_with_bunny_ears_light_skin_tone_medium-light_skin_tone,0.000,0.000,0.000,0.000,0.000,0.000,0.000,1.000,0.00,0.05,0.00,neutral,default
🧑🏻‍🐰‍🧑🏽,people_with_bunny_ears_light_skin_tone_medium_skin_tone,0.000,0.000,0.000,0.000,0.000,0.000,0.000,1.000,0.00,0.05,0.00,neutral,default
🧑🏾‍🐰‍🧑🏿,people_with_bunny_ears_medium-dark_skin_tone_dark_skin_tone,0.000,0.000,0.000,0.000,0.000,0.000,0.000,1.000,0.00,0.05,0.00,neutral,default
🧑🏾‍🐰‍🧑🏻,people_with_bunny_ears_medium-dark_skin_tone_light_skin_tone,0.000,0.000,0.000,0.000,0.000,0.000,0.000,1.000,0.00,0.05,0.00,neutral,default
🧑🏾‍🐰‍🧑🏼,people_with_bunny_ears_medium-dark_skin_tone_medium-light_skin_tone,0.000,0.000,0.000,0.000,0.000,0.000,0.000,1.000,0.00,0.05,0.00,neutral,default
🧑🏾‍🐰‍🧑🏽,people_with_bunny_ears_medium-dark_skin_tone_medium_skin_tone,0.000,0.000,0.000,0.000,0.000,0.000,0.000,1.000,0.00,0.05,0.00,neutral,default
🧑🏼‍🐰‍🧑🏿,people_with_bunny_ears_medium-light_skin_tone_dark_skin_tone,0.000,0.000,0.000,0.000,0.000,0.000,0.000,1.000,0.00,0.05,0.00,neutral,default
🧑🏼‍🐰‍🧑🏻,people_with_bunny_ears_medium-light_skin_tone_light_skin_tone,0.000,0.000,0.000,0.000,0.000,0.000,0.000,1.000,0.00,0.05,0.00,neutral,default
🧑🏼‍🐰‍🧑🏾,people_with_bunny_ears_medium-light_skin_tone_medium-dark_skin_tone,0.000,0.000,0.000,0.000,0.000,0.000,0.000,1.000,0.00,0.05,0.00,neutral,default
🧑🏼‍🐰‍🧑🏽,people_with_bunny_ears_medium-light_skin_tone_medium_skin_tone,0.000,0.000,0.000,0.000,0.000,0.000,0.000,1.000,0.00,0.05,0.00,neutral,default
🧑🏽‍🐰‍🧑🏿,people_with_bunny_ears_medium_skin_tone_dark_skin_tone,0.000,0.000,0.000,0.000,0.000,0.000,0.000,1.000,0.00,0.05,0.00,neutral,default
🧑🏽‍🐰‍🧑🏻,people_with_bunny_ears_medium_skin_tone_light_skin_tone,0.000,0.000,0.000,0.000,0.000,0.000,0.000,1.000,0.00,0.05,0.00,neutral,default
🧑🏽‍🐰‍🧑🏾,people_with_bunny_ears_medium_skin_tone_medium-dark_skin_tone,0.000,0.000,0.000,0.000,0.000,0.000,0.000,1.000,0.00,0.05,0.00,neutral,default
🧑🏽‍🐰‍🧑🏼,people_with_bunny_ears_medium_skin_tone_medium-light_skin_tone,0.000,0.000,0.000,0.000,0.000,0.000,0.000,1.000,0.00,0.05,0.00,neutral,default
🤼,people_wrestling,0.000,0.000,0.000,0.000,0.000,0.000,0.000,1.000,0.00,0.05,0.00,neutral,default
🤼🏿,people_wrestling_dark_skin_tone,0.000,0.000,0.000,0.000,0.000,0.000,0.000,1.000,0.00,0.05,0.00,neutral,default
🧑🏿‍🫯‍🧑🏻,people_wrestling_dark_skin_tone_light_skin_tone,0.000,0.000,0.000,0.000,0.000,0.000,0.000,1.000,0.00,0.05,0.00,neutral,default
🧑🏿‍🫯‍🧑🏾,people_wrestling_dark_skin_tone_medium-dark_skin_tone,0.000,0.000,0.000,0.000,0.000,0.000,0.000,1.000,0.00,0.05,0.00,neutral,default
🧑🏿‍🫯‍🧑🏼,people_wrestling_dark_skin_tone_medium-light_skin_tone,0.000,0.000,0.000,0.000,0.000,0.000,0.000,1.000,0.00,0.05,0.00,neutral,default
🧑🏿‍🫯‍🧑🏽,people_wrestling_dark_skin_tone_medium_skin_tone,0.000,0.000,0.000,0.000,0.000,0.000,0.000,1.000,0.00,0.05,0.00,neutral,default
🤼🏻,people_wrestling_light_skin_tone,0.000,0.000,0.000,0.000,0.000,0.000,0.000,1.000,0.00,0.05,0.00,neutral,default
🧑🏻‍🫯‍🧑🏿,people_wrestling_light_skin_tone_dark_skin_tone,0.000,0.000,0.000,0.000,0.000,0.000,0.000,1.000,0.00,0.05,0.00,neutral,default
🧑🏻‍🫯‍🧑🏾,people_wrestling_light_skin_tone_medium-dark_skin_tone,0.000,0.000,0.000,0.000,0.000,0.000,0.000,1.000,0.00,0.05,0.00,neutral,default
🧑🏻‍🫯‍🧑🏼,people_wrestling_light_skin_tone_medium-light_skin_tone,0.000,0.000,0.000,0.000,0.000,0.000,0.000,1.000,0.00,0.05,0.00,neutral,default
🧑🏻‍🫯‍🧑🏽,people_wrestling_light_skin_tone_medium_skin_tone,0.000,0.000,0.000,0.000,0.000,0.000,0.000,1.000,0.00,0.05,0.00,neutral,default
🤼🏾,people_wrestling_medium-dark_skin_tone,0.000,0.000,0.000,0.000,0.000,0.000,0.000,1.000,0.00,0.05,0.00,neutral,default
🧑🏾‍🫯‍🧑🏿,people_wrestling_medium-dark_skin_tone_dark_skin_tone,0.000,0.000,0.000,0.000,0.000,0.000,0.000,1.000,0.00,0.05,0.00,neutral,default
🧑🏾‍🫯‍🧑🏻,people_wrestling_medium-dark_skin_tone_light_skin_tone,0.000,0.000,0.000,0.000,0.000,0.000,0.000,1.000,0.00,0.05,0.00,neutral,default
🧑🏾‍🫯‍🧑🏼,people_wrestling_medium-dark_skin_tone_medium-light_skin_tone,0.000,0.000,0.000,0.000,0.000,0.000,0.000,1.000,0.00,0.05,0.00,neutral,default
🧑🏾‍🫯‍🧑🏽,people_wrestling_medium-dark_skin_tone_medium_skin_tone,0.000,0.000,0.000,0.000,0.000,0.000,0.000,1.000,0.00,0.05,0.00,neutral,default
🤼🏼,people_wrestling_medium-light_skin_tone,0.000,0.000,0.000,0.000,0.000,0.000,0.000,1.000,0.00,0.05,0.00,neutral,default
🧑🏼‍🫯‍🧑🏿,people_wrestling_medium-light_skin_tone_dark_skin_tone,0.000,0.000,0.000,0.000,0.000,0.000,0.000,1.000,0.00,0.05,0.00,neutral,default
🧑🏼‍🫯‍🧑🏻,people_wrestling_medium-light_skin_tone_light_skin_tone,0.000,0.000,0.000,0.000,0.000,0.000,0.000,1.000,0.00,0.05,0.00,neutral,default
🧑🏼‍🫯‍🧑🏾,people_wrestling_medium-light_skin_tone_medium-dark_skin_tone,0.000,0.000,0.000,0.000,0.000,0.000,0.000,1.000,0.00,0.05,0.00,neutral,default
🧑🏼‍🫯‍🧑🏽,people_wrestling_medium-light_skin_tone_medium_skin_tone,0.000,0.000,0.000,0.000,0.000,0.000,0.000,1.000,0.00,0.05,0.00,neutral,default
🤼🏽,people_wrestling_medium_skin_tone,0.000,0.000,0.000,0.000,0.000,0.000,0.000,1.000,0.00,0.05,0.00,neutral,default
🧑🏽‍🫯‍🧑🏿,people_wrestling_medium_skin_tone_dark_skin_tone,0.000,0.000,0.000,0.000,0.000,0.000,0.000,1.000,0.00,0.05,0.00,neutral,default
🧑🏽‍🫯‍🧑🏻,people_wrestling_medium_skin_tone_light_skin_tone,0.000,0.000,0.000,0.000,0.000,0.000,0.000,1.000,0.00,0.05,0.00,neutral,default
🧑🏽‍🫯‍🧑🏾,people_wrestling_medium_skin_tone_medium-dark_skin_tone,0.000,0.000,0.000,0.000,0.000,0.000,0.000,1.000,0.00,0.05,0.00,neutral,default
🧑🏽‍🫯‍🧑🏼,people_wrestling_medium_skin_tone_medium-light_skin_tone,0.000,0.000,0.000,0.000,0.000,0.000,0.000,1.000,0.00,0.05,0.00,neutral,default
🎭,performing_arts,0.000,0.000,0.000,0.000,0.000,0.000,0.000,1.000,0.00,0.05,0.00,neutral,default
🧑,person,0.000,0.000,0.000,0.000,0.000,0.000,0.000,1.000,0.00,0.05,0.00,neutral,default
🧑‍🦲,person_bald,0.000,0.000,0.000,0.000,0.000,0.000,0.000,1.000,0.00,0.05,0.00,neutral,default
🧔,person_beard,0.000,0.000,0.000,0.000,0.000,0.000,0.000,1.000,0.00,0.05,0.00,neutral,default
🚴,person_biking,0.000,0.000,0.000,0.000,0.000,0.000,0.000,1.000,0.00,0.05,0.00,neutral,default
🚴🏿,person_biking_dark_skin_tone,0.000,0.000,0.000,0.000,0.000,0.000,0.000,1.000,0.00,0.05,0.00,neutral,default
🚴🏻,person_biking_light_skin_tone,0.000,0.000,0.000,0.000,0.000,0.000,0.000,1.000,0.00,0.05,0.00,neutral,default
🚴🏾,person_biking_medium-dark_skin_tone,0.000,0.000,0.000,0.000,0.000,0.000,0.000,1.000,0.00,0.05,0.00,neutral,default
🚴🏼,person_biking_medium-light_skin_tone,0.000,0.000,0.000,0.000,0.000,0.000,0.000,1.000,0.00,0.05,0.00,neutral,default
🚴🏽,person_biking_medium_skin_tone,0.000,0.000,0.000,0.000,0.000,0.000,0.000,1.000,0.00,0.05,0.00,neutral,default
👱,person_blond_hair,0.000,0.000,0.000,0.000,0.000,0.000,0.000,1.000,0.00,0.05,0.00,neutral,default
⛹️,person_bouncing_ball,0.000,0.000,0.000,0.000,0.000,0.000,0.000,1.000,0.00,0.05,0.00,neutral,default
⛹🏿,person_bouncing_ball_dark_skin_tone,0.000,0.000,0.000,0.000,0.000,0.000,0.000,1.000,0.00,0.05,0.00,neutral,default
⛹🏻,person_bouncing_ball_light_skin_tone,0.000,0.000,0.000,0.000,0.000,0.000,0.000,1.000,0.00,0.05,0.00,neutral,default
⛹🏾,person_bouncing_ball_medium-dark_skin_tone,0.000,0.000,0.000,0.000,0.000,0.000,0.000,1.000,0.00,0.05,0.00,neutral,default
⛹🏼,person_bouncing_ball_medium-light_skin_tone,0.000,0.000,0.000,0.000,0.000,0.000,0.000,1.000,0.00,0.05,0.00,neutral,default
⛹🏽,person_bouncing_ball_medium_skin_tone,0.000,0.000,0.000,0.000,0.000,0.000,0.000,1.000,0.00,0.05,0.00,neutral,default
🧗,person_climbing,0.000,0.000,0.000,0.000,0.000,0.000,0.000,1.000,0.00,0.05,0.00,neutral,default
🧗🏿,person_climbing_dark_skin_tone,0.000,0.000,0.000,0.000,0.000,0.000,0.000,1.000,0.00,0.05,0.00,neutral,default
🧗🏻,person_climbing_light_skin_tone,0.000,0.000,0.000,0.000,0.000,0.000,0.000,1.000,0.00,0.05,0.00,neutral,default
🧗🏾,person_climbing_medium-dark_skin_tone,0.000,0.000,0.000,0.000,0.000,0.000,0.000,1.000,0.00,0.05,0.00,neutral,default
🧗🏼,person_climbing_medium-light_skin_tone,0.000,0.000,0.000,0.000,0.000,0.000,0.000,1.000,0.00,0.05,0.00,neutral,default
🧗🏽,person_climbing_medium_skin_tone,0.000,0.000,0.000,0.000,0.000,0.000,0.000,1.000,0.00,0.05,0.00,neutral,default
🧑‍🦱,person_curly_hair,0.000,0.000,0.000,0.000,0.000,0.000,0.000,1.000,0.00,0.05,0.00,neutral,default
🧑🏿,person_dark_skin_tone,0.000,0.000,0.000,0.000,0.000,0.000,0.000,1.000,0.00,0.05,0.00,neutral,default
🧑🏿‍🦲,person_dark_skin_tone_bald,0.000,0.000,0.000,0.000,0.000,0.000,0.000,1.000,0.00,0.05,0.00,neutral,default
🧔🏿,person_dark_skin_tone_beard,0.000,0.000,0.000,0.000,0.000,0.000,0.000,1.000,0.00,0.05,0.00,neutral,default
👱🏿,person_dark_skin_tone_blond_hair,0.000,0.000,0.000,0.000,0.000,0.000,0.000,1.000,0.00,0.05,0.00,neutral,default
🧑🏿‍🦱,person_dark_skin_tone_curly_hair,0.000,0.000,0.000,0.000,0.000,0.000,0.000,1.000,0.00,0.05,0.00,neutral,default
🧑🏿‍🦰,person_dark_skin_tone_red_hair,0.000,0.000,0.000,0.000,0.000,0.000,0.000,1.000,0.00,0.05,0.00,neutral,default
🧑🏿‍🦳,person_dark_skin_tone_white_hair,0.000,0.000,0.000,0.000,0.000,0.000,0.000,1.000,0.00,0.05,0.00,neutral,default
🧑‍🍼,person_feeding_baby,0.000,0.000,0.000,0.000,0.000,0.000,0.000,1.000,0.00,0.05,0.00,neutral,default
🧑🏿‍🍼,person_feeding_baby_dark_skin_tone,0.000,0.000,0.000,0.000,0.000,0.000,0.000,1.000,0.00,0.05,0.00,neutral,default
🧑🏻‍🍼,person_feeding_baby_light_skin_tone,0.000,0.000,0.000,0.000,0.000,0.000,0.000,1.000,0.00,0.05,0.00,neutral,default
🧑🏾‍🍼,person_feeding_baby_medium-dark_skin_tone,0.000,0.000,0.000,0.000,0.000,0.000,0.000,1.000,0.00,0.05,0.00,neutral,default
🧑🏼‍🍼,person_feeding_baby_medium-light_skin_tone,0.000,0.000,0.000,0.000,0.000,0.000,0.000,1.000,0.00,0.05,0.00,neutral,default
🧑🏽‍🍼,person_feeding_baby_medium_skin_tone,0.000,0.000,0.000,0.000,0.000,0.000,0.000,1.000,0.00,0.05,0.00,neutral,default
🤺,person_fencing,0.000,0.000,0.000,0.000,0.000,0.000,0.000,1.000,0.00,0.05,0.00,neutral,default
💇,person_getting_haircut,0.000,0.000,0.000,0.000,0.000,0.000,0.000,1.000,0.00,0.05,0.00,neutral,default
💇🏿,person_getting_haircut_dark_skin_tone,0.000,0.000,0.000,0.000,0.000,0.000,0.000,1.000,0.00,0.05,0.00,neutral,default
💇🏻,person_getting_haircut_light_skin_tone,0.000,0.000,0.000,0.000,0.000,0.000,0.000,1.000,0.00,0.05,0.00,neutral,default
💇🏾,person_getting_haircut_medium-dark_skin_tone,0.000,0.000,0.000,0.000,0.000,0.000,0.000,1.000,0.00,0.05,0.00,neutral,default
💇🏼,person_getting_haircut_medium-light_skin_tone,0.000,0.000,0.000,0.000,0.000,0.000,0.000,1.000,0.00,0.05,0.00,neutral,default
💇🏽,person_getting_haircut_medium_skin_tone,0.000,0.000,0.000,0.000,0.000,0.000,0.000,1.000,0.00,0.05,0.00,neutral,default
💆,person_getting_massage,0.000,0.000,0.000,0.000,0.000,0.000,0.000,1.000,0.00,0.05,0.00,neutral,default
💆🏿,person_getting_massage_dark_skin_tone,0.000,0.000,0.000,0.000,0.000,0.000,0.000,1.000,0.00,0.05,0.00,neutral,default
💆🏻,person_getting_massage_light_skin_tone,0.000,0.000,0.000,0.000,0.000,0.000,0.000,1.000,0.00,0.05,0.00,neutral,default
💆🏾,person_getting_massage_medium-dark_skin_tone,0.000,0.000,0.000,0.000,0.000,0.000,0.000,1.000,0.00,0.05,0.00,neutral,default
💆🏼,person_getting_massage_medium-light_skin_tone,0.000,0.000,0.000,0.000,0.000,0.000,0.000,1.000,0.00,0.05,0.00,neutral,default
💆🏽,person_getting_massage_medium_skin_tone,0.000,0.000,0.000,0.000,0.000,0.000,0.000,1.000,0.00,0.05,0.00,neutral,default
🏌️,person_golfing,0.000,0.000,0.000,0.000,0.000,0.000,0.000,1.000,0.00,0.05,0.00,neutral,default
🏌🏿,person_golfing_dark_skin_tone,0.000,0.000,0.000,0.000,0.000,0.000,0.000,1.000,0.00,0.05,0.00,neutral,default
🏌🏻,person_golfing_light_skin_tone,0.000,0.000,0.000,0.000,0.000,0.000,0.000,1.000,0.00,0.05,0.00,neutral,default
🏌🏾,person_golfing_medium-dark_skin_tone,0.000,0.000,0.000,0.000,0.000,0.000,0.000,1.000,0.00,0.05,0.00,neutral,default
🏌🏼,person_golfing_medium-light_skin_tone,0.000,0.000,0.000,0.000,0.000,0.000,0.000,1.000,0.00,0.05,0.00,neutral,default
🏌🏽,person_golfing_medium_skin_tone,0.000,0.000,0.000,0.000,0.000,0.000,0.000,1.000,0.00,0.05,0.00,neutral,default
🛌,person_in_bed,0.000,0.000,0.000,0.000,0.000,0.000,0.000,1.000,0.00,0.05,0.00,neutral,default
🛌🏿,person_in_bed_dark_skin_tone,0.000,0.000,0.000,0.000,0.000,0.000,0.000,1.000,0.00,0.05,0.00,neutral,default
🛌🏻,person_in_bed_light_skin_tone,0.000,0.000,0.000,0.000,0.000,0.000,0.000,1.000,0.00,0.05,0.00,neutral,default
🛌🏾,person_in_bed_medium-dark_skin_tone,0.000,0.000,0.000,0.000,0.000,0.000,0.000,1.000,0.00,0.05,0.00,neutral,default
🛌🏼,person_in_bed_medium-light_skin_tone,0.000,0.000,0.000,0.000,0.000,0.000,0.000,1.000,0.00,0.05,0.00,neutral,default
🛌🏽,person_in_bed_medium_skin_tone,0.000,0.000,0.000,0.000,0.000,0.000,0.000,1.000,0.00,0.05,0.00,neutral,default
🧘,person_in_lotus_position,0.000,0.000,0.000,0.000,0.000,0.000,0.000,1.000,0.00,0.05,0.00,neutral,default
🧘🏿,person_in_lotus_position_dark_skin_tone,0.000,0.000,0.000,0.000,0.000,0.000,0.000,1.000,0.00,0.05,0.00,neutral,default
🧘🏻,person_in_lotus_position_light_skin_tone,0.000,0.000,0.000,0.000,0.000,0.000,0.000,1.000,0.00,0.05,0.00,neutral,default
🧘🏾,person_in_lotus_position_medium-dark_skin_tone,0.000,0.000,0.000,0.000,0.000,0.000,0.000,1.000,0.00,0.05,0.00,neutral,default
🧘🏼,person_in_lotus_position_medium-light_skin_tone,0.000,0.000,0.000,0.000,0.000,0.000,0.000,1.000,0.00,0.05,0.00,neutral,default
🧘🏽,person_in_lotus_position_medium_skin_tone,0.000,0.000,0.000,0.000,0.000,0.000,0.000,1.000,0.00,0.05,0.00,neutral,default
🧑‍🦽,person_in_manual_wheelchair,0.000,0.000,0.000,0.000,0.000,0.000,0.000,1.000,0.00,0.05,0.00,neutral,default
🧑🏿‍🦽,person_in_manual_wheelchair_dark_skin_tone,0.000,0.000,0.000,0.000,0.000,0.000,0.000,1.000,0.00,0.05,0.00,neutral,default
🧑‍🦽‍➡️,person_in_manual_wheelchair_facing_right,0.000,0.000,0.000,0.000,0.000,0.000,0.000,1.000,0.00,0.05,0.00,neutral,default
🧑🏿‍🦽‍➡️,person_in_manual_wheelchair_facing_right_dark_skin_tone,0.000,0.000,0.000,0.000,0.000,0.000,0.000,1.000,0.00,0.05,0.00,neutral,default
🧑🏻‍🦽‍➡️,person_in_manual_wheelchair_facing_right_light_skin_tone,0.000,0.000,0.000,0.000,0.000,0.000,0.000,1.000,0.00,0.05,0.00,neutral,default
🧑🏾‍🦽‍➡️,person_in_manual_wheelchair_facing_right_medium-dark_skin_tone,0.000,0.000,0.000,0.000,0.000,0.000,0.000,1.000,0.00,0.05,0.00,neutral,default
🧑🏼‍🦽‍➡️,person_in_manual_wheelchair_facing_right_medium-light_skin_tone,0.000,0.000,0.000,0.000,0.000,0.000,0.000,1.000,0.00,0.05,0.00,neutral,default
🧑🏽‍🦽‍➡️,person_in_manual_wheelchair_facing_right_medium_skin_tone,0.000,0.000,0.000,0.000,0.000,0.000,0.000,1.000,0.00,0.05,0.00,neutral,default
🧑🏻‍🦽,person_in_manual_wheelchair_light_skin_tone,0.000,0.000,0.000,0.000,0.000,0.000,0.000,1.000,0.00,0.05,0.00,neutral,default
🧑🏾‍🦽,person_in_manual_wheelchair_medium-dark_skin_tone,0.000,0.000,0.000,0.000,0.000,0.000,0.000,1.000,0.00,0.05,0.00,neutral,default
🧑🏼‍🦽,person_in_manual_wheelchair_medium-light_skin_tone,0.000,0.000,0.000,0.000,0.000,0.000,0.000,1.000,0.00,0.05,0.00,neutral,default
🧑🏽‍🦽,person_in_manual_wheelchair_medium_skin_tone,0.000,0.000,0.000,0.000,0.000,0.000,0.000,1.000,0.00,0.05,0.00,neutral,default
🧑‍🦼,person_in_motorized_wheelchair,0.000,0.000,0.000,0.000,0.000,0.000,0.000,1.000,0.00,0.05,0.00,neutral,default
🧑🏿‍🦼,person_in_motorized_wheelchair_dark_skin_tone,0.000,0.000,0.000,0.000,0.000,0.000,0.000,1.000,0.00,0.05,0.00,neutral,default
🧑‍🦼‍➡️,person_in_motorized_wheelchair_facing_right,0.000,0.000,0.000,0.000,0.000,0.000,0.000,1.000,0.00,0.05,0.00,neutral,default
🧑🏿‍🦼‍➡️,person_in_motorized_wheelchair_facing_right_dark_skin_tone,0.000,0.000,0.000,0.000,0.000,0.000,0.000,1.000,0.00,0.05,0.00,neutral,default
🧑🏻‍🦼‍➡️,person_in_motorized_wheelchair_facing_right_light_skin_tone,0.000,0.000,0.000,0.000,0.000,0.000,0.000,1.000,0.00,0.05,0.00,neutral,default
🧑🏾‍🦼‍➡️,person_in_motorized_wheelchair_facing_right_medium-dark_skin_tone,0.000,0.000,0.000,0.000,0.000,0.000,0.000,1.000,0.00,0.05,0.00,neutral,default
🧑🏼‍🦼‍➡️,person_in_motorized_wheelchair_facing_right_medium-light_skin_tone,0.000,0.000,0.000,0.000,0.000,0.000,0.000,1.000,0.00,0.05,0.00,neutral,default
🧑🏽‍🦼‍➡️,person_in_motorized_wheelchair_facing_right_medium_skin_tone,0.000,0.000,0.000,0.000,0.000,0.000,0.000,1.000,0.00,0.05,0.00,neutral,default
🧑🏻‍🦼,person_in_motorized_wheelchair_light_skin_tone,0.000,0.000,0.000,0.000,0.000,0.000,0.000,1.000,0.00,0.05,0.00,neutral,default
🧑🏾‍🦼,person_in_motorized_wheelchair_medium-dark_skin_tone,0.000,0.000,0.000,0.000,0.000,0.000,0.000,1.000,0.00,0.05,0.00,neutral,default
🧑🏼‍🦼,person_in_motorized_wheelchair_medium-light_skin_tone,0.000,0.000,0.000,0.000,0.000,0.000,0.000,1.000,0.00,0.05,0.00,neutral,default
🧑🏽‍🦼,person_in_motorized_wheelchair_medium_skin_tone,0.000,0.000,0.000,0.000,0.000,0.000,0.000,1.000,0.00,0.05,0.00,neutral,default
🧖,person_in_steamy_room,0.000,0.000,0.000,0.000,0.000,0.000,0.000,1.000,0.00,0.05,0.00,neutral,default
🧖🏿,person_in_steamy_room_dark_skin_tone,0.000,0.000,0.000,0.000,0.000,0.000,0.000,1.000,0.00,0.05,0.00,neutral,default
🧖🏻,person_in_steamy_room_light_skin_tone,0.000,0.000,0.000,0.000,0.000,0.000,0.000,1.000,0.00,0.05,0.00,neutral,default
🧖🏾,person_in_steamy_room_medium-dark_skin_tone,0.000,0.000,0.000,0.000,0.000,0.000,0.000,1.000,0.00,0.05,0.00,neutral,default
🧖🏼,person_in_steamy_room_medium-light_skin_tone,0.000,0.000,0.000,0.000,0.000,0.000,0.000,1.000,0.00,0.05,0.00,neutral,default
🧖🏽,person_in_steamy_room_medium_skin_tone,0.000,0.000,0.000,0.000,0.000,0.000,0.000,1.000,0.00,0.05,0.00,neutral,default
🕴️,person_in_suit_levitating,0.000,0.000,0.000,0.000,0.000,0.000,0.000,1.000,0.00,0.05,0.00,neutral,default
🕴🏿,person_in_suit_levitating_dark_skin_tone,0.000,0.000,0.000,0.000,0.000,0.000,0.000,1.000,0.00,0.05,0.00,neutral,default
🕴🏻,person_in_suit_levitating_light_skin_tone,0.000,0.000,0.000,0.000,0.000,0.000,0.000,1.000,0.00,0.05,0.00,neutral,default
🕴🏾,person_in_suit_levitating_medium-dark_skin_tone,0.000,0.000,0.000,0.000,0.000,0.000,0.000,1.000,0.00,0.05,0.00,neutral,default
🕴🏼,person_in_suit_levitating_medium-light_skin_tone,0.000,0.000,0.000,0.000,0.000,0.000,0.000,1.000,0.00,0.05,0.00,neutral,default
🕴🏽,person_in_suit_levitating_medium_skin_tone,0.000,0.000,0.000,0.000,0.000,0.000,0.000,1.000,0.00,0.05,0.00,neutral,default
🤵,person_in_tuxedo,0.000,0.000,0.000,0.000,0.000,0.000,0.000,1.000,0.00,0.05,0.00,neutral,default
🤵🏿,person_in_tuxedo_dark_skin_tone,0.000,0.000,0.000,0.000,0.000,0.000,0.000,1.000,0.00,0.05,0.00,neutral,default
🤵🏻,person_in_tuxedo_light_skin_tone,0.000,0.000,0.000,0.000,0.000,0.000,0.000,1.000,0.00,0.05,0.00,neutral,default
🤵🏾,person_in_tuxedo_medium-dark_skin_tone,0.000,0.000,0.000,0.000,0.000,0.000,0.000,1.000,0.00,0.05,0.00,neutral,default
🤵🏼,person_in_tuxedo_medium-light_skin_tone,0.000,0.000,0.000,0.000,0.000,0.000,0.000,1.000,0.00,0.05,0.00,neutral,default
🤵🏽,person_in_tuxedo_medium_skin_tone,0.000,0.000,0.000,0.000,0.000,0.000,0.000,1.000,0.00,0.05,0.00,neutral,default
🤹,person_juggling,0.000,0.000,0.000,0.000,0.000,0.000,0.000,1.000,0.00,0.05,0.00,neutral,default
🤹🏿,person_juggling_dark_skin_tone,0.000,0.000,0.000,0.000,0.000,0.000,0.000,1.000,0.00,0.05,0.00,neutral,default
🤹🏻,person_juggling_light_skin_tone,0.000,0.000,0.000,0.000,0.000,0.000,0.000,1.000,0.00,0.05,0.00,neutral,default
🤹🏾,person_juggling_medium-dark_skin_tone,0.000,0.000,0.000,0.000,0.000,0.000,0.000,1.000,0.00,0.05,0.00,neutral,default
🤹🏼,person_juggling_medium-light_skin_tone,0.000,0.000,0.000,0.000,0.000,0.000,0.000,1.000,0.00,0.05,0.00,neutral,default
🤹🏽,person_juggling_medium_skin_tone,0.000,0.000,0.000,0.000,0.000,0.000,0.000,1.000,0.00,0.05,0.00,neutral,default
🧎,person_kneeling,0.000,0.000,0.000,0.000,0.000,0.000,0.000,1.000,0.00,0.05,0.00,neutral,default
🧎🏿,person_kneeling_dark_skin_tone,0.000,0.000,0.000,0.000,0.000,0.000,0.000,1.000,0.00,0.05,0.00,neutral,default
🧎‍➡️,person_kneeling_facing_right,0.000,0.000,0.000,0.000,0.000,0.000,0.000,1.000,0.00,0.05,0.00,neutral,default
🧎🏿‍➡️,person_kneeling_facing_right_dark_skin_tone,0.000,0.000,0.000,0.000,0.000,0.000,0.000,1.000,0.00,0.05,0.00,neutral,default
🧎🏻‍➡️,person_kneeling_facing_right_light_skin_tone,0.000,0.000,0.000,0.000,0.000,0.000,0.000,1.000,0.00,0.05,0.00,neutral,default
🧎🏾‍➡️,person_kneeling_facing_right_medium-dark_skin_tone,0.000,0.000,0.000,0.000,0.000,0.000,0.000,1.000,0.00,0.05,0.00,neutral,default
🧎🏼‍➡️,person_kneeling_facing_right_medium-light_skin_tone,0.000,0.000,0.000,0.000,0.000,0.000,0.000,1.000,0.00,0.05,0.00,neutral,default
🧎🏽‍➡️,person_kneeling_facing_right_medium_skin_tone,0.000,0.000,0.000,0.000,0.000,0.000,0.000,1.000,0.00,0.05,0.00,neutral,default
🧎🏻,person_kneeling_light_skin_tone,0.000,0.000,0.000,0.000,0.000,0.000,0.000,1.000,0.00,0.05,0.00,neutral,default
🧎🏾,person_kneeling_medium-dark_skin_tone,0.000,0.000,0.000,0.000,0.000,0.000,0.000,1.000,0.00,0.05,0.00,neutral,default
🧎🏼,person_kneeling_medium-light_skin_tone,0.000,0.000,0.000,0.000,0.000,0.000,0.000,1.000,0.00,0.05,0.00,neutral,default
🧎🏽,person_kneeling_medium_skin_tone,0.000,0.000,0.000,0.000,0.000,0.000,0.000,1.000,0.00,0.05,0.00,neutral,default
🏋️,person_lifting_weights,0.000,0.000,0.000,0.000,0.000,0.000,0.000,1.000,0.00,0.05,0.00,neutral,default
🏋🏿,person_lifting_weights_dark_skin_tone,0.000,0.000,0.000,0.000,0.000,0.000,0.000,1.000,0.00,0.05,0.00,neutral,default
🏋🏻,person_lifting_weights_light_skin_tone,0.000,0.000,0.000,0.000,0.000,0.000,0.000,1.000,0.00,0.05,0.00,neutral,default
🏋🏾,person_lifting_weights_medium-dark_skin_tone,0.000,0.000,0.000,0.000,0.000,0.000,0.000,1.000,0.00,0.05,0.00,neutral,default
🏋🏼,person_lifting_weights_medium-light_skin_tone,0.000,0.000,0.000,0.000,0.000,0.000,0.000,1.000,0.00,0.05,0.00,neutral,default
🏋🏽,person_lifting_weights_medium_skin_tone,0.000,0.000,0.000,0.000,0.000,0.000,0.000,1.000,0.00,0.05,0.00,neutral,default
🧑🏻,person_light_skin_tone,0.000,0.000,0.000,0.000,0.000,0.000,0.000,1.000,0.00,0.05,0.00,neutral,default
🧑🏻‍🦲,person_light_skin_tone_bald,0.000,0.000,0.000,0.000,0.000,0.000,0.000,1.000,0.00,0.05,0.00,neutral,default
🧔🏻,person_light_skin_tone_beard,0.000,0.000,0.000,0.000,0.000,0.000,0.000,1.000,0.00,0.05,0.00,neutral,default
👱🏻,person_light_skin_tone_blond_hair,0.000,0.000,0.000,0.000,0.000,0.000,0.000,1.000,0.00,0.05,0.00,neutral,default
🧑🏻‍🦱,person_light_skin_tone_curly_hair,0.000,0.000,0.000,0.000,0.000,0.000,0.000,1.000,0.00,0.05,0.00,neutral,default
🧑🏻‍🦰,person_light_skin_tone_red_hair,0.000,0.000,0.000,0.000,0.000,0.000,0.000,1.000,0.00,0.05,0.00,neutral,default
🧑🏻‍🦳,person_light_skin_tone_white_hair,0.000,0.000,0.000,0.000,0.000,0.000,0.000,1.000,0.00,0.05,0.00,neutral,default
🧑🏾,person_medium-dark_skin_tone,0.000,0.000,0.000,0.000,0.000,0.000,0.000,1.000,0.00,0.05,0.00,neutral,default
🧑🏾‍🦲,person_medium-dark_skin_tone_bald,0.000,0.000,0.000,0.000,0.000,0.000,0.000,1.000,0.00,0.05,0.00,neutral,default
🧔🏾,person_medium-dark_skin_tone_beard,0.000,0.000,0.000,0.000,0.000,0.000,0.000,1.000,0.00,0.05,0.00,neutral,default
👱🏾,person_medium-dark_skin_tone_blond_hair,0.000,0.000,0.000,0.000,0.000,0.000,0.000,1.000,0.00,0.05,0.00,neutral,default
🧑🏾‍🦱,person_medium-dark_skin_tone_curly_hair,0.000,0.000,0.000,0.000,0.000,0.000,0.000,1.000,0.00,0.05,0.00,neutral,default
🧑🏾‍🦰,person_medium-dark_skin_tone_red_hair,0.000,0.000,0.000,0.000,0.000,0.000,0.000,1.000,0.00,0.05,0.00,neutral,default
🧑🏾‍🦳,person_medium-dark_skin_tone_white_hair,0.000,0.000,0.000,0.000,0.000,0.000,0.000,1.000,0.00,0.05,0.00,neutral,default
🧑🏼,person_medium-light_skin_tone,0.000,0.000,0.000,0.000,0.000,0.000,0.000,1.000,0.00,0.05,0.00,neutral,default
🧑🏼‍🦲,person_medium-light_skin_tone_bald,0.000,0.000,0.000,0.000,0.000,0.000,0.000,1.000,0.00,0.05,0.00,neutral,default
🧔🏼,person_medium-light_skin_tone_beard,0.000,0.000,0.000,0.000,0.000,0.000,0.000,1.000,0.00,0.05,0.00,neutral,default
👱🏼,person_medium-light_skin_tone_blond_hair,0.000,0.000,0.000,0.000,0.000,0.000,0.000,1.000,0.00,0.05,0.00,neutral,default
🧑🏼‍🦱,person_medium-light_skin_tone_curly_hair,0.000,0.000,0.000,0.000,0.000,0.000,0.000,1.000,0.00,0.05,0.00,neutral,default
🧑🏼‍🦰,person_medium-light_skin_tone_red_hair,0.000,0.000,0.000,0.000,0.000,0.000,0.000,1.000,0.00,0.05,0.00,neutral,default
🧑🏼‍🦳,person_medium-light_skin_tone_white_hair,0.000,0.000,0.000,0.000,0.000,0.000,0.000,1.000,0.00,0.05,0.00,neutral,default
🧑🏽,person_medium_skin_tone,0.000,0.000,0.000,0.000,0.000,0.000,0.000,1.000,0.00,0.05,0.00,neutral,default
🧑🏽‍🦲,person_medium_skin_tone_bald,0.000,0.000,0.000,0.000,0.000,0.000,0.000,1.000,0.00,0.05,0.00,neutral,default
🧔🏽,person_medium_skin_tone_beard,0.000,0.000,0.000,0.000,0.000,0.000,0.000,1.000,0.00,0.05,0.00,neutral,default
👱🏽,person_medium_skin_tone_blond_hair,0.000,0.000,0.000,0.000,0.000,0.000,0.000,1.000,0.00,0.05,0.00,neutral,default
🧑🏽‍🦱,person_medium_skin_tone_curly_hair,0.000,0.000,0.000,0.000,0.000,0.000,0.000,1.000,0.00,0.05,0.00,neutral,default
🧑🏽‍🦰,person_medium_skin_tone_red_hair,0.000,0.000,0.000,0.000,0.000,0.000,0.000,1.000,0.00,0.05,0.00,neutral,default
🧑🏽‍🦳,person_medium_skin_tone_white_hair,0.000,0.000,0.000,0.000,0.000,0.000,0.000,1.000,0.00,0.05,0.00,neutral,default
🚵,person_mountain_biking,0.000,0.000,0.000,0.000,0.000,0.000,0.000,1.000,0.00,0.05,0.00,neutral,default
🚵🏿,person_mountain_biking_dark_skin_tone,0.000,0.000,0.000,0.000,0.000,0.000,0.000,1.000,0.00,0.05,0.00,neutral,default
🚵🏻,person_mountain_biking_light_skin_tone,0.000,0.000,0.000,0.000,0.000,0.000,0.000,1.000,0.00,0.05,0.00,neutral,default
🚵🏾,person_mountain_biking_medium-dark_skin_tone,0.000,0.000,0.000,0.000,0.000,0.000,0.000,1.000,0.00,0.05,0.00,neutral,default
🚵🏼,person_mountain_biking_medium-light_skin_tone,0.000,0.000,0.000,0.000,0.000,0.000,0.000,1.000,0.00,0.05,0.00,neutral,default
🚵🏽,person_mountain_biking_medium_skin_tone,0.000,0.000,0.000,0.000,0.000,0.000,0.000,1.000,0.00,0.05,0.00,neutral,default
🤾,person_playing_handball,0.000,0.000,0.000,0.000,0.000,0.000,0.000,1.000,0.00,0.05,0.00,neutral,default
🤾🏿,person_playing_handball_dark_skin_tone,0.000,0.000,0.000,0.000,0.000,0.000,0.000,1.000,0.00,0.05,0.00,neutral,default
🤾🏻,person_playing_handball_light_skin_tone,0.000,0.000,0.000,0.000,0.000,0.000,0.000,1.000,0.00,0.05,0.00,neutral,default
🤾🏾,person_playing_handball_medium-dark_skin_tone,0.000,0.000,0.000,0.000,0.000,0.000,0.000,1.000,0.00,0.05,0.00,neutral,default
🤾🏼,person_playing_handball_medium-light_skin_tone,0.000,0.000,0.000,0.000,0.000,0.000,0.000,1.000,0.00,0.05,0.00,neutral,default
🤾🏽,person_playing_handball_medium_skin_tone,0.000,0.000,0.000,0.000,0.000,0.000,0.000,1.000,0.00,0.05,0.00,neutral,default
🤽,person_playing_water_polo,0.000,0.000,0.000,0.000,0.000,0.000,0.000,1.000,0.00,0.05,0.00,neutral,default
🤽🏿,person_playing_water_polo_dark_skin_tone,0.000,0.000,0.000,0.000,0.000,0.000,0.000,1.000,0.00,0.05,0.00,neutral,default
🤽🏻,person_playing_water_polo_light_skin_tone,0.000,0.000,0.000,0.000,0.000,0.000,0.000,1.000,0.00,0.05,0.00,neutral,default
🤽🏾,person_playing_water_polo_medium-dark_skin_tone,0.000,0.000,0.000,0.000,0.000,0.000,0.000,1.000,0.00,0.05,0.00,neutral,default
🤽🏼,person_playing_water_polo_medium-light_skin_tone,0.000,0.000,0.000,0.000,0.000,0.000,0.000,1.000,0.00,0.05,0.00,neutral,default
🤽🏽,person_playing_water_polo_medium_skin_tone,0.000,0.000,0.000,0.000,0.000,0.000,0.000,1.000,0.00,0.05,0.00,neutral,default
🧑‍🦰,person_red_hair,0.000,0.000,0.000,0.000,0.000,0.000,0.000,1.000,0.00,0.05,0.00,neutral,default
🚣,person_rowing_boat,0.000,0.000,0.000,0.000,0.000,0.000,0.000,1.000,0.00,0.05,0.00,neutral,default
🚣🏿,person_rowing_boat_dark_skin_tone,0.000,0.000,0.000,0.000,0.000,0.000,0.000,1.000,0.00,0.05,0.00,neutral,default
🚣🏻,person_rowing_boat_light_skin_tone,0.000,0.000,0.000,0.000,0.000,0.000,0.000,1.000,0.00,0.05,0.00,neutral,default
🚣🏾,person_rowing_boat_medium-dark_skin_tone,0.000,0.000,0.000,0.000,0.000,0.000,0.000,1.000,0.00,0.05,0.00,neutral,default
🚣🏼,person_rowing_boat_medium-light_skin_tone,0.000,0.000,0.000,0.000,0.000,0.000,0.000,1.000,0.00,0.05,0.00,neutral,default
🚣🏽,person_rowing_boat_medium_skin_tone,0.000,0.000,0.000,0.000,0.000,0.000,0.000,1.000,0.00,0.05,0.00,neutral,default
🏃,person_running,0.000,0.000,0.000,0.000,0.000,0.000,0.000,1.000,0.00,0.05,0.00,neutral,default
🏃🏿,person_running_dark_skin_tone,0.000,0.000,0.000,0.000,0.000,0.000,0.000,1.000,0.00,0.05,0.00,neutral,default
🏃‍➡️,person_running_facing_right,0.000,0.000,0.000,0.000,0.000,0.000,0.000,1.000,0.00,0.05,0.00,neutral,default
🏃🏿‍➡️,person_running_facing_right_dark_skin_tone,0.000,0.000,0.000,0.000,0.000,0.000,0.000,1.000,0.00,0.05,0.00,neutral,default
🏃🏻‍➡️,person_running_facing_right_light_skin_tone,0.000,0.000,0.000,0.000,0.000,0.000,0.000,1.000,0.00,0.05,0.00,neutral,default
🏃🏾‍➡️,person_running_facing_right_medium-dark_skin_tone,0.000,0.000,0.000,0.000,0.000,0.000,0.000,1.000,0.00,0.05,0.00,neutral,default
🏃🏼‍➡️,person_running_facing_right_medium-light_skin_tone,0.000,0.000,0.000,0.000,0.000,0.000,0.000,1.000,0.00,0.05,0.00,neutral,default
🏃🏽‍➡️,person_running_facing_right_medium_skin_tone,0.000,0.000,0.000,0.000,0.000,0.000,0.000,1.000,0.00,0.05,0.00,neutral,default
🏃🏻,person_running_light_skin_tone,0.000,0.000,0.000,0.000,0.000,0.000,0.000,1.000,0.00,0.05,0.00,neutral,default
🏃🏾,person_running_medium-dark_skin_tone,0.000,0.000,0.000,0.000,0.000,0.000,0.000,1.000,0.00,0.05,0.00,neutral,default
🏃🏼,person_running_medium-light_skin_tone,0.000,0.000,0.000,0.000,0.000,0.000,0.000,1.000,0.00,0.05,0.00,neutral,default
🏃🏽,person_running_medium_skin_tone,0.000,0.000,0.000,0.000,0.000,0.000,0.000,1.000,0.00,0.05,0.00,neutral,default
🧍,person_standing,0.000,0.000,0.000,0.000,0.000,0.000,0.000,1.000,0.00,0.05,0.00,neutral,default
🧍🏿,person_standing_dark_skin_tone,0.000,0.000,0.000,0.000,0.000,0.000,0.000,1.000,0.00,0.05,0.00,neutral,default
🧍🏻,person_standing_light_skin_tone,0.000,0.000,0.000,0.000,0.000,0.000,0.000,1.000,0.00,0.05,0.00,neutral,default
🧍🏾,person_standing_medium-dark_skin_tone,0.000,0.000,0.000,0.000,0.000,0.000,0.000,1.000,0.00,0.05,0.00,neutral,default
🧍🏼,person_standing_medium-light_skin_tone,0.000,0.000,0.000,0.000,0.000,0.000,0.000,1.000,0.00,0.05,0.00,neutral,default
🧍🏽,person_standing_medium_skin_tone,0.000,0.000,0.000,0.000,0.000,0.000,0.000,1.000,0.00,0.05,0.00,neutral,default
🏄,person_surfing,0.000,0.000,0.000,0.000,0.000,0.000,0.000,1.000,0.00,0.05,0.00,neutral,default
🏄🏿,person_surfing_dark_skin_tone,0.000,0.000,0.000,0.000,0.000,0.000,0.000,1.000,0.00,0.05,0.00,neutral,default
🏄🏻,person_surfing_light_skin_tone,0.000,0.000,0.000,0.000,0.000,0.000,0.000,1.000,0.00,0.05,0.00,neutral,default
🏄🏾,person_surfing_medium-dark_skin_tone,0.000,0.000,0.000,0.000,0.000,0.000,0.000,1.000,0.00,0.05,0.00,neutral,default
🏄🏼,person_surfing_medium-light_skin_tone,0.000,0.000,0.000,0.000,0.000,0.000,0.000,1.000,0.00,0.05,0.00,neutral,default
🏄🏽,person_surfing_medium_skin_tone,0.000,0.000,0.000,0.000,0.000,0.000,0.000,1.000,0.00,0.05,0.00,neutral,default
🏊,person_swimming,0.000,0.000,0.000,0.000,0.000,0.000,0.000,1.000,0.00,0.05,0.00,neutral,default
🏊🏿,person_swimming_dark_skin_tone,0.000,0.000,0.000,0.000,0.000,0.000,0.000,1.000,0.00,0.05,0.00,neutral,default
🏊🏻,person_swimming_light_skin_tone,0.000,0.000,0.000,0.000,0.000,0.000,0.000,1.000,0.00,0.05,0.00,neutral,default
🏊🏾,person_swimming_medium-dark_skin_tone,0.000,0.000,0.000,0.000,0.000,0.000,0.000,1.000,0.00,0.05,0.00,neutral,default
🏊🏼,person_swimming_medium-light_skin_tone,0.000,0.000,0.000,0.000,0.000,0.000,0.000,1.000,0.00,0.05,0.00,neutral,default
🏊🏽,person_swimming_medium_skin_tone,0.000,0.000,0.000,0.000,0.000,0.000,0.000,1.000,0.00,0.05,0.00,neutral,default
🛀,person_taking_bath,0.000,0.000,0.000,0.000,0.000,0.000,0.000,1.000,0.00,0.05,0.00,neutral,default
🛀🏿,person_taking_bath_dark_skin_tone,0.000,0.000,0.000,0.000,0.000,0.000,0.000,1.000,0.00,0.05,0.00,neutral,default
🛀🏻,person_taking_bath_light_skin_tone,0.000,0.000,0.000,0.000,0.000,0.000,0.000,1.000,0.00,0.05,0.00,neutral,default
🛀🏾,person_taking_bath_medium-dark_skin_tone,0.000,0.000,0.000,0.000,0.000,0.000,0.000,1.000,0.00,0.05,0.00,neutral,default
🛀🏼,person_taking_bath_medium-light_skin_tone,0.000,0.000,0.000,0.000,0.000,0.000,0.000,1.000,0.00,0.05,0.00,neutral,default
🛀🏽,person_taking_bath_medium_skin_tone,0.000,0.000,0.000,0.000,0.000,0.000,0.000,1.000,0.00,0.05,0.00,neutral,default
🚶,person_walking,0.000,0.000,0.000,0.000,0.000,0.000,0.000,1.000,0.00,0.05,0.00,neutral,default
🚶🏿,person_walking_dark_skin_tone,0.000,0.000,0.000,0.000,0.000,0.000,0.000,1.000,0.00,0.05,0.00,neutral,default
🚶‍➡️,person_walking_facing_right,0.000,0.000,0.000,0.000,0.000,0.000,0.000,1.000,0.00,0.05,0.00,neutral,default
🚶🏿‍➡️,person_walking_facing_right_dark_skin_tone,0.000,0.000,0.000,0.000,0.000,0.000,0.000,1.000,0.00,0.05,0.00,neutral,default
🚶🏻‍➡️,person_walking_facing_right_light_skin_tone,0.000,0.000,0.000,0.000,0.000,0.000,0.000,1.000,0.00,0.05,0.00,neutral,default
🚶🏾‍➡️,person_walking_facing_right_medium-dark_skin_tone,0.000,0.000,0.000,0.000,0.000,0.000,0.000,1.000,0.00,0.05,0.00,neutral,default
🚶🏼‍➡️,person_walking_facing_right_medium-light_skin_tone,0.000,0.000,0.000,0.000,0.000,0.000,0.000,1.000,0.00,0.05,0.00,neutral,default
🚶🏽‍➡️,person_walking_facing_right_medium_skin_tone,0.000,0.000,0.000,0.000,0.000,0.000,0.000,1.000,0.00,0.05,0.00,neutral,default
🚶🏻,person_walking_light_skin_tone,0.000,0.000,0.000,0.000,0.000,0.000,0.000,1.000,0.00,0.05,0.00,neutral,default
🚶🏾,person_walking_medium-dark_skin_tone,0.000,0.000,0.000,0.000,0.000,0.000,0.000,1.000,0.00,0.05,0.00,neutral,default
🚶🏼,person_walking_medium-light_skin_tone,0.000,0.000,0.000,0.000,0.000,0.000,0.000,1.000,0.00,0.05,0.00,neutral,default
🚶🏽,person_walking_medium_skin_tone,0.000,0.000,0.000,0.000,0.000,0.000,0.000,1.000,0.00,0.05,0.00,neutral,default
👳,person_wearing_turban,0.000,0.000,0.000,0.000,0.000,0.000,0.000,1.000,0.00,0.05,0.00,neutral,default
👳🏿,person_wearing_turban_dark_skin_tone,0.000,0.000,0.000,0.000,0.000,0.000,0.000,1.000,0.00,0.05,0.00,neutral,default
👳🏻,person_wearing_turban_light_skin_tone,0.000,0.000,0.000,0.000,0.000,0.000,0.000,1.000,0.00,0.05,0.00,neutral,default
👳🏾,person_wearing_turban_medium-dark_skin_tone,0.000,0.000,0.000,0.000,0.000,0.000,0.000,1.000,0.00,0.05,0.00,neutral,default
👳🏼,person_wearing_turban_medium-light_skin_tone,0.000,0.000,0.000,0.000,0.000,0.000,0.000,1.000,0.00,0.05,0.00,neutral,default
👳🏽,person_wearing_turban_medium_skin_tone,0.000,0.000,0.000,0.000,0.000,0.000,0.000,1.000,0.00,0.05,0.00,neutral,default
🧑‍🦳,person_white_hair,0.000,0.000,0.000,0.000,0.000,0.000,0.000,1.000,0.00,0.05,0.00,neutral,default
🫅,person_with_crown,0.000,0.000,0.000,0.000,0.000,0.000,0.000,1.000,0.00,0.05,0.00,neutral,default
🫅🏿,person_with_crown_dark_skin_tone,0.000,0.000,0.000,0.000,0.000,0.000,0.000,1.000,0.00,0.05,0.00,neutral,default
🫅🏻,person_with_crown_light_skin_tone,0.000,0.000,0.000,0.000,0.000,0.000,0.000,1.000,0.00,0.05,0.00,neutral,default
🫅🏾,person_with_crown_medium-dark_skin_tone,0.000,0.000,0.000,0.000,0.000,0.000,0.000,1.000,0.00,0.05,0.00,neutral,default
🫅🏼,person_with_crown_medium-light_skin_tone,0.000,0.000,0.000,0.000,0.000,0.000,0.000,1.000,0.00,0.05,0.00,neutral,default
🫅🏽,person_with_crown_medium_skin_tone,0.000,0.000,0.000,0.000,0.000,0.000,0.000,1.000,0.00,0.05,0.00,neutral,default
👲,person_with_skullcap,0.000,0.000,0.000,0.000,0.000,0.000,0.000,1.000,0.00,0.05,0.00,neutral,default
👲🏿,person_with_skullcap_dark_skin_tone,0.000,0.000,0.000,0.000,0.000,0.000,0.000,1.000,0.00,0.05,0.00,neutral,default
👲🏻,person_with_skullcap_light_skin_tone,0.000,0.000,0.000,0.000,0.000,0.000,0.000,1.000,0.00,0.05,0.00,neutral,default
👲🏾,person_with_skullcap_medium-dark_skin_tone,0.000,0.000,0.000,0.000,0.000,0.000,0.000,1.000,0.00,0.05,0.00,neutral,default
👲🏼,person_with_skullcap_medium-light_skin_tone,0.000,0.000,0.000,0.000,0.000,0.000,0.000,1.000,0.00,0.05,0.00,neutral,default
👲🏽,person_with_skullcap_medium_skin_tone,0.000,0.000,0.000,0.000,0.000,0.000,0.000,1.000,0.00,0.05,0.00,neutral,default
👰,person_with_veil,0.000,0.000,0.000,0.000,0.000,0.000,0.000,1.000,0.00,0.05,0.00,neutral,default
👰🏿,person_with_veil_dark_skin_tone,0.000,0.000,0.000,0.000,0.000,0.000,0.000,1.000,0.00,0.05,0.00,neutral,default
👰🏻,person_with_veil_light_skin_tone,0.000,0.000,0.000,0.000,0.000,0.000,0.000,1.000,0.00,0.05,0.00,neutral,default
👰🏾,person_with_veil_medium-dark_skin_tone,0.000,0.000,0.000,0.000,0.000,0.000,0.000,1.000,0.00,0.05,0.00,neutral,default
👰🏼,person_with_veil_medium-light_skin_tone,0.000,0.000,0.000,0.000,0.000,0.000,0.000,1.000,0.00,0.05,0.00,neutral,default
👰🏽,person_with_veil_medium_skin_tone,0.000,0.000,0.000,0.000,0.000,0.000,0.000,1.000,0.00,0.05,0.00,neutral,default
🧑‍🦯,person_with_white_cane,0.000,0.000,0.000,0.000,0.000,0.000,0.000,1.000,0.00,0.05,0.00,neutral,default
🧑🏿‍🦯,person_with_white_cane_dark_skin_tone,0.000,0.000,0.000,0.000,0.000,0.000,0.000,1.000,0.00,0.05,0.00,neutral,default
🧑‍🦯‍➡️,person_with_white_cane_facing_right,0.000,0.000,0.000,0.000,0.000,0.000,0.000,1.000,0.00,0.05,0.00,neutral,default
🧑🏿‍🦯‍➡️,person_with_white_cane_facing_right_dark_skin_tone,0.000,0.000,0.000,0.000,0.000,0.000,0.000,1.000,0.00,0.05,0.00,neutral,default
🧑🏻‍🦯‍➡️,person_with_white_cane_facing_right_light_skin_tone,0.000,0.000,0.000,0.000,0.000,0.000,0.000,1.000,0.00,0.05,0.00,neutral,default
🧑🏾‍🦯‍➡️,person_with_white_cane_facing_right_medium-dark_skin_tone,0.000,0.000,0.000,0.000,0.000,0.000,0.000,1.000,0.00,0.05,0.00,neutral,default
🧑🏼‍🦯‍➡️,person_with_white_cane_facing_right_medium-light_skin_tone,0.000,0.000,0.000,0.000,0.000,0.000,0.000,1.000,0.00,0.05,0.00,neutral,default
🧑🏽‍🦯‍➡️,person_with_white_cane_facing_right_medium_skin_tone,0.000,0.000,0.000,0.000,0.000,0.000,0.000,1.000,0.00,0.05,0.00,neutral,default
🧑🏻‍🦯,person_with_white_cane_light_skin_tone,0.000,0.000,0.000,0.000,0.000,0.000,0.000,1.000,0.00,0.05,0.00,neutral,default
🧑🏾‍🦯,person_with_white_cane_medium-dark_skin_tone,0.000,0.000,0.000,0.000,0.000,0.000,0.000,1.000,0.00,0.05,0.00,neutral,default
🧑🏼‍🦯,person_with_white_cane_medium-light_skin_tone,0.000,0.000,0.000,0.000,0.000,0.000,0.000,1.000,0.00,0.05,0.00,neutral,default
🧑🏽‍🦯,person_with_white_cane_medium_skin_tone,0.000,0.000,0.000,0.000,0.000,0.000,0.000,1.000,0.00,0.05,0.00,neutral,default
🇵🇪,peru,0.000,0.000,0.000,0.000,0.000,0.000,0.000,1.000,0.00,0.05,0.00,neutral,default
🧫,petri_dish,0.000,0.000,0.000,0.000,0.000,0.000,0.000,1.000,0.00,0.05,0.00,neutral,default
🇵🇭,philippines,0.000,0.000,0.000,0.000,0.000,0.000,0.000,1.000,0.00,0.05,0.00,neutral,default
🐦‍🔥,phoenix,0.000,0.000,0.000,0.000,0.000,0.000,0.000,1.000,0.00,0.05,0.00,neutral,default
⛏️,pick,0.000,0.000,0.000,0.000,0.000,0.000,0.000,1.000,0.00,0.05,0.00,neutral,default
🫝,pickle,0.000,0.000,0.000,0.000,0.000,0.000,0.000,1.000,0.00,0.05,0.00,neutral,default
🛻,pickup_truck,0.000,0.000,0.000,0.000,0.000,0.000,0.000,1.000,0.00,0.05,0.00,neutral,default
🥧,pie,0.000,0.000,0.000,0.000,0.000,0.000,0.000,1.000,0.00,0.05,0.00,neutral,default
🐖,pig,0.000,0.000,0.000,0.000,0.000,0.000,0.000,1.000,0.00,0.05,0.00,neutral,default
🐷,pig_face,0.000,0.000,0.000,0.000,0.000,0.000,0.000,1.000,0.00,0.05,0.00,neutral,default
🐽,pig_nose,0.000,0.000,0.000,0.000,0.000,0.000,0.000,1.000,0.00,0.05,0.00,neutral,default
💊,pill,0.000,0.000,0.000,0.000,0.000,0.000,0.000,1.000,0.00,0.05,0.00,neutral,default
🧑‍✈️,pilot,0.000,0.000,0.000,0.000,0.000,0.000,0.000,1.000,0.00,0.05,0.00,neutral,default
🧑🏿‍✈️,pilot_dark_skin_tone,0.000,0.000,0.000,0.000,0.000,0.000,0.000,1.000,0.00,0.05,0.00,neutral,default
🧑🏻‍✈️,pilot_light_skin_tone,0.000,0.000,0.000,0.000,0.000,0.000,0.000,1.000,0.00,0.05,0.00,neutral,default
🧑🏾‍✈️,pilot_medium-dark_skin_tone,0.000,0.000,0.000,0.000,0.000,0.000,0.000,1.000,0.00,0.05,0.00,neutral,default
🧑🏼‍✈️,pilot_medium-light_skin_tone,0.000,0.000,0.000,0.000,0.000,0.000,0.000,1.000,0.00,0.05,0.00,neutral,default
🧑🏽‍✈️,pilot_medium_skin_tone,0.000,0.000,0.000,0.000,0.000,0.000,0.000,1.000,0.00,0.05,0.00,neutral,default
🤏,pinching_hand,0.000,0.000,0.000,0.000,0.000,0.000,0.000,1.000,0.00,0.05,0.00,neutral,default
🤏🏿,pinching_hand_dark_skin_tone,0.000,0.000,0.000,0.000,0.000,0.000,0.000,1.000,0.00,0.05,0.00,neutral,default
🤏🏻,pinching_hand_light_skin_tone,0.000,0.000,0.000,0.000,0.000,0.000,0.000,1.000,0.00,0.05,0.00,neutral,default
🤏🏾,pinching_hand_medium-dark_skin_tone,0.000,0.000,0.000,0.000,0.000,0.000,0.000,1.000,0.00,0.05,0.00,neutral,default
🤏🏼,pinching_hand_medium-light_skin_tone,0.000,0.000,0.000,0.000,0.000,0.000,0.000,1.000,0.00,0.05,0.00,neutral,default
🤏🏽,pinching_hand_medium_skin_tone,0.000,0.000,0.000,0.000,0.000,0.000,0.000,1.000,0.00,0.05,0.00,neutral,default
🎍,pine_decoration,0.000,0.000,0.000,0.000,0.000,0.000,0.000,1.000,0.00,0.05,0.00,neutral,default
🍍,pineapple,0.000,0.000,0.000,0.000,0.000,0.000,0.000,1.000,0.00,0.05,0.00,neutral,default
🏓,ping_pong,0.000,0.000,0.000,0.000,0.000,0.000,0.000,1.000,0.00,0.05,0.00,neutral,default
♓,pisces,0.000,0.000,0.000,0.000,0.000,0.000,0.000,1.000,0.00,0.05,0.00,neutral,default
🇵🇳,pitcairn_islands,0.000,0.000,0.000,0.000,0.000,0.000,0.000,1.000,0.00,0.05,0.00,neutral,default
🍕,pizza,0.000,0.000,0.000,0.000,0.000,0.000,0.000,1.000,0.00,0.05,0.00,neutral,default
🪅,piñata,0.000,0.000,0.000,0.000,0.000,0.000,0.000,1.000,0.00,0.05,0.00,neutral,default
🪧,placard,0.000,0.000,0.000,0.000,0.000,0.000,0.000,1.000,0.00,0.05,0.00,neutral,default
🛐,place_of_worship,0.000,0.000,0.000,0.000,0.000,0.000,0.000,1.000,0.00,0.05,0.00,neutral,default
▶️,play_button,0.000,0.000,0.000,0.000,0.000,0.000,0.000,1.000,0.00,0.05,0.00,neutral,default
⏯️,play_or_pause_button,0.000,0.000,0.000,0.000,0.000,0.000,0.000,1.000,0.00,0.05,0.00,neutral,default
🛝,playground_slide,0.000,0.000,0.000,0.000,0.000,0.000,0.000,1.000,0.00,0.05,0.00,neutral,default
🪠,plunger,0.000,0.000,0.000,0.000,0.000,0.000,0.000,1.000,0.00,0.05,0.00,neutral,default
➕,plus,0.000,0.000,0.000,0.000,0.000,0.000,0.000,1.000,0.00,0.05,0.00,neutral,default
🇵🇱,poland,0.000,0.000,0.000,0.000,0.000,0.000,0.000,1.000,0.00,0.05,0.00,neutral,default
🚓,police_car,0.000,0.000,0.000,0.000,0.000,0.000,0.000,1.000,0.00,0.05,0.00,neutral,default
👮,police_officer,0.000,0.000,0.000,0.000,0.000,0.000,0.000,1.000,0.00,0.05,0.00,neutral,default
👮🏿,police_officer_dark_skin_tone,0.000,0.000,0.000,0.000,0.000,0.000,0.000,1.000,0.00,0.05,0.00,neutral,default
👮🏻,police_officer_light_skin_tone,0.000,0.000,0.000,0.000,0.000,0.000,0.000,1.000,0.00,0.05,0.00,neutral,default
👮🏾,police_officer_medium-dark_skin_tone,0.000,0.000,0.000,0.000,0.000,0.000,0.000,1.000,0.00,0.05,0.00,neutral,default
👮🏼,police_officer_medium-light_skin_tone,0.000,0.000,0.000,0.000,0.000,0.000,0.000,1.000,0.00,0.05,0.00,neutral,default
👮🏽,police_officer_medium_skin_tone,0.000,0.000,0.000,0.000,0.000,0.000,0.000,1.000,0.00,0.05,0.00,neutral,default
🐩,poodle,0.000,0.000,0.000,0.000,0.000,0.000,0.000,1.000,0.00,0.05,0.00,neutral,default
🎱,pool_8_ball,0.000,0.000,0.000,0.000,0.000,0.000,0.000,1.000,0.00,0.05,0.00,neutral,default
🇵🇹,portugal,0.000,0.000,0.000,0.000,0.000,0.000,0.000,1.000,0.00,0.05,0.00,neutral,default
🏤,post_office,0.000,0.000,0.000,0.000,0.000,0.000,0.000,1.000,0.00,0.05,0.00,neutral,default
📯,postal_horn,0.000,0.000,0.000,0.000,0.000,0.000,0.000,1.000,0.00,0.05,0.00,neutral,default
📮,postbox,0.000,0.000,0.000,0.000,0.000,0.000,0.000,1.000,0.00,0.05,0.00,neutral,default
🍲,pot_of_food,0.000,0.000,0.000,0.000,0.000,0.000,0.000,1.000,0.00,0.05,0.00,neutral,default
🚰,potable_water,0.000,0.000,0.000,0.000,0.000,0.000,0.000,1.000,0.00,0.05,0.00,neutral,default
🥔,potato,0.000,0.000,0.000,0.000,0.000,0.000,0.000,1.000,0.00,0.05,0.00,neutral,default
🪴,potted_plant,0.000,0.000,0.000,0.000,0.000,0.000,0.000,1.000,0.00,0.05,0.00,neutral,default
🍗,poultry_leg,0.000,0.000,0.000,0.000,0.000,0.000,0.000,1.000,0.00,0.05,0.00,neutral,default
💷,pound_banknote,0.000,0.000,0.000,0.000,0.000,0.000,0.000,1.000,0.00,0.05,0.00,neutral,default
🫗,pouring_liquid,0.000,0.000,0.000,0.000,0.000,0.000,0.000,1.000,0.00,0.05,0.00,neutral,default
📿,prayer_beads,0.000,0.000,0.000,0.000,0.000,0.000,0.000,1.000,0.00,0.05,0.00,neutral,default
🫃,pregnant_man,0.000,0.000,0.000,0.000,0.000,0.000,0.000,1.000,0.00,0.05,0.00,neutral,default
🫃🏿,pregnant_man_dark_skin_tone,0.000,0.000,0.000,0.000,0.000,0.000,0.000,1.000,0.00,0.05,0.00,neutral,default
🫃🏻,pregnant_man_light_skin_tone,0.000,0.000,0.000,0.000,0.000,0.000,0.000,1.000,0.00,0.05,0.00,neutral,default
🫃🏾,pregnant_man_medium-dark_skin_tone,0.000,0.000,0.000,0.000,0.000,0.000,0.000,1.000,0.00,0.05,0.00,neutral,default
🫃🏼,pregnant_man_medium-light_skin_tone,0.000,0.000,0.000,0.000,0.000,0.000,0.000,1.000,0.00,0.05,0.00,neutral,default
🫃🏽,pregnant_man_medium_skin_tone,0.000,0.000,0.000,0.000,0.000,0.000,0.000,1.000,0.00,0.05,0.00,neutral,default
🫄,pregnant_person,0.000,0.000,0.000,0.000,0.000,0.000,0.000,1.000,0.00,0.05,0.00,neutral,default
🫄🏿,pregnant_person_dark_skin_tone,0.000,0.000,0.000,0.000,0.000,0.000,0.000,1.000,0.00,0.05,0.00,neutral,default
🫄🏻,pregnant_person_light_skin_tone,0.000,0.000,0.000,0.000,0.000,0.000,0.000,1.000,0.00,0.05,0.00,neutral,default
🫄🏾,pregnant_person_medium-dark_skin_tone,0.000,0.000,0.000,0.000,0.000,0.000,0.000,1.000,0.00,0.05,0.00,neutral,default
🫄🏼,pregnant_person_medium-light_skin_tone,0.000,0.000,0.000,0.000,0.000,0.000,0.000,1.000,0.00,0.05,0.00,neutral,default
🫄🏽,pregnant_person_medium_skin_tone,0.000,0.000,0.000,0.000,0.000,0.000,0.000,1.000,0.00,0.05,0.00,neutral,default
🤰,pregnant_woman,0.000,0.000,0.000,0.000,0.000,0.000,0.000,1.000,0.00,0.05,0.00,neutral,default
🤰🏿,pregnant_woman_dark_skin_tone,0.000,0.000,0.000,0.000,0.000,0.000,0.000,1.000,0.00,0.05,0.00,neutral,default
🤰🏻,pregnant_woman_light_skin_tone,0.000,0.000,0.000,0.000,0.000,0.000,0.000,1.000,0.00,0.05,0.00,neutral,default
🤰🏾,pregnant_woman_medium-dark_skin_tone,0.000,0.000,0.000,0.000,0.000,0.000,0.000,1.000,0.00,0.05,0.00,neutral,default
🤰🏼,pregnant_woman_medium-light_skin_tone,0.000,0.000,0.000,0.000,0.000,0.000,0.000,1.000,0.00,0.05,0.00,neutral,default
🤰🏽,pregnant_woman_medium_skin_tone,0.000,0.000,0.000,0.000,0.000,0.000,0.000,1.000,0.00,0.05,0.00,neutral,default
🥨,pretzel,0.000,0.000,0.000,0.000,0.000,0.000,0.000,1.000,0.00,0.05,0.00,neutral,default
🤴,prince,0.000,0.000,0.000,0.000,0.000,0.000,0.000,1.000,0.00,0.05,0.00,neutral,default
🤴🏿,prince_dark_skin_tone,0.000,0.000,0.000,0.000,0.000,0.000,0.000,1.000,0.00,0.05,0.00,neutral,default
🤴🏻,prince_light_skin_tone,0.000,0.000,0.000,0.000,0.000,0.000,0.000,1.000,0.00,0.05,0.00,neutral,default
🤴🏾,prince_medium-dark_skin_tone,0.000,0.000,0.000,0.000,0.000,0.000,0.000,1.000,0.00,0.05,0.00,neutral,default
🤴🏼,prince_medium-light_skin_tone,0.000,0.000,0.000,0.000,0.000,0.000,0.000,1.000,0.00,0.05,0.00,neutral,default
🤴🏽,prince_medium_skin_tone,0.000,0.000,0.000,0.000,0.000,0.000,0.000,1.000,0.00,0.05,0.00,neutral,default
👸,princess,0.000,0.000,0.000,0.000,0.000,0.000,0.000,1.000,0.00,0.05,0.00,neutral,default
👸🏿,princess_dark_skin_tone,0.000,0.000,0.000,0.000,0.000,0.000,0.000,1.000,0.00,0.05,0.00,neutral,default
👸🏻,princess_light_skin_tone,0.000,0.000,0.000,0.000,0.000,0.000,0.000,1.000,0.00,0.05,0.00,neutral,default
👸🏾,princess_medium-dark_skin_tone,0.000,0.000,0.000,0.000,0.000,0.000,0.000,1.000,0.00,0.05,0.00,neutral,default
👸🏼,princess_medium-light_skin_tone,0.000,0.000,0.000,0.000,0.000,0.000,0.000,1.000,0.00,0.05,0.00,neutral,default
👸🏽,princess_medium_skin_tone,0.000,0.000,0.000,0.000,0.000,0.000,0.000,1.000,0.00,0.05,0.00,neutral,default
🖨️,printer,0.000,0.000,0.000,0.000,0.000,0.000,0.000,1.000,0.00,0.05,0.00,neutral,default
🚫,prohibited,0.000,0.000,0.000,0.000,0.000,0.000,0.000,1.000,0.00,0.05,0.00,neutral,default
🇵🇷,puerto_rico,0.000,0.000,0.000,0.000,0.000,0.000,0.000,1.000,0.00,0.05,0.00,neutral,default
🟣,purple_circle,0.000,0.000,0.000,0.000,0.000,0.000,0.000,1.000,0.00,0.05,0.00,neutral,default
🟪,purple_square,0.000,0.000,0.000,0.000,0.000,0.000,0.000,1.000,0.00,0.05,0.00,neutral,default
👛,purse,0.000,0.000,0.000,0.000,0.000,0.000,0.000,1.000,0.00,0.05,0.00,neutral,default
📌,pushpin,0.000,0.000,0.000,0.000,0.000,0.000,0.000,1.000,0.00,0.05,0.00,neutral,default
🧩,puzzle_piece,0.000,0.000,0.000,0.000,0.000,0.000,0.000,1.000,0.00,0.05,0.00,neutral,default
🇶🇦,qatar,0.000,0.000,0.000,0.000,0.000,0.000,0.000,1.000,0.00,0.05,0.00,neutral,default
🐇,rabbit,0.000,0.000,0.000,0.000,0.000,0.000,0.000,1.000,0.00,0.05,0.00,neutral,default
🐰,rabbit_face,0.000,0.000,0.000,0.000,0.000,0.000,0.000,1.000,0.00,0.05,0.00,neutral,default
🦝,raccoon,0.000,0.000,0.000,0.000,0.000,0.000,0.000,1.000,0.00,0.05,0.00,neutral,default
🏎️,racing_car,0.000,0.000,0.000,0.000,0.000,0.000,0.000,1.000,0.00,0.05,0.00,neutral,default
📻,radio,0.000,0.000,0.000,0.000,0.000,0.000,0.000,1.000,0.00,0.05,0.00,neutral,default
🔘,radio_button,0.000,0.000,0.000,0.000,0.000,0.000,0.000,1.000,0.00,0.05,0.00,neutral,default
☢️,radioactive,0.000,0.000,0.000,0.000,0.000,0.000,0.000,1.000,0.00,0.05,0.00,neutral,default
🚃,railway_car,0.000,0.000,0.000,0.000,0.000,0.000,0.000,1.000,0.00,0.05,0.00,neutral,default
🛤️,railway_track,0.000,0.000,0.000,0.000,0.000,0.000,0.000,1.000,0.00,0.05,0.00,neutral,default
🤚,raised_back_of_hand,0.000,0.000,0.000,0.000,0.000,0.000,0.000,1.000,0.00,0.05,0.00,neutral,default
🤚🏿,raised_back_of_hand_dark_skin_tone,0.000,0.000,0.000,0.000,0.000,0.000,0.000,1.000,0.00,0.05,0.00,neutral,default
🤚🏻,raised_back_of_hand_light_skin_tone,0.000,0.000,0.000,0.000,0.000,0.000,0.000,1.000,0.00,0.05,0.00,neutral,default
🤚🏾,raised_back_of_hand_medium-dark_skin_tone,0.000,0.000,0.000,0.000,0.000,0.000,0.000,1.000,0.00,0.05,0.00,neutral,default
🤚🏼,raised_back_of_hand_medium-light_skin_tone,0.000,0.000,0.000,0.000,0.000,0.000,0.000,1.000,0.00,0.05,0.00,neutral,default
🤚🏽,raised_back_of_hand_medium_skin_tone,0.000,0.000,0.000,0.000,0.000,0.000,0.000,1.000,0.00,0.05,0.00,neutral,default
✋,raised_hand,0.000,0.000,0.000,0.000,0.000,0.000,0.000,1.000,0.00,0.05,0.00,neutral,default
✋🏿,raised_hand_dark_skin_tone,0.000,0.000,0.000,0.000,0.000,0.000,0.000,1.000,0.00,0.05,0.00,neutral,default
✋🏻,raised_hand_light_skin_tone,0.000,0.000,0.000,0.000,0.000,0.000,0.000,1.000,0.00,0.05,0.00,neutral,default
✋🏾,raised_hand_medium-dark_skin_tone,0.000,0.000,0.000,0.000,0.000,0.000,0.000,1.000,0.00,0.05,0.00,neutral,default
✋🏼,raised_hand_medium-light_skin_tone,0.000,0.000,0.000,0.000,0.000,0.000,0.000,1.000,0.00,0.05,0.00,neutral,default
✋🏽,raised_hand_medium_skin_tone,0.000,0.000,0.000,0.000,0.000,0.000,0.000,1.000,0.00,0.05,0.00,neutral,default
🐏,ram,0.000,0.000,0.000,0.000,0.000,0.000,0.000,1.000,0.00,0.05,0.00,neutral,default
🐀,rat,0.000,0.000,0.000,0.000,0.000,0.000,0.000,1.000,0.00,0.05,0.00,neutral,default
🪒,razor,0.000,0.000,0.000,0.000,0.000,0.000,0.000,1.000,0.00,0.05,0.00,neutral,default
🧾,receipt,0.000,0.000,0.000,0.000,0.000,0.000,0.000,1.000,0.00,0.05,0.00,neutral,default
⏺️,record_button,0.000,0.000,0.000,0.000,0.000,0.000,0.000,1.000,0.00,0.05,0.00,neutral,default
♻️,recycling_symbol,0.000,0.000,0.000,0.000,0.000,0.000,0.000,1.000,0.00,0.05,0.00,neutral,default
🍎,red_apple,0.000,0.000,0.000,0.000,0.000,0.000,0.000,1.000,0.00,0.05,0.00,neutral,default
🔴,red_circle,0.000,0.000,0.000,0.000,0.000,0.000,0.000,1.000,0.00,0.05,0.00,neutral,default
🧧,red_envelope,0.000,0.000,0.000,0.000,0.000,0.000,0.000,1.000,0.00,0.05,0.00,neutral,default
🏮,red_paper_lantern,0.000,0.000,0.000,0.000,0.000,0.000,0.000,1.000,0.00,0.05,0.00,neutral,default
🟥,red_square,0.000,0.000,0.000,0.000,0.000,0.000,0.000,1.000,0.00,0.05,0.00,neutral,default
🔻,red_triangle_pointed_down,0.000,0.000,0.000,0.000,0.000,0.000,0.000,1.000,0.00,0.05,0.00,neutral,default
🔺,red_triangle_pointed_up,0.000,0.000,0.000,0.000,0.000,0.000,0.000,1.000,0.00,0.05,0.00,neutral,default
®️,registered,0.000,0.000,0.000,0.000,0.000,0.000,0.000,1.000,0.00,0.05,0.00,neutral,default
🎗️,reminder_ribbon,0.000,0.000,0.000,0.000,0.000,0.000,0.000,1.000,0.00,0.05,0.00,neutral,default
🔁,repeat_button,0.000,0.000,0.000,0.000,0.000,0.000,0.000,1.000,0.00,0.05,0.00,neutral,default
🔂,repeat_single_button,0.000,0.000,0.000,0.000,0.000,0.000,0.000,1.000,0.00,0.05,0.00,neutral,default
⛑️,rescue_worker’s_helmet,0.000,0.000,0.000,0.000,0.000,0.000,0.000,1.000,0.00,0.05,0.00,neutral,default
🚻,restroom,0.000,0.000,0.000,0.000,0.000,0.000,0.000,1.000,0.00,0.05,0.00,neutral,default
◀️,reverse_button,0.000,0.000,0.000,0.000,0.000,0.000,0.000,1.000,0.00,0.05,0.00,neutral,default
🦏,rhinoceros,0.000,0.000,0.000,0.000,0.000,0.000,0.000,1.000,0.00,0.05,0.00,neutral,default
🎀,ribbon,0.000,0.000,0.000,0.000,0.000,0.000,0.000,1.000,0.00,0.05,0.00,neutral,default
🍙,rice_ball,0.000,0.000,0.000,0.000,0.000,0.000,0.000,1.000,0.00,0.05,0.00,neutral,default
🍘,rice_cracker,0.000,0.000,0.000,0.000,0.000,0.000,0.000,1.000,0.00,0.05,0.00,neutral,default
➡️,right_arrow,0.000,0.000,0.000,0.000,0.000,0.000,0.000,1.000,0.00,0.05,0.00,neutral,default
⤵️,right_arrow_curving_down,0.000,0.000,0.000,0.000,0.000,0.000,0.000,1.000,0.00,0.05,0.00,neutral,default
↩️,right_arrow_curving_left,0.000,0.000,0.000,0.000,0.000,0.000,0.000,1.000,0.00,0.05,0.00,neutral,default
⤴️,right_arrow_curving_up,0.000,0.000,0.000,0.000,0.000,0.000,0.000,1.000,0.00,0.05,0.00,neutral,default
🫱,rightwards_hand,0.000,0.000,0.000,0.000,0.000,0.000,0.000,1.000,0.00,0.05,0.00,neutral,default
🫱🏿,rightwards_hand_dark_skin_tone,0.000,0.000,0.000,0.000,0.000,0.000,0.000,1.000,0.00,0.05,0.00,neutral,default
🫱🏻,rightwards_hand_light_skin_tone,0.000,0.000,0.000,0.000,0.000,0.000,0.000,1.000,0.00,0.05,0.00,neutral,default
🫱🏾,rightwards_hand_medium-dark_skin_tone,0.000,0.000,0.000,0.000,0.000,0.000,0.000,1.000,0.00,0.05,0.00,neutral,default
🫱🏼,rightwards_hand_medium-light_skin_tone,0.000,0.000,0.000,0.000,0.000,0.000,0.000,1.000,0.00,0.05,0.00,neutral,default
🫱🏽,rightwards_hand_medium_skin_tone,0.000,0.000,0.000,0.000,0.000,0.000,0.000,1.000,0.00,0.05,0.00,neutral,default
🫸,rightwards_pushing_hand,0.000,0.000,0.000,0.000,0.000,0.000,0.000,1.000,0.00,0.05,0.00,neutral,default
🫸🏿,rightwards_pushing_hand_dark_skin_tone,0.000,0.000,0.000,0.000,0.000,0.000,0.000,1.000,0.00,0.05,0.00,neutral,default
🫸🏻,rightwards_pushing_hand_light_skin_tone,0.000,0.000,0.000,0.000,0.000,0.000,0.000,1.000,0.00,0.05,0.00,neutral,default
🫸🏾,rightwards_pushing_hand_medium-dark_skin_tone,0.000,0.000,0.000,0.000,0.000,0.000,0.000,1.000,0.00,0.05,0.00,neutral,default
🫸🏼,rightwards_pushing_hand_medium-light_skin_tone,0.000,0.000,0.000,0.000,0.000,0.000,0.000,1.000,0.00,0.05,0.00,neutral,default
🫸🏽,rightwards_pushing_hand_medium_skin_tone,0.000,0.000,0.000,0.000,0.000,0.000,0.000,1.000,0.00,0.05,0.00,neutral,default
🫺,rightwards_thumb_sign,0.000,0.000,0.000,0.000,0.000,0.000,0.000,1.000,0.00,0.05,0.00,neutral,default
🫺🏿,rightwards_thumb_sign_dark_skin_tone,0.000,0.000,0.000,0.000,0.000,0.000,0.000,1.000,0.00,0.05,0.00,neutral,default
🫺🏻,rightwards_thumb_sign_light_skin_tone,0.000,0.000,0.000,0.000,0.000,0.000,0.000,1.000,0.00,0.05,0.00,neutral,default
🫺🏾,rightwards_thumb_sign_medium-dark_skin_tone,0.000,0.000,0.000,0.000,0.000,0.000,0.000,1.000,0.00,0.05,0.00,neutral,default
🫺🏼,rightwards_thumb_sign_medium-light_skin_tone,0.000,0.000,0.000,0.000,0.000,0.000,0.000,1.000,0.00,0.05,0.00,neutral,default
🫺🏽,rightwards_thumb_sign_medium_skin_tone,0.000,0.000,0.000,0.000,0.000,0.000,0.000,1.000,0.00,0.05,0.00,neutral,default
💍,ring,0.000,0.000,0.000,0.000,0.000,0.000,0.000,1.000,0.00,0.05,0.00,neutral,default
🛟,ring_buoy,0.000,0.000,0.000,0.000,0.000,0.000,0.000,1.000,0.00,0.05,0.00,neutral,default
🪐,ringed_planet,0.000,0.000,0.000,0.000,0.000,0.000,0.000,1.000,0.00,0.05,0.00,neutral,default
🍠,roasted_sweet_potato,0.000,0.000,0.000,0.000,0.000,0.000,0.000,1.000,0.00,0.05,0.00,neutral,default
🪨,rock,0.000,0.000,0.000,0.000,0.000,0.000,0.000,1.000,0.00,0.05,0.00,neutral,default
🧻,roll_of_paper,0.000,0.000,0.000,0.000,0.000,0.000,0.000,1.000,0.00,0.05,0.00,neutral,default
🗞️,rolled-up_newspaper,0.000,0.000,0.000,0.000,0.000,0.000,0.000,1.000,0.00,0.05,0.00,neutral,default
🎢,roller_coaster,0.000,0.000,0.000,0.000,0.000,0.000,0.000,1.000,0.00,0.05,0.00,neutral,default
🛼,roller_skate,0.000,0.000,0.000,0.000,0.000,0.000,0.000,1.000,0.00,0.05,0.00,neutral,default
🇷🇴,romania,0.000,0.000,0.000,0.000,0.000,0.000,0.000,1.000,0.00,0.05,0.00,neutral,default
🐓,rooster,0.000,0.000,0.000,0.000,0.000,0.000,0.000,1.000,0.00,0.05,0.00,neutral,default
🫜,root_vegetable,0.000,0.000,0.000,0.000,0.000,0.000,0.000,1.000,0.00,0.05,0.00,neutral,default
🏵️,rosette,0.000,0.000,0.000,0.000,0.000,0.000,0.000,1.000,0.00,0.05,0.00,neutral,default
📍,round_pushpin,0.000,0.000,0.000,0.000,0.000,0.000,0.000,1.000,0.00,0.05,0.00,neutral,default
🏉,rugby_football,0.000,0.000,0.000,0.000,0.000,0.000,0.000,1.000,0.00,0.05,0.00,neutral,default
🎽,running_shirt,0.000,0.000,0.000,0.000,0.000,0.000,0.000,1.000,0.00,0.05,0.00,neutral,default
👟,running_shoe,0.000,0.000,0.000,0.000,0.000,0.000,0.000,1.000,0.00,0.05,0.00,neutral,default
🇷🇺,russia,0.000,0.000,0.000,0.000,0.000,0.000,0.000,1.000,0.00,0.05,0.00,neutral,default
🇷🇼,rwanda,0.000,0.000,0.000,0.000,0.000,0.000,0.000,1.000,0.00,0.05,0.00,neutral,default
🇷🇪,réunion,0.000,0.000,0.000,0.000,0.000,0.000,0.000,1.000,0.00,0.05,0.00,neutral,default
🧷,safety_pin,0.000,0.000,0.000,0.000,0.000,0.000,0.000,1.000,0.00,0.05,0.00,neutral,default
🦺,safety_vest,0.000,0.000,0.000,0.000,0.000,0.000,0.000,1.000,0.00,0.05,0.00,neutral,default
♐,sagittarius,0.000,0.000,0.000,0.000,0.000,0.000,0.000,1.000,0.00,0.05,0.00,neutral,default
⛵,sailboat,0.000,0.000,0.000,0.000,0.000,0.000,0.000,1.000,0.00,0.05,0.00,neutral,default
🍶,sake,0.000,0.000,0.000,0.000,0.000,0.000,0.000,1.000,0.00,0.05,0.00,neutral,default
🇼🇸,samoa,0.000,0.000,0.000,0.000,0.000,0.000,0.000,1.000,0.00,0.05,0.00,neutral,default
🇸🇲,san_marino,0.000,0.000,0.000,0.000,0.000,0.000,0.000,1.000,0.00,0.05,0.00,neutral,default
🥪,sandwich,0.000,0.000,0.000,0.000,0.000,0.000,0.000,1.000,0.00,0.05,0.00,neutral,default
🎅,santa_claus,0.000,0.000,0.000,0.000,0.000,0.000,0.000,1.000,0.00,0.05,0.00,neutral,default
🎅🏿,santa_claus_dark_skin_tone,0.000,0.000,0.000,0.000,0.000,0.000,0.000,1.000,0.00,0.05,0.00,neutral,default
🎅🏻,santa_claus_light_skin_tone,0.000,0.000,0.000,0.000,0.000,0.000,0.000,1.000,0.00,0.05,0.00,neutral,default
🎅🏾,santa_claus_medium-dark_skin_tone,0.000,0.000,0.000,0.000,0.000,0.000,0.000,1.000,0.00,0.05,0.00,neutral,default
🎅🏼,santa_claus_medium-light_skin_tone,0.000,0.000,0.000,0.000,0.000,0.000,0.000,1.000,0.00,0.05,0.00,neutral,default
🎅🏽,santa_claus_medium_skin_tone,0.000,0.000,0.000,0.000,0.000,0.000,0.000,1.000,0.00,0.05,0.00,neutral,default
🥻,sari,0.000,0.000,0.000,0.000,0.000,0.000,0.000,1.000,0.00,0.05,0.00,neutral,default
🇨🇶,sark,0.000,0.000,0.000,0.000,0.000,0.000,0.000,1.000,0.00,0.05,0.00,neutral,default
🛰️,satellite,0.000,0.000,0.000,0.000,0.000,0.000,0.000,1.000,0.00,0.05,0.00,neutral,default
📡,satellite_antenna,0.000,0.000,0.000,0.000,0.000,0.000,0.000,1.000,0.00,0.05,0.00,neutral,default
🇸🇦,saudi_arabia,0.000,0.000,0.000,0.000,0.000,0.000,0.000,1.000,0.00,0.05,0.00,neutral,default
🦕,sauropod,0.000,0.000,0.000,0.000,0.000,0.000,0.000,1.000,0.00,0.05,0.00,neutral,default
🎷,saxophone,0.000,0.000,0.000,0.000,0.000,0.000,0.000,1.000,0.00,0.05,0.00,neutral,default
🧣,scarf,0.000,0.000,0.000,0.000,0.000,0.000,0.000,1.000,0.00,0.05,0.00,neutral,default
🏫,school,0.000,0.000,0.000,0.000,0.000,0.000,0.000,1.000,0.00,0.05,0.00,neutral,default
🧑‍🔬,scientist,0.000,0.000,0.000,0.000,0.000,0.000,0.000,1.000,0.00,0.05,0.00,neutral,default
🧑🏿‍🔬,scientist_dark_skin_tone,0.000,0.000,0.000,0.000,0.000,0.000,0.000,1.000,0.00,0.05,0.00,neutral,default
🧑🏻‍🔬,scientist_light_skin_tone,0.000,0.000,0.000,0.000,0.000,0.000,0.000,1.000,0.00,0.05,0.00,neutral,default
🧑🏾‍🔬,scientist_medium-dark_skin_tone,0.000,0.000,0.000,0.000,0.000,0.000,0.000,1.000,0.00,0.05,0.00,neutral,default
🧑🏼‍🔬,scientist_medium-light_skin_tone,0.000,0.000,0.000,0.000,0.000,0.000,0.000,1.000,0.00,0.05,0.00,neutral,default
🧑🏽‍🔬,scientist_medium_skin_tone,0.000,0.000,0.000,0.000,0.000,0.000,0.000,1.000,0.00,0.05,0.00,neutral,default
✂️,scissors,0.000,0.000,0.000,0.000,0.000,0.000,0.000,1.000,0.00,0.05,0.00,neutral,default
♏,scorpio,0.000,0.000,0.000,0.000,0.000,0.000,0.000,1.000,0.00,0.05,0.00,neutral,default
🦂,scorpion,0.000,0.000,0.000,0.000,0.000,0.000,0.000,1.000,0.00,0.05,0.00,neutral,default
🏴󠁧󠁢󠁳󠁣󠁴󠁿,scotland,0.000,0.000,0.000,0.000,0.000,0.000,0.000,1.000,0.00,0.05,0.00,neutral,default
🪛,screwdriver,0.000,0.000,0.000,0.000,0.000,0.000,0.000,1.000,0.00,0.05,0.00,neutral,default
📜,scroll,0.000,0.000,0.000,0.000,0.000,0.000,0.000,1.000,0.00,0.05,0.00,neutral,default
🦭,seal,0.000,0.000,0.000,0.000,0.000,0.000,0.000,1.000,0.00,0.05,0.00,neutral,default
💺,seat,0.000,0.000,0.000,0.000,0.000,0.000,0.000,1.000,0.00,0.05,0.00,neutral,default
🌱,seedling,0.000,0.000,0.000,0.000,0.000,0.000,0.000,1.000,0.00,0.05,0.00,neutral,default
🤳,selfie,0.000,0.000,0.000,0.000,0.000,0.000,0.000,1.000,0.00,0.05,0.00,neutral,default
🤳🏿,selfie_dark_skin_tone,0.000,0.000,0.000,0.000,0.000,0.000,0.000,1.000,0.00,0.05,0.00,neutral,default
🤳🏻,selfie_light_skin_tone,0.000,0.000,0.000,0.000,0.000,0.000,0.000,1.000,0.00,0.05,0.00,neutral,default
🤳🏾,selfie_medium-dark_skin_tone,0.000,0.000,0.000,0.000,0.000,0.000,0.000,1.000,0.00,0.05,0.00,neutral,default
🤳🏼,selfie_medium-light_skin_tone,0.000,0.000,0.000,0.000,0.000,0.000,0.000,1.000,0.00,0.05,0.00,neutral,default
🤳🏽,selfie_medium_skin_tone,0.000,0.000,0.000,0.000,0.000,0.000,0.000,1.000,0.00,0.05,0.00,neutral,default
🇸🇳,senegal,0.000,0.000,0.000,0.000,0.000,0.000,0.000,1.000,0.00,0.05,0.00,neutral,default
🇷🇸,serbia,0.000,0.000,0.000,0.000,0.000,0.000,0.000,1.000,0.00,0.05,0.00,neutral,default
🐕‍🦺,service_dog,0.000,0.000,0.000,0.000,0.000,0.000,0.000,1.000,0.00,0.05,0.00,neutral,default
🕢,seven-thirty,0.000,0.000,0.000,0.000,0.000,0.000,0.000,1.000,0.00,0.05,0.00,neutral,default
🕖,seven_o’clock,0.000,0.000,0.000,0.000,0.000,0.000,0.000,1.000,0.00,0.05,0.00,neutral,default
🪡,sewing_needle,0.000,0.000,0.000,0.000,0.000,0.000,0.000,1.000,0.00,0.05,0.00,neutral,default
🇸🇨,seychelles,0.000,0.000,0.000,0.000,0.000,0.000,0.000,1.000,0.00,0.05,0.00,neutral,default
🥘,shallow_pan_of_food,0.000,0.000,0.000,0.000,0.000,0.000,0.000,1.000,0.00,0.05,0.00,neutral,default
☘️,shamrock,0.000,0.000,0.000,0.000,0.000,0.000,0.000,1.000,0.00,0.05,0.00,neutral,default
🦈,shark,0.000,0.000,0.000,0.000,0.000,0.000,0.000,1.000,0.00,0.05,0.00,neutral,default
🍧,shaved_ice,0.000,0.000,0.000,0.000,0.000,0.000,0.000,1.000,0.00,0.05,0.00,neutral,default
🌾,sheaf_of_rice,0.000,0.000,0.000,0.000,0.000,0.000,0.000,1.000,0.00,0.05,0.00,neutral,default
🛡️,shield,0.000,0.000,0.000,0.000,0.000,0.000,0.000,1.000,0.00,0.05,0.00,neutral,default
⛩️,shinto_shrine,0.000,0.000,0.000,0.000,0.000,0.000,0.000,1.000,0.00,0.05,0.00,neutral,default
🚢,ship,0.000,0.000,0.000,0.000,0.000,0.000,0.000,1.000,0.00,0.05,0.00,neutral,default
🌠,shooting_star,0.000,0.000,0.000,0.000,0.000,0.000,0.000,1.000,0.00,0.05,0.00,neutral,default
🛍️,shopping_bags,0.000,0.000,0.000,0.000,0.000,0.000,0.000,1.000,0.00,0.05,0.00,neutral,default
🛒,shopping_cart,0.000,0.000,0.000,0.000,0.000,0.000,0.000,1.000,0.00,0.05,0.00,neutral,default
🍰,shortcake,0.000,0.000,0.000,0.000,0.000,0.000,0.000,1.000,0.00,0.05,0.00,neutral,default
🩳,shorts,0.000,0.000,0.000,0.000,0.000,0.000,0.000,1.000,0.00,0.05,0.00,neutral,default
🪏,shovel,0.000,0.000,0.000,0.000,0.000,0.000,0.000,1.000,0.00,0.05,0.00,neutral,default
🚿,shower,0.000,0.000,0.000,0.000,0.000,0.000,0.000,1.000,0.00,0.05,0.00,neutral,default
🦐,shrimp,0.000,0.000,0.000,0.000,0.000,0.000,0.000,1.000,0.00,0.05,0.00,neutral,default
🔀,shuffle_tracks_button,0.000,0.000,0.000,0.000,0.000,0.000,0.000,1.000,0.00,0.05,0.00,neutral,default
🇸🇱,sierra_leone,0.000,0.000,0.000,0.000,0.000,0.000,0.000,1.000,0.00,0.05,0.00,neutral,default
🇸🇬,singapore,0.000,0.000,0.000,0.000,0.000,0.000,0.000,1.000,0.00,0.05,0.00,neutral,default
🧑‍🎤,singer,0.000,0.000,0.000,0.000,0.000,0.000,0.000,1.000,0.00,0.05,0.00,neutral,default
🧑🏿‍🎤,singer_dark_skin_tone,0.000,0.000,0.000,0.000,0.000,0.000,0.000,1.000,0.00,0.05,0.00,neutral,default
🧑🏻‍🎤,singer_light_skin_tone,0.000,0.000,0.000,0.000,0.000,0.000,0.000,1.000,0.00,0.05,0.00,neutral,default
🧑🏾‍🎤,singer_medium-dark_skin_tone,0.000,0.000,0.000,0.000,0.000,0.000,0.000,1.000,0.00,0.05,0.00,neutral,default
🧑🏼‍🎤,singer_medium-light_skin_tone,0.000,0.000,0.000,0.000,0.000,0.000,0.000,1.000,0.00,0.05,0.00,neutral,default
🧑🏽‍🎤,singer_medium_skin_tone,0.000,0.000,0.000,0.000,0.000,0.000,0.000,1.000,0.00,0.05,0.00,neutral,default
🇸🇽,sint_maarten,0.000,0.000,0.000,0.000,0.000,0.000,0.000,1.000,0.00,0.05,0.00,neutral,default
🕡,six-thirty,0.000,0.000,0.000,0.000,0.000,0.000,0.000,1.000,0.00,0.05,0.00,neutral,default
🕕,six_o’clock,0.000,0.000,0.000,0.000,0.000,0.000,0.000,1.000,0.00,0.05,0.00,neutral,default
🛹,skateboard,0.000,0.000,0.000,0.000,0.000,0.000,0.000,1.000,0.00,0.05,0.00,neutral,default
⛷️,skier,0.000,0.000,0.000,0.000,0.000,0.000,0.000,1.000,0.00,0.05,0.00,neutral,default
🎿,skis,0.000,0.000,0.000,0.000,0.000,0.000,0.000,1.000,0.00,0.05,0.00,neutral,default
🦨,skunk,0.000,0.000,0.000,0.000,0.000,0.000,0.000,1.000,0.00,0.05,0.00,neutral,default
🛷,sled,0.000,0.000,0.000,0.000,0.000,0.000,0.000,1.000,0.00,0.05,0.00,neutral,default
🎰,slot_machine,0.000,0.000,0.000,0.000,0.000,0.000,0.000,1.000,0.00,0.05,0.00,neutral,default
🦥,sloth,0.000,0.000,0.000,0.000,0.000,0.000,0.000,1.000,0.00,0.05,0.00,neutral,default
🇸🇰,slovakia,0.000,0.000,0.000,0.000,0.000,0.000,0.000,1.000,0.00,0.05,0.00,neutral,default
🇸🇮,slovenia,0.000,0.000,0.000,0.000,0.000,0.000,0.000,1.000,0.00,0.05,0.00,neutral,default
🛩️,small_airplane,0.000,0.000,0.000,0.000,0.000,0.000,0.000,1.000,0.00,0.05,0.00,neutral,default
🔹,small_blue_diamond,0.000,0.000,0.000,0.000,0.000,0.000,0.000,1.000,0.00,0.05,0.00,neutral,default
🔸,small_orange_diamond,0.000,0.000,0.000,0.000,0.000,0.000,0.000,1.000,0.00,0.05,0.00,neutral,default
🐌,snail,0.000,0.000,0.000,0.000,0.000,0.000,0.000,1.000,0.00,0.05,0.00,neutral,default
🏔️,snow-capped_mountain,0.000,0.000,0.000,0.000,0.000,0.000,0.000,1.000,0.00,0.05,0.00,neutral,default
🏂,snowboarder,0.000,0.000,0.000,0.000,0.000,0.000,0.000,1.000,0.00,0.05,0.00,neutral,default
🏂🏿,snowboarder_dark_skin_tone,0.000,0.000,0.000,0.000,0.000,0.000,0.000,1.000,0.00,0.05,0.00,neutral,default
🏂🏻,snowboarder_light_skin_tone,0.000,0.000,0.000,0.000,0.000,0.000,0.000,1.000,0.00,0.05,0.00,neutral,default
🏂🏾,snowboarder_medium-dark_skin_tone,0.000,0.000,0.000,0.000,0.000,0.000,0.000,1.000,0.00,0.05,0.00,neutral,default
🏂🏼,snowboarder_medium-light_skin_tone,0.000,0.000,0.000,0.000,0.000,0.000,0.000,1.000,0.00,0.05,0.00,neutral,default
🏂🏽,snowboarder_medium_skin_tone,0.000,0.000,0.000,0.000,0.000,0.000,0.000,1.000,0.00,0.05,0.00,neutral,default
❄️,snowflake,0.000,0.000,0.000,0.000,0.000,0.000,0.000,1.000,0.00,0.05,0.00,neutral,default
☃️,snowman,0.000,0.000,0.000,0.000,0.000,0.000,0.000,1.000,0.00,0.05,0.00,neutral,default
⛄,snowman_without_snow,0.000,0.000,0.000,0.000,0.000,0.000,0.000,1.000,0.00,0.05,0.00,neutral,default
🧼,soap,0.000,0.000,0.000,0.000,0.000,0.000,0.000,1.000,0.00,0.05,0.00,neutral,default
⚽,soccer_ball,0.000,0.000,0.000,0.000,0.000,0.000,0.000,1.000,0.00,0.05,0.00,neutral,default
🧦,socks,0.000,0.000,0.000,0.000,0.000,0.000,0.000,1.000,0.00,0.05,0.00,neutral,default
🍦,soft_ice_cream,0.000,0.000,0.000,0.000,0.000,0.000,0.000,1.000,0.00,0.05,0.00,neutral,default
🥎,softball,0.000,0.000,0.000,0.000,0.000,0.000,0.000,1.000,0.00,0.05,0.00,neutral,default
🇸🇧,solomon_islands,0.000,0.000,0.000,0.000,0.000,0.000,0.000,1.000,0.00,0.05,0.00,neutral,default
🇸🇴,somalia,0.000,0.000,0.000,0.000,0.000,0.000,0.000,1.000,0.00,0.05,0.00,neutral,default
🔜,soon_arrow,0.000,0.000,0.000,0.000,0.000,0.000,0.000,1.000,0.00,0.05,0.00,neutral,default
🇿🇦,south_africa,0.000,0.000,0.000,0.000,0.000,0.000,0.000,1.000,0.00,0.05,0.00,neutral,default
🇬🇸,south_georgia_&_south_sandwich_islands,0.000,0.000,0.000,0.000,0.000,0.000,0.000,1.000,0.00,0.05,0.00,neutral,default
🇰🇷,south_korea,0.000,0.000,0.000,0.000,0.000,0.000,0.000,1.000,0.00,0.05,0.00,neutral,default
🇸🇸,south_sudan,0.000,0.000,0.000,0.000,0.000,0.000,0.000,1.000,0.00,0.05,0.00,neutral,default
♠️,spade_suit,0.000,0.000,0.000,0.000,0.000,0.000,0.000,1.000,0.00,0.05,0.00,neutral,default
🍝,spaghetti,0.000,0.000,0.000,0.000,0.000,0.000,0.000,1.000,0.00,0.05,0.00,neutral,default
🇪🇸,spain,0.000,0.000,0.000,0.000,0.000,0.000,0.000,1.000,0.00,0.05,0.00,neutral,default
❇️,sparkle,0.000,0.000,0.000,0.000,0.000,0.000,0.000,1.000,0.00,0.05,0.00,neutral,default
🔊,speaker_high_volume,0.000,0.000,0.000,0.000,0.000,0.000,0.000,1.000,0.00,0.05,0.00,neutral,default
🔈,speaker_low_volume,0.000,0.000,0.000,0.000,0.000,0.000,0.000,1.000,0.00,0.05,0.00,neutral,default
🔉,speaker_medium_volume,0.000,0.000,0.000,0.000,0.000,0.000,0.000,1.000,0.00,0.05,0.00,neutral,default
🗣️,speaking_head,0.000,0.000,0.000,0.000,0.000,0.000,0.000,1.000,0.00,0.05,0.00,neutral,default
💬,speech_balloon,0.000,0.000,0.000,0.000,0.000,0.000,0.000,1.000,0.00,0.05,0.00,neutral,default
🚤,speedboat,0.000,0.000,0.000,0.000,0.000,0.000,0.000,1.000,0.00,0.05,0.00,neutral,default
🕷️,spider,0.000,0.000,0.000,0.000,0.000,0.000,0.000,1.000,0.00,0.05,0.00,neutral,default
🕸️,spider_web,0.000,0.000,0.000,0.000,0.000,0.000,0.000,1.000,0.00,0.05,0.00,neutral,default
🗓️,spiral_calendar,0.000,0.000,0.000,0.000,0.000,0.000,0.000,1.000,0.00,0.05,0.00,neutral,default
🗒️,spiral_notepad,0.000,0.000,0.000,0.000,0.000,0.000,0.000,1.000,0.00,0.05,0.00,neutral,default
🐚,spiral_shell,0.000,0.000,0.000,0.000,0.000,0.000,0.000,1.000,0.00,0.05,0.00,neutral,default
🫟,splatter,0.000,0.000,0.000,0.000,0.000,0.000,0.000,1.000,0.00,0.05,0.00,neutral,default
🧽,sponge,0.000,0.000,0.000,0.000,0.000,0.000,0.000,1.000,0.00,0.05,0.00,neutral,default
🥄,spoon,0.000,0.000,0.000,0.000,0.000,0.000,0.000,1.000,0.00,0.05,0.00,neutral,default
🚙,sport_utility_vehicle,0.000,0.000,0.000,0.000,0.000,0.000,0.000,1.000,0.00,0.05,0.00,neutral,default
🐳,spouting_whale,0.000,0.000,0.000,0.000,0.000,0.000,0.000,1.000,0.00,0.05,0.00,neutral,default
🦑,squid,0.000,0.000,0.000,0.000,0.000,0.000,0.000,1.000,0.00,0.05,0.00,neutral,default
🇱🇰,sri_lanka,0.000,0.000,0.000,0.000,0.000,0.000,0.000,1.000,0.00,0.05,0.00,neutral,default
🇧🇱,st._barthélemy,0.000,0.000,0.000,0.000,0.000,0.000,0.000,1.000,0.00,0.05,0.00,neutral,default
🇸🇭,st._helena_ascension_&_tristan_da_cunha,0.000,0.000,0.000,0.000,0.000,0.000,0.000,1.000,0.00,0.05,0.00,neutral,default
🇰🇳,st._kitts_&_nevis,0.000,0.000,0.000,0.000,0.000,0.000,0.000,1.000,0.00,0.05,0.00,neutral,default
🇱🇨,st._lucia,0.000,0.000,0.000,0.000,0.000,0.000,0.000,1.000,0.00,0.05,0.00,neutral,default
🇲🇫,st._martin,0.000,0.000,0.000,0.000,0.000,0.000,0.000,1.000,0.00,0.05,0.00,neutral,default
🇵🇲,st._pierre_&_miquelon,0.000,0.000,0.000,0.000,0.000,0.000,0.000,1.000,0.00,0.05,0.00,neutral,default
🇻🇨,st._vincent_&_grenadines,0.000,0.000,0.000,0.000,0.000,0.000,0.000,1.000,0.00,0.05,0.00,neutral,default
🏟️,stadium,0.000,0.000,0.000,0.000,0.000,0.000,0.000,1.000,0.00,0.05,0.00,neutral,default
☪️,star_and_crescent,0.000,0.000,0.000,0.000,0.000,0.000,0.000,1.000,0.00,0.05,0.00,neutral,default
✡️,star_of_david,0.000,0.000,0.000,0.000,0.000,0.000,0.000,1.000,0.00,0.05,0.00,neutral,default
🚉,station,0.000,0.000,0.000,0.000,0.000,0.000,0.000,1.000,0.00,0.05,0.00,neutral,default
🗽,statue_of_liberty,0.000,0.000,0.000,0.000,0.000,0.000,0.000,1.000,0.00,0.05,0.00,neutral,default
🍜,steaming_bowl,0.000,0.000,0.000,0.000,0.000,0.000,0.000,1.000,0.00,0.05,0.00,neutral,default
🩺,stethoscope,0.000,0.000,0.000,0.000,0.000,0.000,0.000,1.000,0.00,0.05,0.00,neutral,default
⏹️,stop_button,0.000,0.000,0.000,0.000,0.000,0.000,0.000,1.000,0.00,0.05,0.00,neutral,default
🛑,stop_sign,0.000,0.000,0.000,0.000,0.000,0.000,0.000,1.000,0.00,0.05,0.00,neutral,default
⏱️,stopwatch,0.000,0.000,0.000,0.000,0.000,0.000,0.000,1.000,0.00,0.05,0.00,neutral,default
📏,straight_ruler,0.000,0.000,0.000,0.000,0.000,0.000,0.000,1.000,0.00,0.05,0.00,neutral,default
🍓,strawberry,0.000,0.000,0.000,0.000,0.000,0.000,0.000,1.000,0.00,0.05,0.00,neutral,default
🧑‍🎓,student,0.000,0.000,0.000,0.000,0.000,0.000,0.000,1.000,0.00,0.05,0.00,neutral,default
🧑🏿‍🎓,student_dark_skin_tone,0.000,0.000,0.000,0.000,0.000,0.000,0.000,1.000,0.00,0.05,0.00,neutral,default
🧑🏻‍🎓,student_light_skin_tone,0.000,0.000,0.000,0.000,0.000,0.000,0.000,1.000,0.00,0.05,0.00,neutral,default
🧑🏾‍🎓,student_medium-dark_skin_tone,0.000,0.000,0.000,0.000,0.000,0.000,0.000,1.000,0.00,0.05,0.00,neutral,default
🧑🏼‍🎓,student_medium-light_skin_tone,0.000,0.000,0.000,0.000,0.000,0.000,0.000,1.000,0.00,0.05,0.00,neutral,default
🧑🏽‍🎓,student_medium_skin_tone,0.000,0.000,0.000,0.000,0.000,0.000,0.000,1.000,0.00,0.05,0.00,neutral,default
🎙️,studio_microphone,0.000,0.000,0.000,0.000,0.000,0.000,0.000,1.000,0.00,0.05,0.00,neutral,default
🥙,stuffed_flatbread,0.000,0.000,0.000,0.000,0.000,0.000,0.000,1.000,0.00,0.05,0.00,neutral,default
🇸🇩,sudan,0.000,0.000,0.000,0.000,0.000,0.000,0.000,1.000,0.00,0.05,0.00,neutral,default
⛅,sun_behind_cloud,0.000,0.000,0.000,0.000,0.000,0.000,0.000,1.000,0.00,0.05,0.00,neutral,default
🌥️,sun_behind_large_cloud,0.000,0.000,0.000,0.000,0.000,0.000,0.000,1.000,0.00,0.05,0.00,neutral,default
🌦️,sun_behind_rain_cloud,0.000,0.000,0.000,0.000,0.000,0.000,0.000,1.000,0.00,0.05,0.00,neutral,default
🌤️,sun_behind_small_cloud,0.000,0.000,0.000,0.000,0.000,0.000,0.000,1.000,0.00,0.05,0.00,neutral,default
🌞,sun_with_face,0.000,0.000,0.000,0.000,0.000,0.000,0.000,1.000,0.00,0.05,0.00,neutral,default
🌻,sunflower,0.000,0.000,0.000,0.000,0.000,0.000,0.000,1.000,0.00,0.05,0.00,neutral,default
🕶️,sunglasses,0.000,0.000,0.000,0.000,0.000,0.000,0.000,1.000,0.00,0.05,0.00,neutral,default
🌅,sunrise,0.000,0.000,0.000,0.000,0.000,0.000,0.000,1.000,0.00,0.05,0.00,neutral,default
🌄,sunrise_over_mountains,0.000,0.000,0.000,0.000,0.000,0.000,0.000,1.000,0.00,0.05,0.00,neutral,default
🌇,sunset,0.000,0.000,0.000,0.000,0.000,0.000,0.000,1.000,0.00,0.05,0.00,neutral,default
🦸,superhero,0.000,0.000,0.000,0.000,0.000,0.000,0.000,1.000,0.00,0.05,0.00,neutral,default
🦸🏿,superhero_dark_skin_tone,0.000,0.000,0.000,0.000,0.000,0.000,0.000,1.000,0.00,0.05,0.00,neutral,default
🦸🏻,superhero_light_skin_tone,0.000,0.000,0.000,0.000,0.000,0.000,0.000,1.000,0.00,0.05,0.00,neutral,default
🦸🏾,superhero_medium-dark_skin_tone,0.000,0.000,0.000,0.000,0.000,0.000,0.000,1.000,0.00,0.05,0.00,neutral,default
🦸🏼,superhero_medium-light_skin_tone,0.000,0.000,0.000,0.000,0.000,0.000,0.000,1.000,0.00,0.05,0.00,neutral,default
🦸🏽,superhero_medium_skin_tone,0.000,0.000,0.000,0.000,0.000,0.000,0.000,1.000,0.00,0.05,0.00,neutral,default
🦹,supervillain,0.000,0.000,0.000,0.000,0.000,0.000,0.000,1.000,0.00,0.05,0.00,neutral,default
🦹🏿,supervillain_dark_skin_tone,0.000,0.000,0.000,0.000,0.000,0.000,0.000,1.000,0.00,0.05,0.00,neutral,default
🦹🏻,supervillain_light_skin_tone,0.000,0.000,0.000,0.000,0.000,0.000,0.000,1.000,0.00,0.05,0.00,neutral,default
🦹🏾,supervillain_medium-dark_skin_tone,0.000,0.000,0.000,0.000,0.000,0.000,0.000,1.000,0.00,0.05,0.00,neutral,default
🦹🏼,supervillain_medium-light_skin_tone,0.000,0.000,0.000,0.000,0.000,0.000,0.000,1.000,0.00,0.05,0.00,neutral,default
🦹🏽,supervillain_medium_skin_tone,0.000,0.000,0.000,0.000,0.000,0.000,0.000,1.000,0.00,0.05,0.00,neutral,default
🇸🇷,suriname,0.000,0.000,0.000,0.000,0.000,0.000,0.000,1.000,0.00,0.05,0.00,neutral,default
🍣,sushi,0.000,0.000,0.000,0.000,0.000,0.000,0.000,1.000,0.00,0.05,0.00,neutral,default
🚟,suspension_railway,0.000,0.000,0.000,0.000,0.000,0.000,0.000,1.000,0.00,0.05,0.00,neutral,default
🇸🇯,svalbard_&_jan_mayen,0.000,0.000,0.000,0.000,0.000,0.000,0.000,1.000,0.00,0.05,0.00,neutral,default
🦢,swan,0.000,0.000,0.000,0.000,0.000,0.000,0.000,1.000,0.00,0.05,0.00,neutral,default
🇸🇪,sweden,0.000,0.000,0.000,0.000,0.000,0.000,0.000,1.000,0.00,0.05,0.00,neutral,default
🇨🇭,switzerland,0.000,0.000,0.000,0.000,0.000,0.000,0.000,1.000,0.00,0.05,0.00,neutral,default
🕍,synagogue,0.000,0.000,0.000,0.000,0.000,0.000,0.000,1.000,0.00,0.05,0.00,neutral,default
🇸🇾,syria,0.000,0.000,0.000,0.000,0.000,0.000,0.000,1.000,0.00,0.05,0.00,neutral,default
💉,syringe,0.000,0.000,0.000,0.000,0.000,0.000,0.000,1.000,0.00,0.05,0.00,neutral,default
🇸🇹,são_tomé_&_príncipe,0.000,0.000,0.000,0.000,0.000,0.000,0.000,1.000,0.00,0.05,0.00,neutral,default
🦖,t-rex,0.000,0.000,0.000,0.000,0.000,0.000,0.000,1.000,0.00,0.05,0.00,neutral,default
👕,t-shirt,0.000,0.000,0.000,0.000,0.000,0.000,0.000,1.000,0.00,0.05,0.00,neutral,default
🌮,taco,0.000,0.000,0.000,0.000,0.000,0.000,0.000,1.000,0.00,0.05,0.00,neutral,default
🇹🇼,taiwan,0.000,0.000,0.000,0.000,0.000,0.000,0.000,1.000,0.00,0.05,0.00,neutral,default
🇹🇯,tajikistan,0.000,0.000,0.000,0.000,0.000,0.000,0.000,1.000,0.00,0.05,0.00,neutral,default
🥡,takeout_box,0.000,0.000,0.000,0.000,0.000,0.000,0.000,1.000,0.00,0.05,0.00,neutral,default
🫔,tamale,0.000,0.000,0.000,0.000,0.000,0.000,0.000,1.000,0.00,0.05,0.00,neutral,default
🎋,tanabata_tree,0.000,0.000,0.000,0.000,0.000,0.000,0.000,1.000,0.00,0.05,0.00,neutral,default
🍊,tangerine,0.000,0.000,0.000,0.000,0.000,0.000,0.000,1.000,0.00,0.05,0.00,neutral,default
🇹🇿,tanzania,0.000,0.000,0.000,0.000,0.000,0.000,0.000,1.000,0.00,0.05,0.00,neutral,default
♉,taurus,0.000,0.000,0.000,0.000,0.000,0.000,0.000,1.000,0.00,0.05,0.00,neutral,default
🚕,taxi,0.000,0.000,0.000,0.000,0.000,0.000,0.000,1.000,0.00,0.05,0.00,neutral,default
🧑‍🏫,teacher,0.000,0.000,0.000,0.000,0.000,0.000,0.000,1.000,0.00,0.05,0.00,neutral,default
🧑🏿‍🏫,teacher_dark_skin_tone,0.000,0.000,0.000,0.000,0.000,0.000,0.000,1.000,0.00,0.05,0.00,neutral,default
🧑🏻‍🏫,teacher_light_skin_tone,0.000,0.000,0.000,0.000,0.000,0.000,0.000,1.000,0.00,0.05,0.00,neutral,default
🧑🏾‍🏫,teacher_medium-dark_skin_tone,0.000,0.000,0.000,0.000,0.000,0.000,0.000,1.000,0.00,0.05,0.00,neutral,default
🧑🏼‍🏫,teacher_medium-light_skin_tone,0.000,0.000,0.000,0.000,0.000,0.000,0.000,1.000,0.00,0.05,0.00,neutral,default
🧑🏽‍🏫,teacher_medium_skin_tone,0.000,0.000,0.000,0.000,0.000,0.000,0.000,1.000,0.00,0.05,0.00,neutral,default
🫖,teapot,0.000,0.000,0.000,0.000,0.000,0.000,0.000,1.000,0.00,0.05,0.00,neutral,default
📆,tear-off_calendar,0.000,0.000,0.000,0.000,0.000,0.000,0.000,1.000,0.00,0.05,0.00,neutral,default
🧑‍💻,technologist,0.000,0.000,0.000,0.000,0.000,0.000,0.000,1.000,0.00,0.05,0.00,neutral,default
🧑🏿‍💻,technologist_dark_skin_tone,0.000,0.000,0.000,0.000,0.000,0.000,0.000,1.000,0.00,0.05,0.00,neutral,default
🧑🏻‍💻,technologist_light_skin_tone,0.000,0.000,0.000,0.000,0.000,0.000,0.000,1.000,0.00,0.05,0.00,neutral,default
🧑🏾‍💻,technologist_medium-dark_skin_tone,0.000,0.000,0.000,0.000,0.000,0.000,0.000,1.000,0.00,0.05,0.00,neutral,default
🧑🏼‍💻,technologist_medium-light_skin_tone,0.000,0.000,0.000,0.000,0.000,0.000,0.000,1.000,0.00,0.05,0.00,neutral,default
🧑🏽‍💻,technologist_medium_skin_tone,0.000,0.000,0.000,0.000,0.000,0.000,0.000,1.000,0.00,0.05,0.00,neutral,default
🧸,teddy_bear,0.000,0.000,0.000,0.000,0.000,0.000,0.000,1.000,0.00,0.05,0.00,neutral,default
☎️,telephone,0.000,0.000,0.000,0.000,0.000,0.000,0.000,1.000,0.00,0.05,0.00,neutral,default
📞,telephone_receiver,0.000,0.000,0.000,0.000,0.000,0.000,0.000,1.000,0.00,0.05,0.00,neutral,default
🔭,telescope,0.000,0.000,0.000,0.000,0.000,0.000,0.000,1.000,0.00,0.05,0.00,neutral,default
📺,television,0.000,0.000,0.000,0.000,0.000,0.000,0.000,1.000,0.00,0.05,0.00,neutral,default
🕥,ten-thirty,0.000,0.000,0.000,0.000,0.000,0.000,0.000,1.000,0.00,0.05,0.00,neutral,default
🕙,ten_o’clock,0.000,0.000,0.000,0.000,0.000,0.000,0.000,1.000,0.00,0.05,0.00,neutral,default
🎾,tennis,0.000,0.000,0.000,0.000,0.000,0.000,0.000,1.000,0.00,0.05,0.00,neutral,default
⛺,tent,0.000,0.000,0.000,0.000,0.000,0.000,0.000,1.000,0.00,0.05,0.00,neutral,default
🧪,test_tube,0.000,0.000,0.000,0.000,0.000,0.000,0.000,1.000,0.00,0.05,0.00,neutral,default
🇹🇭,thailand,0.000,0.000,0.000,0.000,0.000,0.000,0.000,1.000,0.00,0.05,0.00,neutral,default
🌡️,thermometer,0.000,0.000,0.000,0.000,0.000,0.000,0.000,1.000,0.00,0.05,0.00,neutral,default
🩴,thong_sandal,0.000,0.000,0.000,0.000,0.000,0.000,0.000,1.000,0.00,0.05,0.00,neutral,default
💭,thought_balloon,0.000,0.000,0.000,0.000,0.000,0.000,0.000,1.000,0.00,0.05,0.00,neutral,default
🧵,thread,0.000,0.000,0.000,0.000,0.000,0.000,0.000,1.000,0.00,0.05,0.00,neutral,default
🕞,three-thirty,0.000,0.000,0.000,0.000,0.000,0.000,0.000,1.000,0.00,0.05,0.00,neutral,default
🕒,three_o’clock,0.000,0.000,0.000,0.000,0.000,0.000,0.000,1.000,0.00,0.05,0.00,neutral,default
🎫,ticket,0.000,0.000,0.000,0.000,0.000,0.000,0.000,1.000,0.00,0.05,0.00,neutral,default
🐅,tiger,0.000,0.000,0.000,0.000,0.000,0.000,0.000,1.000,0.00,0.05,0.00,neutral,default
🐯,tiger_face,0.000,0.000,0.000,0.000,0.000,0.000,0.000,1.000,0.00,0.05,0.00,neutral,default
⏲️,timer_clock,0.000,0.000,0.000,0.000,0.000,0.000,0.000,1.000,0.00,0.05,0.00,neutral,default
🇹🇱,timor-leste,0.000,0.000,0.000,0.000,0.000,0.000,0.000,1.000,0.00,0.05,0.00,neutral,default
🇹🇬,togo,0.000,0.000,0.000,0.000,0.000,0.000,0.000,1.000,0.00,0.05,0.00,neutral,default
🚽,toilet,0.000,0.000,0.000,0.000,0.000,0.000,0.000,1.000,0.00,0.05,0.00,neutral,default
🇹🇰,tokelau,0.000,0.000,0.000,0.000,0.000,0.000,0.000,1.000,0.00,0.05,0.00,neutral,default
🗼,tokyo_tower,0.000,0.000,0.000,0.000,0.000,0.000,0.000,1.000,0.00,0.05,0.00,neutral,default
🍅,tomato,0.000,0.000,0.000,0.000,0.000,0.000,0.000,1.000,0.00,0.05,0.00,neutral,default
🇹🇴,tonga,0.000,0.000,0.000,0.000,0.000,0.000,0.000,1.000,0.00,0.05,0.00,neutral,default
👅,tongue,0.000,0.000,0.000,0.000,0.000,0.000,0.000,1.000,0.00,0.05,0.00,neutral,default
🧰,toolbox,0.000,0.000,0.000,0.000,0.000,0.000,0.000,1.000,0.00,0.05,0.00,neutral,default
🦷,tooth,0.000,0.000,0.000,0.000,0.000,0.000,0.000,1.000,0.00,0.05,0.00,neutral,default
🪥,toothbrush,0.000,0.000,0.000,0.000,0.000,0.000,0.000,1.000,0.00,0.05,0.00,neutral,default
🔝,top_arrow,0.000,0.000,0.000,0.000,0.000,0.000,0.000,1.000,0.00,0.05,0.00,neutral,default
🎩,top_hat,0.000,0.000,0.000,0.000,0.000,0.000,0.000,1.000,0.00,0.05,0.00,neutral,default
🌪️,tornado,0.000,0.000,0.000,0.000,0.000,0.000,0.000,1.000,0.00,0.05,0.00,neutral,default
🖲️,trackball,0.000,0.000,0.000,0.000,0.000,0.000,0.000,1.000,0.00,0.05,0.00,neutral,default
🚜,tractor,0.000,0.000,0.000,0.000,0.000,0.000,0.000,1.000,0.00,0.05,0.00,neutral,default
™️,trade_mark,0.000,0.000,0.000,0.000,0.000,0.000,0.000,1.000,0.00,0.05,0.00,neutral,default
🚆,train,0.000,0.000,0.000,0.000,0.000,0.000,0.000,1.000,0.00,0.05,0.00,neutral,default
🚊,tram,0.000,0.000,0.000,0.000,0.000,0.000,0.000,1.000,0.00,0.05,0.00,neutral,default
🚋,tram_car,0.000,0.000,0.000,0.000,0.000,0.000,0.000,1.000,0.00,0.05,0.00,neutral,default
⚧️,transgender_symbol,0.000,0.000,0.000,0.000,0.000,0.000,0.000,1.000,0.00,0.05,0.00,neutral,default
🪎,treasure_chest,0.000,0.000,0.000,0.000,0.000,0.000,0.000,1.000,0.00,0.05,0.00,neutral,default
📐,triangular_ruler,0.000,0.000,0.000,0.000,0.000,0.000,0.000,1.000,0.00,0.05,0.00,neutral,default
🔱,trident_emblem,0.000,0.000,0.000,0.000,0.000,0.000,0.000,1.000,0.00,0.05,0.00,neutral,default
🇹🇹,trinidad_&_tobago,0.000,0.000,0.000,0.000,0.000,0.000,0.000,1.000,0.00,0.05,0.00,neutral,default
🇹🇦,tristan_da_cunha,0.000,0.000,0.000,0.000,0.000,0.000,0.000,1.000,0.00,0.05,0.00,neutral,default
🧌,troll,0.000,0.000,0.000,0.000,0.000,0.000,0.000,1.000,0.00,0.05,0.00,neutral,default
🚎,trolleybus,0.000,0.000,0.000,0.000,0.000,0.000,0.000,1.000,0.00,0.05,0.00,neutral,default
🪊,trombone,0.000,0.000,0.000,0.000,0.000,0.000,0.000,1.000,0.00,0.05,0.00,neutral,default
🍹,tropical_drink,0.000,0.000,0.000,0.000,0.000,0.000,0.000,1.000,0.00,0.05,0.00,neutral,default
🐠,tropical_fish,0.000,0.000,0.000,0.000,0.000,0.000,0.000,1.000,0.00,0.05,0.00,neutral,default
🎺,trumpet,0.000,0.000,0.000,0.000,0.000,0.000,0.000,1.000,0.00,0.05,0.00,neutral,default
🌷,tulip,0.000,0.000,0.000,0.000,0.000,0.000,0.000,1.000,0.00,0.05,0.00,neutral,default
🥃,tumbler_glass,0.000,0.000,0.000,0.000,0.000,0.000,0.000,1.000,0.00,0.05,0.00,neutral,default
🇹🇳,tunisia,0.000,0.000,0.000,0.000,0.000,0.000,0.000,1.000,0.00,0.05,0.00,neutral,default
🦃,turkey,0.000,0.000,0.000,0.000,0.000,0.000,0.000,1.000,0.00,0.05,0.00,neutral,default
🇹🇲,turkmenistan,0.000,0.000,0.000,0.000,0.000,0.000,0.000,1.000,0.00,0.05,0.00,neutral,default
🇹🇨,turks_&_caicos_islands,0.000,0.000,0.000,0.000,0.000,0.000,0.000,1.000,0.00,0.05,0.00,neutral,default
🐢,turtle,0.000,0.000,0.000,0.000,0.000,0.000,0.000,1.000,0.00,0.05,0.00,neutral,default
🇹🇻,tuvalu,0.000,0.000,0.000,0.000,0.000,0.000,0.000,1.000,0.00,0.05,0.00,neutral,default
🕧,twelve-thirty,0.000,0.000,0.000,0.000,0.000,0.000,0.000,1.000,0.00,0.05,0.00,neutral,default
🕛,twelve_o’clock,0.000,0.000,0.000,0.000,0.000,0.000,0.000,1.000,0.00,0.05,0.00,neutral,default
🐫,two-hump_camel,0.000,0.000,0.000,0.000,0.000,0.000,0.000,1.000,0.00,0.05,0.00,neutral,default
🕝,two-thirty,0.000,0.000,0.000,0.000,0.000,0.000,0.000,1.000,0.00,0.05,0.00,neutral,default
🕑,two_o’clock,0.000,0.000,0.000,0.000,0.000,0.000,0.000,1.000,0.00,0.05,0.00,neutral,default
🇹🇷,türkiye,0.000,0.000,0.000,0.000,0.000,0.000,0.000,1.000,0.00,0.05,0.00,neutral,default
🇺🇲,u.s._outlying_islands,0.000,0.000,0.000,0.000,0.000,0.000,0.000,1.000,0.00,0.05,0.00,neutral,default
🇻🇮,u.s._virgin_islands,0.000,0.000,0.000,0.000,0.000,0.000,0.000,1.000,0.00,0.05,0.00,neutral,default
🇺🇬,uganda,0.000,0.000,0.000,0.000,0.000,0.000,0.000,1.000,0.00,0.05,0.00,neutral,default
🇺🇦,ukraine,0.000,0.000,0.000,0.000,0.000,0.000,0.000,1.000,0.00,0.05,0.00,neutral,default
☂️,umbrella,0.000,0.000,0.000,0.000,0.000,0.000,0.000,1.000,0.00,0.05,0.00,neutral,default
⛱️,umbrella_on_ground,0.000,0.000,0.000,0.000,0.000,0.000,0.000,1.000,0.00,0.05,0.00,neutral,default
☔,umbrella_with_rain_drops,0.000,0.000,0.000,0.000,0.000,0.000,0.000,1.000,0.00,0.05,0.00,neutral,default
🦄,unicorn,0.000,0.000,0.000,0.000,0.000,0.000,0.000,1.000,0.00,0.05,0.00,neutral,default
🇦🇪,united_arab_emirates,0.000,0.000,0.000,0.000,0.000,0.000,0.000,1.000,0.00,0.05,0.00,neutral,default
🇬🇧,united_kingdom,0.000,0.000,0.000,0.000,0.000,0.000,0.000,1.000,0.00,0.05,0.00,neutral,default
🇺🇳,united_nations,0.000,0.000,0.000,0.000,0.000,0.000,0.000,1.000,0.00,0.05,0.00,neutral,default
🇺🇸,united_states,0.000,0.000,0.000,0.000,0.000,0.000,0.000,1.000,0.00,0.05,0.00,neutral,default
🔓,unlocked,0.000,0.000,0.000,0.000,0.000,0.000,0.000,1.000,0.00,0.05,0.00,neutral,default
🆙,up!_button,0.000,0.000,0.000,0.000,0.000,0.000,0.000,1.000,0.00,0.05,0.00,neutral,default
↕️,up-down_arrow,0.000,0.000,0.000,0.000,0.000,0.000,0.000,1.000,0.00,0.05,0.00,neutral,default
↖️,up-left_arrow,0.000,0.000,0.000,0.000,0.000,0.000,0.000,1.000,0.00,0.05,0.00,neutral,default
↗️,up-right_arrow,0.000,0.000,0.000,0.000,0.000,0.000,0.000,1.000,0.00,0.05,0.00,neutral,default
⬆️,up_arrow,0.000,0.000,0.000,0.000,0.000,0.000,0.000,1.000,0.00,0.05,0.00,neutral,default
🔼,upwards_button,0.000,0.000,0.000,0.000,0.000,0.000,0.000,1.000,0.00,0.05,0.00,neutral,default
🇺🇾,uruguay,0.000,0.000,0.000,0.000,0.000,0.000,0.000,1.000,0.00,0.05,0.00,neutral,default
🇺🇿,uzbekistan,0.000,0.000,0.000,0.000,0.000,0.000,0.000,1.000,0.00,0.05,0.00,neutral,default
🧛,vampire,0.000,0.000,0.000,0.000,0.000,0.000,0.000,1.000,0.00,0.05,0.00,neutral,default
🧛🏿,vampire_dark_skin_tone,0.000,0.000,0.000,0.000,0.000,0.000,0.000,1.000,0.00,0.05,0.00,neutral,default
🧛🏻,vampire_light_skin_tone,0.000,0.000,0.000,0.000,0.000,0.000,0.000,1.000,0.00,0.05,0.00,neutral,default
🧛🏾,vampire_medium-dark_skin_tone,0.000,0.000,0.000,0.000,0.000,0.000,0.000,1.000,0.00,0.05,0.00,neutral,default
🧛🏼,vampire_medium-light_skin_tone,0.000,0.000,0.000,0.000,0.000,0.000,0.000,1.000,0.00,0.05,0.00,neutral,default
🧛🏽,vampire_medium_skin_tone,0.000,0.000,0.000,0.000,0.000,0.000,0.000,1.000,0.00,0.05,0.00,neutral,default
🇻🇺,vanuatu,0.000,0.000,0.000,0.000,0.000,0.000,0.000,1.000,0.00,0.05,0.00,neutral,default
🇻🇦,vatican_city,0.000,0.000,0.000,0.000,0.000,0.000,0.000,1.000,0.00,0.05,0.00,neutral,default
🇻🇪,venezuela,0.000,0.000,0.000,0.000,0.000,0.000,0.000,1.000,0.00,0.05,0.00,neutral,default
🚦,vertical_traffic_light,0.000,0.000,0.000,0.000,0.000,0.000,0.000,1.000,0.00,0.05,0.00,neutral,default
📳,vibration_mode,0.000,0.000,0.000,0.000,0.000,0.000,0.000,1.000,0.00,0.05,0.00,neutral,default
📹,video_camera,0.000,0.000,0.000,0.000,0.000,0.000,0.000,1.000,0.00,0.05,0.00,neutral,default
🎮,video_game,0.000,0.000,0.000,0.000,0.000,0.000,0.000,1.000,0.00,0.05,0.00,neutral,default
📼,videocassette,0.000,0.000,0.000,0.000,0.000,0.000,0.000,1.000,0.00,0.05,0.00,neutral,default
🇻🇳,vietnam,0.000,0.000,0.000,0.000,0.000,0.000,0.000,1.000,0.00,0.05,0.00,neutral,default
🎻,violin,0.000,0.000,0.000,0.000,0.000,0.000,0.000,1.000,0.00,0.05,0.00,neutral,default
♍,virgo,0.000,0.000,0.000,0.000,0.000,0.000,0.000,1.000,0.00,0.05,0.00,neutral,default
🌋,volcano,0.000,0.000,0.000,0.000,0.000,0.000,0.000,1.000,0.00,0.05,0.00,neutral,default
🏐,volleyball,0.000,0.000,0.000,0.000,0.000,0.000,0.000,1.000,0.00,0.05,0.00,neutral,default
🆚,vs_button,0.000,0.000,0.000,0.000,0.000,0.000,0.000,1.000,0.00,0.05,0.00,neutral,default
🖖,vulcan_salute,0.000,0.000,0.000,0.000,0.000,0.000,0.000,1.000,0.00,0.05,0.00,neutral,default
🖖🏿,vulcan_salute_dark_skin_tone,0.000,0.000,0.000,0.000,0.000,0.000,0.000,1.000,0.00,0.05,0.00,neutral,default
🖖🏻,vulcan_salute_light_skin_tone,0.000,0.000,0.000,0.000,0.000,0.000,0.000,1.000,0.00,0.05,0.00,neutral,default
🖖🏾,vulcan_salute_medium-dark_skin_tone,0.000,0.000,0.000,0.000,0.000,0.000,0.000,1.000,0.00,0.05,0.00,neutral,default
🖖🏼,vulcan_salute_medium-light_skin_tone,0.000,0.000,0.000,0.000,0.000,0.000,0.000,1.000,0.00,0.05,0.00,neutral,default
🖖🏽,vulcan_salute_medium_skin_tone,0.000,0.000,0.000,0.000,0.000,0.000,0.000,1.000,0.00,0.05,0.00,neutral,default
🧇,waffle,0.000,0.000,0.000,0.000,0.000,0.000,0.000,1.000,0.00,0.05,0.00,neutral,default
🏴󠁧󠁢󠁷󠁬󠁳󠁿,wales,0.000,0.000,0.000,0.000,0.000,0.000,0.000,1.000,0.00,0.05,0.00,neutral,default
🇼🇫,wallis_&_futuna,0.000,0.000,0.000,0.000,0.000,0.000,0.000,1.000,0.00,0.05,0.00,neutral,default
🌘,waning_crescent_moon,0.000,0.000,0.000,0.000,0.000,0.000,0.000,1.000,0.00,0.05,0.00,neutral,default
🌖,waning_gibbous_moon,0.000,0.000,0.000,0.000,0.000,0.000,0.000,1.000,0.00,0.05,0.00,neutral,default
🗑️,wastebasket,0.000,0.000,0.000,0.000,0.000,0.000,0.000,1.000,0.00,0.05,0.00,neutral,default
⌚,watch,0.000,0.000,0.000,0.000,0.000,0.000,0.000,1.000,0.00,0.05,0.00,neutral,default
🐃,water_buffalo,0.000,0.000,0.000,0.000,0.000,0.000,0.000,1.000,0.00,0.05,0.00,neutral,default
🚾,water_closet,0.000,0.000,0.000,0.000,0.000,0.000,0.000,1.000,0.00,0.05,0.00,neutral,default
🍉,watermelon,0.000,0.000,0.000,0.000,0.000,0.000,0.000,1.000,0.00,0.05,0.00,neutral,default
〰️,wavy_dash,0.000,0.000,0.000,0.000,0.000,0.000,0.000,1.000,0.00,0.05,0.00,neutral,default
🌒,waxing_crescent_moon,0.000,0.000,0.000,0.000,0.000,0.000,0.000,1.000,0.00,0.05,0.00,neutral,default
🌔,waxing_gibbous_moon,0.000,0.000,0.000,0.000,0.000,0.000,0.000,1.000,0.00,0.05,0.00,neutral,default
💒,wedding,0.000,0.000,0.000,0.000,0.000,0.000,0.000,1.000,0.00,0.05,0.00,neutral,default
🇪🇭,western_sahara,0.000,0.000,0.000,0.000,0.000,0.000,0.000,1.000,0.00,0.05,0.00,neutral,default
🐋,whale,0.000,0.000,0.000,0.000,0.000,0.000,0.000,1.000,0.00,0.05,0.00,neutral,default
🛞,wheel,0.000,0.000,0.000,0.000,0.000,0.000,0.000,1.000,0.00,0.05,0.00,neutral,default
☸️,wheel_of_dharma,0.000,0.000,0.000,0.000,0.000,0.000,0.000,1.000,0.00,0.05,0.00,neutral,default
♿,wheelchair_symbol,0.000,0.000,0.000,0.000,0.000,0.000,0.000,1.000,0.00,0.05,0.00,neutral,default
🦯,white_cane,0.000,0.000,0.000,0.000,0.000,0.000,0.000,1.000,0.00,0.05,0.00,neutral,default
⚪,white_circle,0.000,0.000,0.000,0.000,0.000,0.000,0.000,1.000,0.00,0.05,0.00,neutral,default
❕,white_exclamation_mark,0.000,0.000,0.000,0.000,0.000,0.000,0.000,1.000,0.00,0.05,0.00,neutral,default
💮,white_flower,0.000,0.000,0.000,0.000,0.000,0.000,0.000,1.000,0.00,0.05,0.00,neutral,default
⬜,white_large_square,0.000,0.000,0.000,0.000,0.000,0.000,0.000,1.000,0.00,0.05,0.00,neutral,default
◽,white_medium-small_square,0.000,0.000,0.000,0.000,0.000,0.000,0.000,1.000,0.00,0.05,0.00,neutral,default
◻️,white_medium_square,0.000,0.000,0.000,0.000,0.000,0.000,0.000,1.000,0.00,0.05,0.00,neutral,default
❔,white_question_mark,0.000,0.000,0.000,0.000,0.000,0.000,0.000,1.000,0.00,0.05,0.00,neutral,default
▫️,white_small_square,0.000,0.000,0.000,0.000,0.000,0.000,0.000,1.000,0.00,0.05,0.00,neutral,default
🔳,white_square_button,0.000,0.000,0.000,0.000,0.000,0.000,0.000,1.000,0.00,0.05,0.00,neutral,default
🎐,wind_chime,0.000,0.000,0.000,0.000,0.000,0.000,0.000,1.000,0.00,0.05,0.00,neutral,default
🌬️,wind_face,0.000,0.000,0.000,0.000,0.000,0.000,0.000,1.000,0.00,0.05,0.00,neutral,default
🪟,window,0.000,0.000,0.000,0.000,0.000,0.000,0.000,1.000,0.00,0.05,0.00,neutral,default
🍷,wine_glass,0.000,0.000,0.000,0.000,0.000,0.000,0.000,1.000,0.00,0.05,0.00,neutral,default
🪽,wing,0.000,0.000,0.000,0.000,0.000,0.000,0.000,1.000,0.00,0.05,0.00,neutral,default
🛜,wireless,0.000,0.000,0.000,0.000,0.000,0.000,0.000,1.000,0.00,0.05,0.00,neutral,default
🐺,wolf,0.000,0.000,0.000,0.000,0.000,0.000,0.000,1.000,0.00,0.05,0.00,neutral,default
👩,woman,0.000,0.000,0.000,0.000,0.000,0.000,0.000,1.000,0.00,0.05,0.00,neutral,default
👫,woman_and_man_holding_hands,0.000,0.000,0.000,0.000,0.000,0.000,0.000,1.000,0.00,0.05,0.00,neutral,default
👫🏿,woman_and_man_holding_hands_dark_skin_tone,0.000,0.000,0.000,0.000,0.000,0.000,0.000,1.000,0.00,0.05,0.00,neutral,default
👩🏿‍🤝‍👨🏻,woman_and_man_holding_hands_dark_skin_tone_light_skin_tone,0.000,0.000,0.000,0.000,0.000,0.000,0.000,1.000,0.00,0.05,0.00,neutral,default
👩🏿‍🤝‍👨🏾,woman_and_man_holding_hands_dark_skin_tone_medium-dark_skin_tone,0.000,0.000,0.000,0.000,0.000,0.000,0.000,1.000,0.00,0.05,0.00,neutral,default
👩🏿‍🤝‍👨🏼,woman_and_man_holding_hands_dark_skin_tone_medium-light_skin_tone,0.000,0.000,0.000,0.000,0.000,0.000,0.000,1.000,0.00,0.05,0.00,neutral,default
👩🏿‍🤝‍👨🏽,woman_and_man_holding_hands_dark_skin_tone_medium_skin_tone,0.000,0.000,0.000,0.000,0.000,0.000,0.000,1.000,0.00,0.05,0.00,neutral,default
👫🏻,woman_and_man_holding_hands_light_skin_tone,0.000,0.000,0.000,0.000,0.000,0.000,0.000,1.000,0.00,0.05,0.00,neutral,default
👩🏻‍🤝‍👨🏿,woman_and_man_holding_hands_light_skin_tone_dark_skin_tone,0.000,0.000,0.000,0.000,0.000,0.000,0.000,1.000,0.00,0.05,0.00,neutral,default
👩🏻‍🤝‍👨🏾,woman_and_man_holding_hands_light_skin_tone_medium-dark_skin_tone,0.000,0.000,0.000,0.000,0.000,0.000,0.000,1.000,0.00,0.05,0.00,neutral,default
👩🏻‍🤝‍👨🏼,woman_and_man_holding_hands_light_skin_tone_medium-light_skin_tone,0.000,0.000,0.000,0.000,0.000,0.000,0.000,1.000,0.00,0.05,0.00,neutral,default
👩🏻‍🤝‍👨🏽,woman_and_man_holding_hands_light_skin_tone_medium_skin_tone,0.000,0.000,0.000,0.000,0.000,0.000,0.000,1.000,0.00,0.05,0.00,neutral,default
👫🏾,woman_and_man_holding_hands_medium-dark_skin_tone,0.000,0.000,0.000,0.000,0.000,0.000,0.000,1.000,0.00,0.05,0.00,neutral,default
👩🏾‍🤝‍👨🏿,woman_and_man_holding_hands_medium-dark_skin_tone_dark_skin_tone,0.000,0.000,0.000,0.000,0.000,0.000,0.000,1.000,0.00,0.05,0.00,neutral,default
👩🏾‍🤝‍👨🏻,woman_and_man_holding_hands_medium-dark_skin_tone_light_skin_tone,0.000,0.000,0.000,0.000,0.000,0.000,0.000,1.000,0.00,0.05,0.00,neutral,default
👩🏾‍🤝‍👨🏼,woman_and_man_holding_hands_medium-dark_skin_tone_medium-light_skin_tone,0.000,0.000,0.000,0.000,0.000,0.000,0.000,1.000,0.00,0.05,0.00,neutral,default
👩🏾‍🤝‍👨🏽,woman_and_man_holding_hands_medium-dark_skin_tone_medium_skin_tone,0.000,0.000,0.000,0.000,0.000,0.000,0.000,1.000,0.00,0.05,0.00,neutral,default
👫🏼,woman_and_man_holding_hands_medium-light_skin_tone,0.000,0.000,0.000,0.000,0.000,0.000,0.000,1.000,0.00,0.05,0.00,neutral,default
👩🏼‍🤝‍👨🏿,woman_and_man_holding_hands_medium-light_skin_tone_dark_skin_tone,0.000,0.000,0.000,0.000,0.000,0.000,0.000,1.000,0.00,0.05,0.00,neutral,default
👩🏼‍🤝‍👨🏻,woman_and_man_holding_hands_medium-light_skin_tone_light_skin_tone,0.000,0.000,0.000,0.000,0.000,0.000,0.000,1.000,0.00,0.05,0.00,neutral,default
👩🏼‍🤝‍👨🏾,woman_and_man_holding_hands_medium-light_skin_tone_medium-dark_skin_tone,0.000,0.000,0.000,0.000,0.000,0.000,0.000,1.000,0.00,0.05,0.00,neutral,default
👩🏼‍🤝‍👨🏽,woman_and_man_holding_hands_medium-light_skin_tone_medium_skin_tone,0.000,0.000,0.000,0.000,0.000,0.000,0.000,1.000,0.00,0.05,0.00,neutral,default
👫🏽,woman_and_man_holding_hands_medium_skin_tone,0.000,0.000,0.000,0.000,0.000,0.000,0.000,1.000,0.00,0.05,0.00,neutral,default
👩🏽‍🤝‍👨🏿,woman_and_man_holding_hands_medium_skin_tone_dark_skin_tone,0.000,0.000,0.000,0.000,0.000,0.000,0.000,1.000,0.00,0.05,0.00,neutral,default
👩🏽‍🤝‍👨🏻,woman_and_man_holding_hands_medium_skin_tone_light_skin_tone,0.000,0.000,0.000,0.000,0.000,0.000,0.000,1.000,0.00,0.05,0.00,neutral,default
👩🏽‍🤝‍👨🏾,woman_and_man_holding_hands_medium_skin_tone_medium-dark_skin_tone,0.000,0.000,0.000,0.000,0.000,0.000,0.000,1.000,0.00,0.05,0.00,neutral,default
👩🏽‍🤝‍👨🏼,woman_and_man_holding_hands_medium_skin_tone_medium-light_skin_tone,0.000,0.000,0.000,0.000,0.000,0.000,0.000,1.000,0.00,0.05,0.00,neutral,default
👩‍🎨,woman_artist,0.000,0.000,0.000,0.000,0.000,0.000,0.000,1.000,0.00,0.05,0.00,neutral,default
👩🏿‍🎨,woman_artist_dark_skin_tone,0.000,0.000,0.000,0.000,0.000,0.000,0.000,1.000,0.00,0.05,0.00,neutral,default
👩🏻‍🎨,woman_artist_light_skin_tone,0.000,0.000,0.000,0.000,0.000,0.000,0.000,1.000,0.00,0.05,0.00,neutral,default
👩🏾‍🎨,woman_artist_medium-dark_skin_tone,0.000,0.000,0.000,0.000,0.000,0.000,0.000,1.000,0.00,0.05,0.00,neutral,default
👩🏼‍🎨,woman_artist_medium-light_skin_tone,0.000,0.000,0.000,0.000,0.000,0.000,0.000,1.000,0.00,0.05,0.00,neutral,default
👩🏽‍🎨,woman_artist_medium_skin_tone,0.000,0.000,0.000,0.000,0.000,0.000,0.000,1.000,0.00,0.05,0.00,neutral,default
👩‍🚀,woman_astronaut,0.000,0.000,0.000,0.000,0.000,0.000,0.000,1.000,0.00,0.05,0.00,neutral,default
👩🏿‍🚀,woman_astronaut_dark_skin_tone,0.000,0.000,0.000,0.000,0.000,0.000,0.000,1.000,0.00,0.05,0.00,neutral,default
👩🏻‍🚀,woman_astronaut_light_skin_tone,0.000,0.000,0.000,0.000,0.000,0.000,0.000,1.000,0.00,0.05,0.00,neutral,default
👩🏾‍🚀,woman_astronaut_medium-dark_skin_tone,0.000,0.000,0.000,0.000,0.000,0.000,0.000,1.000,0.00,0.05,0.00,neutral,default
👩🏼‍🚀,woman_astronaut_medium-light_skin_tone,0.000,0.000,0.000,0.000,0.000,0.000,0.000,1.000,0.00,0.05,0.00,neutral,default
👩🏽‍🚀,woman_astronaut_medium_skin_tone,0.000,0.000,0.000,0.000,0.000,0.000,0.000,1.000,0.00,0.05,0.00,neutral,default
👩‍🦲,woman_bald,0.000,0.000,0.000,0.000,0.000,0.000,0.000,1.000,0.00,0.05,0.00,neutral,default
🧔‍♀️,woman_beard,0.000,0.000,0.000,0.000,0.000,0.000,0.000,1.000,0.00,0.05,0.00,neutral,default
🚴‍♀️,woman_biking,0.000,0.000,0.000,0.000,0.000,0.000,0.000,1.000,0.00,0.05,0.00,neutral,default
🚴🏿‍♀️,woman_biking_dark_skin_tone,0.000,0.000,0.000,0.000,0.000,0.000,0.000,1.000,0.00,0.05,0.00,neutral,default
🚴🏻‍♀️,woman_biking_light_skin_tone,0.000,0.000,0.000,0.000,0.000,0.000,0.000,1.000,0.00,0.05,0.00,neutral,default
🚴🏾‍♀️,woman_biking_medium-dark_skin_tone,0.000,0.000,0.000,0.000,0.000,0.000,0.000,1.000,0.00,0.05,0.00,neutral,default
🚴🏼‍♀️,woman_biking_medium-light_skin_tone,0.000,0.000,0.000,0.000,0.000,0.000,0.000,1.000,0.00,0.05,0.00,neutral,default
🚴🏽‍♀️,woman_biking_medium_skin_tone,0.000,0.000,0.000,0.000,0.000,0.000,0.000,1.000,0.00,0.05,0.00,neutral,default
👱‍♀️,woman_blond_hair,0.000,0.000,0.000,0.000,0.000,0.000,0.000,1.000,0.00,0.05,0.00,neutral,default
⛹️‍♀️,woman_bouncing_ball,0.000,0.000,0.000,0.000,0.000,0.000,0.000,1.000,0.00,0.05,0.00,neutral,default
⛹🏿‍♀️,woman_bouncing_ball_dark_skin_tone,0.000,0.000,0.000,0.000,0.000,0.000,0.000,1.000,0.00,0.05,0.00,neutral,default
⛹🏻‍♀️,woman_bouncing_ball_light_skin_tone,0.000,0.000,0.000,0.000,0.000,0.000,0.000,1.000,0.00,0.05,0.00,neutral,default
⛹🏾‍♀️,woman_bouncing_ball_medium-dark_skin_tone,0.000,0.000,0.000,0.000,0.000,0.000,0.000,1.000,0.00,0.05,0.00,neutral,default
⛹🏼‍♀️,woman_bouncing_ball_medium-light_skin_tone,0.000,0.000,0.000,0.000,0.000,0.000,0.000,1.000,0.00,0.05,0.00,neutral,default
⛹🏽‍♀️,woman_bouncing_ball_medium_skin_tone,0.000,0.000,0.000,0.000,0.000,0.000,0.000,1.000,0.00,0.05,0.00,neutral,default
🧗‍♀️,woman_climbing,0.000,0.000,0.000,0.000,0.000,0.000,0.000,1.000,0.00,0.05,0.00,neutral,default
🧗🏿‍♀️,woman_climbing_dark_skin_tone,0.000,0.000,0.000,0.000,0.000,0.000,0.000,1.000,0.00,0.05,0.00,neutral,default
🧗🏻‍♀️,woman_climbing_light_skin_tone,0.000,0.000,0.000,0.000,0.000,0.000,0.000,1.000,0.00,0.05,0.00,neutral,default
🧗🏾‍♀️,woman_climbing_medium-dark_skin_tone,0.000,0.000,0.000,0.000,0.000,0.000,0.000,1.000,0.00,0.05,0.00,neutral,default
🧗🏼‍♀️,woman_climbing_medium-light_skin_tone,0.000,0.000,0.000,0.000,0.000,0.000,0.000,1.000,0.00,0.05,0.00,neutral,default
🧗🏽‍♀️,woman_climbing_medium_skin_tone,0.000,0.000,0.000,0.000,0.000,0.000,0.000,1.000,0.00,0.05,0.00,neutral,default
👷‍♀️,woman_construction_worker,0.000,0.000,0.000,0.000,0.000,0.000,0.000,1.000,0.00,0.05,0.00,neutral,default
👷🏿‍♀️,woman_construction_worker_dark_skin_tone,0.000,0.000,0.000,0.000,0.000,0.000,0.000,1.000,0.00,0.05,0.00,neutral,default
👷🏻‍♀️,woman_construction_worker_light_skin_tone,0.000,0.000,0.000,0.000,0.000,0.000,0.000,1.000,0.00,0.05,0.00,neutral,default
👷🏾‍♀️,woman_construction_worker_medium-dark_skin_tone,0.000,0.000,0.000,0.000,0.000,0.000,0.000,1.000,0.00,0.05,0.00,neutral,default
👷🏼‍♀️,woman_construction_worker_medium-light_skin_tone,0.000,0.000,0.000,0.000,0.000,0.000,0.000,1.000,0.00,0.05,0.00,neutral,default
👷🏽‍♀️,woman_construction_worker_medium_skin_tone,0.000,0.000,0.000,0.000,0.000,0.000,0.000,1.000,0.00,0.05,0.00,neutral,default
👩‍🍳,woman_cook,0.000,0.000,0.000,0.000,0.000,0.000,0.000,1.000,0.00,0.05,0.00,neutral,default
👩🏿‍🍳,woman_cook_dark_skin_tone,0.000,0.000,0.000,0.000,0.000,0.000,0.000,1.000,0.00,0.05,0.00,neutral,default
👩🏻‍🍳,woman_cook_light_skin_tone,0.000,0.000,0.000,0.000,0.000,0.000,0.000,1.000,0.00,0.05,0.00,neutral,default
👩🏾‍🍳,woman_cook_medium-dark_skin_tone,0.000,0.000,0.000,0.000,0.000,0.000,0.000,1.000,0.00,0.05,0.00,neutral,default
👩🏼‍🍳,woman_cook_medium-light_skin_tone,0.000,0.000,0.000,0.000,0.000,0.000,0.000,1.000,0.00,0.05,0.00,neutral,default
👩🏽‍🍳,woman_cook_medium_skin_tone,0.000,0.000,0.000,0.000,0.000,0.000,0.000,1.000,0.00,0.05,0.00,neutral,default
👩‍🦱,woman_curly_hair,0.000,0.000,0.000,0.000,0.000,0.000,0.000,1.000,0.00,0.05,0.00,neutral,default
👩🏿,woman_dark_skin_tone,0.000,0.000,0.000,0.000,0.000,0.000,0.000,1.000,0.00,0.05,0.00,neutral,default
👩🏿‍🦲,woman_dark_skin_tone_bald,0.000,0.000,0.000,0.000,0.000,0.000,0.000,1.000,0.00,0.05,0.00,neutral,default
🧔🏿‍♀️,woman_dark_skin_tone_beard,0.000,0.000,0.000,0.000,0.000,0.000,0.000,1.000,0.00,0.05,0.00,neutral,default
👱🏿‍♀️,woman_dark_skin_tone_blond_hair,0.000,0.000,0.000,0.000,0.000,0.000,0.000,1.000,0.00,0.05,0.00,neutral,default
👩🏿‍🦱,woman_dark_skin_tone_curly_hair,0.000,0.000,0.000,0.000,0.000,0.000,0.000,1.000,0.00,0.05,0.00,neutral,default
👩🏿‍🦰,woman_dark_skin_tone_red_hair,0.000,0.000,0.000,0.000,0.000,0.000,0.000,1.000,0.00,0.05,0.00,neutral,default
👩🏿‍🦳,woman_dark_skin_tone_white_hair,0.000,0.000,0.000,0.000,0.000,0.000,0.000,1.000,0.00,0.05,0.00,neutral,default
🕵️‍♀️,woman_detective,0.000,0.000,0.000,0.000,0.000,0.000,0.000,1.000,0.00,0.05,0.00,neutral,default
🕵🏿‍♀️,woman_detective_dark_skin_tone,0.000,0.000,0.000,0.000,0.000,0.000,0.000,1.000,0.00,0.05,0.00,neutral,default
🕵🏻‍♀️,woman_detective_light_skin_tone,0.000,0.000,0.000,0.000,0.000,0.000,0.000,1.000,0.00,0.05,0.00,neutral,default
🕵🏾‍♀️,woman_detective_medium-dark_skin_tone,0.000,0.000,0.000,0.000,0.000,0.000,0.000,1.000,0.00,0.05,0.00,neutral,default
🕵🏼‍♀️,woman_detective_medium-light_skin_tone,0.000,0.000,0.000,0.000,0.000,0.000,0.000,1.000,0.00,0.05,0.00,neutral,default
🕵🏽‍♀️,woman_detective_medium_skin_tone,0.000,0.000,0.000,0.000,0.000,0.000,0.000,1.000,0.00,0.05,0.00,neutral,default
🧝‍♀️,woman_elf,0.000,0.000,0.000,0.000,0.000,0.000,0.000,1.000,0.00,0.05,0.00,neutral,default
🧝🏿‍♀️,woman_elf_dark_skin_tone,0.000,0.000,0.000,0.000,0.000,0.000,0.000,1.000,0.00,0.05,0.00,neutral,default
🧝🏻‍♀️,woman_elf_light_skin_tone,0.000,0.000,0.000,0.000,0.000,0.000,0.000,1.000,0.00,0.05,0.00,neutral,default
🧝🏾‍♀️,woman_elf_medium-dark_skin_tone,0.000,0.000,0.000,0.000,0.000,0.000,0.000,1.000,0.00,0.05,0.00,neutral,default
🧝🏼‍♀️,woman_elf_medium-light_skin_tone,0.000,0.000,0.000,0.000,0.000,0.000,0.000,1.000,0.00,0.05,0.00,neutral,default
🧝🏽‍♀️,woman_elf_medium_skin_tone,0.000,0.000,0.000,0.000,0.000,0.000,0.000,1.000,0.00,0.05,0.00,neutral,default
👩‍🏭,woman_factory_worker,0.000,0.000,0.000,0.000,0.000,0.000,0.000,1.000,0.00,0.05,0.00,neutral,default
👩🏿‍🏭,woman_factory_worker_dark_skin_tone,0.000,0.000,0.000,0.000,0.000,0.000,0.000,1.000,0.00,0.05,0.00,neutral,default
👩🏻‍🏭,woman_factory_worker_light_skin_tone,0.000,0.000,0.000,0.000,0.000,0.000,0.000,1.000,0.00,0.05,0.00,neutral,default
👩🏾‍🏭,woman_factory_worker_medium-dark_skin_tone,0.000,0.000,0.000,0.000,0.000,0.000,0.000,1.000,0.00,0.05,0.00,neutral,default
👩🏼‍🏭,woman_factory_worker_medium-light_skin_tone,0.000,0.000,0.000,0.000,0.000,0.000,0.000,1.000,0.00,0.05,0.00,neutral,default
👩🏽‍🏭,woman_factory_worker_medium_skin_tone,0.000,0.000,0.000,0.000,0.000,0.000,0.000,1.000,0.00,0.05,0.00,neutral,default
🧚‍♀️,woman_fairy,0.000,0.000,0.000,0.000,0.000,0.000,0.000,1.000,0.00,0.05,0.00,neutral,default
🧚🏿‍♀️,woman_fairy_dark_skin_tone,0.000,0.000,0.000,0.000,0.000,0.000,0.000,1.000,0.00,0.05,0.00,neutral,default
🧚🏻‍♀️,woman_fairy_light_skin_tone,0.000,0.000,0.000,0.000,0.000,0.000,0.000,1.000,0.00,0.05,0.00,neutral,default
🧚🏾‍♀️,woman_fairy_medium-dark_skin_tone,0.000,0.000,0.000,0.000,0.000,0.000,0.000,1.000,0.00,0.05,0.00,neutral,default
🧚🏼‍♀️,woman_fairy_medium-light_skin_tone,0.000,0.000,0.000,0.000,0.000,0.000,0.000,1.000,0.00,0.05,0.00,neutral,default
🧚🏽‍♀️,woman_fairy_medium_skin_tone,0.000,0.000,0.000,0.000,0.000,0.000,0.000,1.000,0.00,0.05,0.00,neutral,default
👩‍🌾,woman_farmer,0.000,0.000,0.000,0.000,0.000,0.000,0.000,1.000,0.00,0.05,0.00,neutral,default
👩🏿‍🌾,woman_farmer_dark_skin_tone,0.000,0.000,0.000,0.000,0.000,0.000,0.000,1.000,0.00,0.05,0.00,neutral,default
👩🏻‍🌾,woman_farmer_light_skin_tone,0.000,0.000,0.000,0.000,0.000,0.000,0.000,1.000,0.00,0.05,0.00,neutral,default
👩🏾‍🌾,woman_farmer_medium-dark_skin_tone,0.000,0.000,0.000,0.000,0.000,0.000,0.000,1.000,0.00,0.05,0.00,neutral,default
👩🏼‍🌾,woman_farmer_medium-light_skin_tone,0.000,0.000,0.000,0.000,0.000,0.000,0.000,1.000,0.00,0.05,0.00,neutral,default
👩🏽‍🌾,woman_farmer_medium_skin_tone,0.000,0.000,0.000,0.000,0.000,0.000,0.000,1.000,0.00,0.05,0.00,neutral,default
👩‍🍼,woman_feeding_baby,0.000,0.000,0.000,0.000,0.000,0.000,0.000,1.000,0.00,0.05,0.00,neutral,default
👩🏿‍🍼,woman_feeding_baby_dark_skin_tone,0.000,0.000,0.000,0.000,0.000,0.000,0.000,1.000,0.00,0.05,0.00,neutral,default
👩🏻‍🍼,woman_feeding_baby_light_skin_tone,0.000,0.000,0.000,0.000,0.000,0.000,0.000,1.000,0.00,0.05,0.00,neutral,default
👩🏾‍🍼,woman_feeding_baby_medium-dark_skin_tone,0.000,0.000,0.000,0.000,0.000,0.000,0.000,1.000,0.00,0.05,0.00,neutral,default
👩🏼‍🍼,woman_feeding_baby_medium-light_skin_tone,0.000,0.000,0.000,0.000,0.000,0.000,0.000,1.000,0.00,0.05,0.00,neutral,default
👩🏽‍🍼,woman_feeding_baby_medium_skin_tone,0.000,0.000,0.000,0.000,0.000,0.000,0.000,1.000,0.00,0.05,0.00,neutral,default
👩‍🚒,woman_firefighter,0.000,0.000,0.000,0.000,0.000,0.000,0.000,1.000,0.00,0.05,0.00,neutral,default
👩🏿‍🚒,woman_firefighter_dark_skin_tone,0.000,0.000,0.000,0.000,0.000,0.000,0.000,1.000,0.00,0.05,0.00,neutral,default
👩🏻‍🚒,woman_firefighter_light_skin_tone,0.000,0.000,0.000,0.000,0.000,0.000,0.000,1.000,0.00,0.05,0.00,neutral,default
👩🏾‍🚒,woman_firefighter_medium-dark_skin_tone,0.000,0.000,0.000,0.000,0.000,0.000,0.000,1.000,0.00,0.05,0.00,neutral,default
👩🏼‍🚒,woman_firefighter_medium-light_skin_tone,0.000,0.000,0.000,0.000,0.000,0.000,0.000,1.000,0.00,0.05,0.00,neutral,default
👩🏽‍🚒,woman_firefighter_medium_skin_tone,0.000,0.000,0.000,0.000,0.000,0.000,0.000,1.000,0.00,0.05,0.00,neutral,default
🧞‍♀️,woman_genie,0.000,0.000,0.000,0.000,0.000,0.000,0.000,1.000,0.00,0.05,0.00,neutral,default
💇‍♀️,woman_getting_haircut,0.000,0.000,0.000,0.000,0.000,0.000,0.000,1.000,0.00,0.05,0.00,neutral,default
💇🏿‍♀️,woman_getting_haircut_dark_skin_tone,0.000,0.000,0.000,0.000,0.000,0.000,0.000,1.000,0.00,0.05,0.00,neutral,default
💇🏻‍♀️,woman_getting_haircut_light_skin_tone,0.000,0.000,0.000,0.000,0.000,0.000,0.000,1.000,0.00,0.05,0.00,neutral,default
💇🏾‍♀️,woman_getting_haircut_medium-dark_skin_tone,0.000,0.000,0.000,0.000,0.000,0.000,0.000,1.000,0.00,0.05,0.00,neutral,default
💇🏼‍♀️,woman_getting_haircut_medium-light_skin_tone,0.000,0.000,0.000,0.000,0.000,0.000,0.000,1.000,0.00,0.05,0.00,neutral,default
💇🏽‍♀️,woman_getting_haircut_medium_skin_tone,0.000,0.000,0.000,0.000,0.000,0.000,0.000,1.000,0.00,0.05,0.00,neutral,default
💆‍♀️,woman_getting_massage,0.000,0.000,0.000,0.000,0.000,0.000,0.000,1.000,0.00,0.05,0.00,neutral,default
💆🏿‍♀️,woman_getting_massage_dark_skin_tone,0.000,0.000,0.000,0.000,0.000,0.000,0.000,1.000,0.00,0.05,0.00,neutral,default
💆🏻‍♀️,woman_getting_massage_light_skin_tone,0.000,0.000,0.000,0.000,0.000,0.000,0.000,1.000,0.00,0.05,0.00,neutral,default
💆🏾‍♀️,woman_getting_massage_medium-dark_skin_tone,0.000,0.000,0.000,0.000,0.000,0.000,0.000,1.000,0.00,0.05,0.00,neutral,default
💆🏼‍♀️,woman_getting_massage_medium-light_skin_tone,0.000,0.000,0.000,0.000,0.000,0.000,0.000,1.000,0.00,0.05,0.00,neutral,default
💆🏽‍♀️,woman_getting_massage_medium_skin_tone,0.000,0.000,0.000,0.000,0.000,0.000,0.000,1.000,0.00,0.05,0.00,neutral,default
🏌️‍♀️,woman_golfing,0.000,0.000,0.000,0.000,0.000,0.000,0.000,1.000,0.00,0.05,0.00,neutral,default
🏌🏿‍♀️,woman_golfing_dark_skin_tone,0.000,0.000,0.000,0.000,0.000,0.000,0.000,1.000,0.00,0.05,0.00,neutral,default
🏌🏻‍♀️,woman_golfing_light_skin_tone,0.000,0.000,0.000,0.000,0.000,0.000,0.000,1.000,0.00,0.05,0.00,neutral,default
🏌🏾‍♀️,woman_golfing_medium-dark_skin_tone,0.000,0.000,0.000,0.000,0.000,0.000,0.000,1.000,0.00,0.05,0.00,neutral,default
🏌🏼‍♀️,woman_golfing_medium-light_skin_tone,0.000,0.000,0.000,0.000,0.000,0.000,0.000,1.000,0.00,0.05,0.00,neutral,default
🏌🏽‍♀️,woman_golfing_medium_skin_tone,0.000,0.000,0.000,0.000,0.000,0.000,0.000,1.000,0.00,0.05,0.00,neutral,default
💂‍♀️,woman_guard,0.000,0.000,0.000,0.000,0.000,0.000,0.000,1.000,0.00,0.05,0.00,neutral,default
💂🏿‍♀️,woman_guard_dark_skin_tone,0.000,0.000,0.000,0.000,0.000,0.000,0.000,1.000,0.00,0.05,0.00,neutral,default
💂🏻‍♀️,woman_guard_light_skin_tone,0.000,0.000,0.000,0.000,0.000,0.000,0.000,1.000,0.00,0.05,0.00,neutral,default
💂🏾‍♀️,woman_guard_medium-dark_skin_tone,0.000,0.000,0.000,0.000,0.000,0.000,0.000,1.000,0.00,0.05,0.00,neutral,default
💂🏼‍♀️,woman_guard_medium-light_skin_tone,0.000,0.000,0.000,0.000,0.000,0.000,0.000,1.000,0.00,0.05,0.00,neutral,default
💂🏽‍♀️,woman_guard_medium_skin_tone,0.000,0.000,0.000,0.000,0.000,0.000,0.000,1.000,0.00,0.05,0.00,neutral,default
👩‍⚕️,woman_health_worker,0.000,0.000,0.000,0.000,0.000,0.000,0.000,1.000,0.00,0.05,0.00,neutral,default
👩🏿‍⚕️,woman_health_worker_dark_skin_tone,0.000,0.000,0.000,0.000,0.000,0.000,0.000,1.000,0.00,0.05,0.00,neutral,default
👩🏻‍⚕️,woman_health_worker_light_skin_tone,0.000,0.000,0.000,0.000,0.000,0.000,0.000,1.000,0.00,0.05,0.00,neutral,default
👩🏾‍⚕️,woman_health_worker_medium-dark_skin_tone,0.000,0.000,0.000,0.000,0.000,0.000,0.000,1.000,0.00,0.05,0.00,neutral,default
👩🏼‍⚕️,woman_health_worker_medium-light_skin_tone,0.000,0.000,0.000,0.000,0.000,0.000,0.000,1.000,0.00,0.05,0.00,neutral,default
👩🏽‍⚕️,woman_health_worker_medium_skin_tone,0.000,0.000,0.000,0.000,0.000,0.000,0.000,1.000,0.00,0.05,0.00,neutral,default
🧘‍♀️,woman_in_lotus_position,0.000,0.000,0.000,0.000,0.000,0.000,0.000,1.000,0.00,0.05,0.00,neutral,default
🧘🏿‍♀️,woman_in_lotus_position_dark_skin_tone,0.000,0.000,0.000,0.000,0.000,0.000,0.000,1.000,0.00,0.05,0.00,neutral,default
🧘🏻‍♀️,woman_in_lotus_position_light_skin_tone,0.000,0.000,0.000,0.000,0.000,0.000,0.000,1.000,0.00,0.05,0.00,neutral,default
🧘🏾‍♀️,woman_in_lotus_position_medium-dark_skin_tone,0.000,0.000,0.000,0.000,0.000,0.000,0.000,1.000,0.00,0.05,0.00,neutral,default
🧘🏼‍♀️,woman_in_lotus_position_medium-light_skin_tone,0.000,0.000,0.000,0.000,0.000,0.000,0.000,1.000,0.00,0.05,0.00,neutral,default
🧘🏽‍♀️,woman_in_lotus_position_medium_skin_tone,0.000,0.000,0.000,0.000,0.000,0.000,0.000,1.000,0.00,0.05,0.00,neutral,default
👩‍🦽,woman_in_manual_wheelchair,0.000,0.000,0.000,0.000,0.000,0.000,0.000,1.000,0.00,0.05,0.00,neutral,default
👩🏿‍🦽,woman_in_manual_wheelchair_dark_skin_tone,0.000,0.000,0.000,0.000,0.000,0.000,0.000,1.000,0.00,0.05,0.00,neutral,default
👩‍🦽‍➡️,woman_in_manual_wheelchair_facing_right,0.000,0.000,0.000,0.000,0.000,0.000,0.000,1.000,0.00,0.05,0.00,neutral,default
👩🏿‍🦽‍➡️,woman_in_manual_wheelchair_facing_right_dark_skin_tone,0.000,0.000,0.000,0.000,0.000,0.000,0.000,1.000,0.00,0.05,0.00,neutral,default
👩🏻‍🦽‍➡️,woman_in_manual_wheelchair_facing_right_light_skin_tone,0.000,0.000,0.000,0.000,0.000,0.000,0.000,1.000,0.00,0.05,0.00,neutral,default
👩🏾‍🦽‍➡️,woman_in_manual_wheelchair_facing_right_medium-dark_skin_tone,0.000,0.000,0.000,0.000,0.000,0.000,0.000,1.000,0.00,0.05,0.00,neutral,default
👩🏼‍🦽‍➡️,woman_in_manual_wheelchair_facing_right_medium-light_skin_tone,0.000,0.000,0.000,0.000,0.000,0.000,0.000,1.000,0.00,0.05,0.00,neutral,default
👩🏽‍🦽‍➡️,woman_in_manual_wheelchair_facing_right_medium_skin_tone,0.000,0.000,0.000,0.000,0.000,0.000,0.000,1.000,0.00,0.05,0.00,neutral,default
👩🏻‍🦽,woman_in_manual_wheelchair_light_skin_tone,0.000,0.000,0.000,0.000,0.000,0.000,0.000,1.000,0.00,0.05,0.00,neutral,default
👩🏾‍🦽,woman_in_manual_wheelchair_medium-dark_skin_tone,0.000,0.000,0.000,0.000,0.000,0.000,0.000,1.000,0.00,0.05,0.00,neutral,default
👩🏼‍🦽,woman_in_manual_wheelchair_medium-light_skin_tone,0.000,0.000,0.000,0.000,0.000,0.000,0.000,1.000,0.00,0.05,0.00,neutral,default
👩🏽‍🦽,woman_in_manual_wheelchair_medium_skin_tone,0.000,0.000,0.000,0.000,0.000,0.000,0.000,1.000,0.00,0.05,0.00,neutral,default
👩‍🦼,woman_in_motorized_wheelchair,0.000,0.000,0.000,0.000,0.000,0.000,0.000,1.000,0.00,0.05,0.00,neutral,default
👩🏿‍🦼,woman_in_motorized_wheelchair_dark_skin_tone,0.000,0.000,0.000,0.000,0.000,0.000,0.000,1.000,0.00,0.05,0.00,neutral,default
👩‍🦼‍➡️,woman_in_motorized_wheelchair_facing_right,0.000,0.000,0.000,0.000,0.000,0.000,0.000,1.000,0.00,0.05,0.00,neutral,default
👩🏿‍🦼‍➡️,woman_in_motorized_wheelchair_facing_right_dark_skin_tone,0.000,0.000,0.000,0.000,0.000,0.000,0.000,1.000,0.00,0.05,0.00,neutral,default
👩🏻‍🦼‍➡️,woman_in_motorized_wheelchair_facing_right_light_skin_tone,0.000,0.000,0.000,0.000,0.000,0.000,0.000,1.000,0.00,0.05,0.00,neutral,default
👩🏾‍🦼‍➡️,woman_in_motorized_wheelchair_facing_right_medium-dark_skin_tone,0.000,0.000,0.000,0.000,0.000,0.000,0.000,1.000,0.00,0.05,0.00,neutral,default
👩🏼‍🦼‍➡️,woman_in_motorized_wheelchair_facing_right_medium-light_skin_tone,0.000,0.000,0.000,0.000,0.000,0.000,0.000,1.000,0.00,0.05,0.00,neutral,default
👩🏽‍🦼‍➡️,woman_in_motorized_wheelchair_facing_right_medium_skin_tone,0.000,0.000,0.000,0.000,0.000,0.000,0.000,1.000,0.00,0.05,0.00,neutral,default
👩🏻‍🦼,woman_in_motorized_wheelchair_light_skin_tone,0.000,0.000,0.000,0.000,0.000,0.000,0.000,1.000,0.00,0.05,0.00,neutral,default
👩🏾‍🦼,woman_in_motorized_wheelchair_medium-dark_skin_tone,0.000,0.000,0.000,0.000,0.000,0.000,0.000,1.000,0.00,0.05,0.00,neutral,default
👩🏼‍🦼,woman_in_motorized_wheelchair_medium-light_skin_tone,0.000,0.000,0.000,0.000,0.000,0.000,0.000,1.000,0.00,0.05,0.00,neutral,default
👩🏽‍🦼,woman_in_motorized_wheelchair_medium_skin_tone,0.000,0.000,0.000,0.000,0.000,0.000,0.000,1.000,0.00,0.05,0.00,neutral,default
🧖‍♀️,woman_in_steamy_room,0.000,0.000,0.000,0.000,0.000,0.000,0.000,1.000,0.00,0.05,0.00,neutral,default
🧖🏿‍♀️,woman_in_steamy_room_dark_skin_tone,0.000,0.000,0.000,0.000,0.000,0.000,0.000,1.000,0.00,0.05,0.00,neutral,default
🧖🏻‍♀️,woman_in_steamy_room_light_skin_tone,0.000,0.000,0.000,0.000,0.000,0.000,0.000,1.000,0.00,0.05,0.00,neutral,default
🧖🏾‍♀️,woman_in_steamy_room_medium-dark_skin_tone,0.000,0.000,0.000,0.000,0.000,0.000,0.000,1.000,0.00,0.05,0.00,neutral,default
🧖🏼‍♀️,woman_in_steamy_room_medium-light_skin_tone,0.000,0.000,0.000,0.000,0.000,0.000,0.000,1.000,0.00,0.05,0.00,neutral,default
🧖🏽‍♀️,woman_in_steamy_room_medium_skin_tone,0.000,0.000,0.000,0.000,0.000,0.000,0.000,1.000,0.00,0.05,0.00,neutral,default
🤵‍♀️,woman_in_tuxedo,0.000,0.000,0.000,0.000,0.000,0.000,0.000,1.000,0.00,0.05,0.00,neutral,default
🤵🏿‍♀️,woman_in_tuxedo_dark_skin_tone,0.000,0.000,0.000,0.000,0.000,0.000,0.000,1.000,0.00,0.05,0.00,neutral,default
🤵🏻‍♀️,woman_in_tuxedo_light_skin_tone,0.000,0.000,0.000,0.000,0.000,0.000,0.000,1.000,0.00,0.05,0.00,neutral,default
🤵🏾‍♀️,woman_in_tuxedo_medium-dark_skin_tone,0.000,0.000,0.000,0.000,0.000,0.000,0.000,1.000,0.00,0.05,0.00,neutral,default
🤵🏼‍♀️,woman_in_tuxedo_medium-light_skin_tone,0.000,0.000,0.000,0.000,0.000,0.000,0.000,1.000,0.00,0.05,0.00,neutral,default
🤵🏽‍♀️,woman_in_tuxedo_medium_skin_tone,0.000,0.000,0.000,0.000,0.000,0.000,0.000,1.000,0.00,0.05,0.00,neutral,default
👩‍⚖️,woman_judge,0.000,0.000,0.000,0.000,0.000,0.000,0.000,1.000,0.00,0.05,0.00,neutral,default
👩🏿‍⚖️,woman_judge_dark_skin_tone,0.000,0.000,0.000,0.000,0.000,0.000,0.000,1.000,0.00,0.05,0.00,neutral,default
👩🏻‍⚖️,woman_judge_light_skin_tone,0.000,0.000,0.000,0.000,0.000,0.000,0.000,1.000,0.00,0.05,0.00,neutral,default
👩🏾‍⚖️,woman_judge_medium-dark_skin_tone,0.000,0.000,0.000,0.000,0.000,0.000,0.000,1.000,0.00,0.05,0.00,neutral,default
👩🏼‍⚖️,woman_judge_medium-light_skin_tone,0.000,0.000,0.000,0.000,0.000,0.000,0.000,1.000,0.00,0.05,0.00,neutral,default
👩🏽‍⚖️,woman_judge_medium_skin_tone,0.000,0.000,0.000,0.000,0.000,0.000,0.000,1.000,0.00,0.05,0.00,neutral,default
🤹‍♀️,woman_juggling,0.000,0.000,0.000,0.000,0.000,0.000,0.000,1.000,0.00,0.05,0.00,neutral,default
🤹🏿‍♀️,woman_juggling_dark_skin_tone,0.000,0.000,0.000,0.000,0.000,0.000,0.000,1.000,0.00,0.05,0.00,neutral,default
🤹🏻‍♀️,woman_juggling_light_skin_tone,0.000,0.000,0.000,0.000,0.000,0.000,0.000,1.000,0.00,0.05,0.00,neutral,default
🤹🏾‍♀️,woman_juggling_medium-dark_skin_tone,0.000,0.000,0.000,0.000,0.000,0.000,0.000,1.000,0.00,0.05,0.00,neutral,default
🤹🏼‍♀️,woman_juggling_medium-light_skin_tone,0.000,0.000,0.000,0.000,0.000,0.000,0.000,1.000,0.00,0.05,0.00,neutral,default
🤹🏽‍♀️,woman_juggling_medium_skin_tone,0.000,0.000,0.000,0.000,0.000,0.000,0.000,1.000,0.00,0.05,0.00,neutral,default
🧎‍♀️,woman_kneeling,0.000,0.000,0.000,0.000,0.000,0.000,0.000,1.000,0.00,0.05,0.00,neutral,default
🧎🏿‍♀️,woman_kneeling_dark_skin_tone,0.000,0.000,0.000,0.000,0.000,0.000,0.000,1.000,0.00,0.05,0.00,neutral,default
🧎‍♀️‍➡️,woman_kneeling_facing_right,0.000,0.000,0.000,0.000,0.000,0.000,0.000,1.000,0.00,0.05,0.00,neutral,default
🧎🏿‍♀️‍➡️,woman_kneeling_facing_right_dark_skin_tone,0.000,0.000,0.000,0.000,0.000,0.000,0.000,1.000,0.00,0.05,0.00,neutral,default
🧎🏻‍♀️‍➡️,woman_kneeling_facing_right_light_skin_tone,0.000,0.000,0.000,0.000,0.000,0.000,0.000,1.000,0.00,0.05,0.00,neutral,default
🧎🏾‍♀️‍➡️,woman_kneeling_facing_right_medium-dark_skin_tone,0.000,0.000,0.000,0.000,0.000,0.000,0.000,1.000,0.00,0.05,0.00,neutral,default
🧎🏼‍♀️‍➡️,woman_kneeling_facing_right_medium-light_skin_tone,0.000,0.000,0.000,0.000,0.000,0.000,0.000,1.000,0.00,0.05,0.00,neutral,default
🧎🏽‍♀️‍➡️,woman_kneeling_facing_right_medium_skin_tone,0.000,0.000,0.000,0.000,0.000,0.000,0.000,1.000,0.00,0.05,0.00,neutral,default
🧎🏻‍♀️,woman_kneeling_light_skin_tone,0.000,0.000,0.000,0.000,0.000,0.000,0.000,1.000,0.00,0.05,0.00,neutral,default
🧎🏾‍♀️,woman_kneeling_medium-dark_skin_tone,0.000,0.000,0.000,0.000,0.000,0.000,0.000,1.000,0.00,0.05,0.00,neutral,default
🧎🏼‍♀️,woman_kneeling_medium-light_skin_tone,0.000,0.000,0.000,0.000,0.000,0.000,0.000,1.000,0.00,0.05,0.00,neutral,default
🧎🏽‍♀️,woman_kneeling_medium_skin_tone,0.000,0.000,0.000,0.000,0.000,0.000,0.000,1.000,0.00,0.05,0.00,neutral,default
🏋️‍♀️,woman_lifting_weights,0.000,0.000,0.000,0.000,0.000,0.000,0.000,1.000,0.00,0.05,0.00,neutral,default
🏋🏿‍♀️,woman_lifting_weights_dark_skin_tone,0.000,0.000,0.000,0.000,0.000,0.000,0.000,1.000,0.00,0.05,0.00,neutral,default
🏋🏻‍♀️,woman_lifting_weights_light_skin_tone,0.000,0.000,0.000,0.000,0.000,0.000,0.000,1.000,0.00,0.05,0.00,neutral,default
🏋🏾‍♀️,woman_lifting_weights_medium-dark_skin_tone,0.000,0.000,0.000,0.000,0.000,0.000,0.000,1.000,0.00,0.05,0.00,neutral,default
🏋🏼‍♀️,woman_lifting_weights_medium-light_skin_tone,0.000,0.000,0.000,0.000,0.000,0.000,0.000,1.000,0.00,0.05,0.00,neutral,default
🏋🏽‍♀️,woman_lifting_weights_medium_skin_tone,0.000,0.000,0.000,0.000,0.000,0.000,0.000,1.000,0.00,0.05,0.00,neutral,default
👩🏻,woman_light_skin_tone,0.000,0.000,0.000,0.000,0.000,0.000,0.000,1.000,0.00,0.05,0.00,neutral,default
👩🏻‍🦲,woman_light_skin_tone_bald,0.000,0.000,0.000,0.000,0.000,0.000,0.000,1.000,0.00,0.05,0.00,neutral,default
🧔🏻‍♀️,woman_light_skin_tone_beard,0.000,0.000,0.000,0.000,0.000,0.000,0.000,1.000,0.00,0.05,0.00,neutral,default
👱🏻‍♀️,woman_light_skin_tone_blond_hair,0.000,0.000,0.000,0.000,0.000,0.000,0.000,1.000,0.00,0.05,0.00,neutral,default
👩🏻‍🦱,woman_light_skin_tone_curly_hair,0.000,0.000,0.000,0.000,0.000,0.000,0.000,1.000,0.00,0.05,0.00,neutral,default
👩🏻‍🦰,woman_light_skin_tone_red_hair,0.000,0.000,0.000,0.000,0.000,0.000,0.000,1.000,0.00,0.05,0.00,neutral,default
👩🏻‍🦳,woman_light_skin_tone_white_hair,0.000,0.000,0.000,0.000,0.000,0.000,0.000,1.000,0.00,0.05,0.00,neutral,default
🧙‍♀️,woman_mage,0.000,0.000,0.000,0.000,0.000,0.000,0.000,1.000,0.00,0.05,0.00,neutral,default
🧙🏿‍♀️,woman_mage_dark_skin_tone,0.000,0.000,0.000,0.000,0.000,0.000,0.000,1.000,0.00,0.05,0.00,neutral,default
🧙🏻‍♀️,woman_mage_light_skin_tone,0.000,0.000,0.000,0.000,0.000,0.000,0.000,1.000,0.00,0.05,0.00,neutral,default
🧙🏾‍♀️,woman_mage_medium-dark_skin_tone,0.000,0.000,0.000,0.000,0.000,0.000,0.000,1.000,0.00,0.05,0.00,neutral,default
🧙🏼‍♀️,woman_mage_medium-light_skin_tone,0.000,0.000,0.000,0.000,0.000,0.000,0.000,1.000,0.00,0.05,0.00,neutral,default
🧙🏽‍♀️,woman_mage_medium_skin_tone,0.000,0.000,0.000,0.000,0.000,0.000,0.000,1.000,0.00,0.05,0.00,neutral,default
👩‍🔧,woman_mechanic,0.000,0.000,0.000,0.000,0.000,0.000,0.000,1.000,0.00,0.05,0.00,neutral,default
👩🏿‍🔧,woman_mechanic_dark_skin_tone,0.000,0.000,0.000,0.000,0.000,0.000,0.000,1.000,0.00,0.05,0.00,neutral,default
👩🏻‍🔧,woman_mechanic_light_skin_tone,0.000,0.000,0.000,0.000,0.000,0.000,0.000,1.000,0.00,0.05,0.00,neutral,default
👩🏾‍🔧,woman_mechanic_medium-dark_skin_tone,0.000,0.000,0.000,0.000,0.000,0.000,0.000,1.000,0.00,0.05,0.00,neutral,default
👩🏼‍🔧,woman_mechanic_medium-light_skin_tone,0.000,0.000,0.000,0.000,0.000,0.000,0.000,1.000,0.00,0.05,0.00,neutral,default
👩🏽‍🔧,woman_mechanic_medium_skin_tone,0.000,0.000,0.000,0.000,0.000,0.000,0.000,1.000,0.00,0.05,0.00,neutral,default
👩🏾,woman_medium-dark_skin_tone,0.000,0.000,0.000,0.000,0.000,0.000,0.000,1.000,0.00,0.05,0.00,neutral,default
👩🏾‍🦲,woman_medium-dark_skin_tone_bald,0.000,0.000,0.000,0.000,0.000,0.000,0.000,1.000,0.00,0.05,0.00,neutral,default
🧔🏾‍♀️,woman_medium-dark_skin_tone_beard,0.000,0.000,0.000,0.000,0.000,0.000,0.000,1.000,0.00,0.05,0.00,neutral,default
👱🏾‍♀️,woman_medium-dark_skin_tone_blond_hair,0.000,0.000,0.000,0.000,0.000,0.000,0.000,1.000,0.00,0.05,0.00,neutral,default
👩🏾‍🦱,woman_medium-dark_skin_tone_curly_hair,0.000,0.000,0.000,0.000,0.000,0.000,0.000,1.000,0.00,0.05,0.00,neutral,default
👩🏾‍🦰,woman_medium-dark_skin_tone_red_hair,0.000,0.000,0.000,0.000,0.000,0.000,0.000,1.000,0.00,0.05,0.00,neutral,default
👩🏾‍🦳,woman_medium-dark_skin_tone_white_hair,0.000,0.000,0.000,0.000,0.000,0.000,0.000,1.000,0.00,0.05,0.00,neutral,default
👩🏼,woman_medium-light_skin_tone,0.000,0.000,0.000,0.000,0.000,0.000,0.000,1.000,0.00,0.05,0.00,neutral,default
👩🏼‍🦲,woman_medium-light_skin_tone_bald,0.000,0.000,0.000,0.000,0.000,0.000,0.000,1.000,0.00,0.05,0.00,neutral,default
🧔🏼‍♀️,woman_medium-light_skin_tone_beard,0.000,0.000,0.000,0.000,0.000,0.000,0.000,1.000,0.00,0.05,0.00,neutral,default
👱🏼‍♀️,woman_medium-light_skin_tone_blond_hair,0.000,0.000,0.000,0.000,0.000,0.000,0.000,1.000,0.00,0.05,0.00,neutral,default
👩🏼‍🦱,woman_medium-light_skin_tone_curly_hair,0.000,0.000,0.000,0.000,0.000,0.000,0.000,1.000,0.00,0.05,0.00,neutral,default
👩🏼‍🦰,woman_medium-light_skin_tone_red_hair,0.000,0.000,0.000,0.000,0.000,0.000,0.000,1.000,0.00,0.05,0.00,neutral,default
👩🏼‍🦳,woman_medium-light_skin_tone_white_hair,0.000,0.000,0.000,0.000,0.000,0.000,0.000,1.000,0.00,0.05,0.00,neutral,default
👩🏽,woman_medium_skin_tone,0.000,0.000,0.000,0.000,0.000,0.000,0.000,1.000,0.00,0.05,0.00,neutral,default
👩🏽‍🦲,woman_medium_skin_tone_bald,0.000,0.000,0.000,0.000,0.000,0.000,0.000,1.000,0.00,0.05,0.00,neutral,default
🧔🏽‍♀️,woman_medium_skin_tone_beard,0.000,0.000,0.000,0.000,0.000,0.000,0.000,1.000,0.00,0.05,0.00,neutral,default
👱🏽‍♀️,woman_medium_skin_tone_blond_hair,0.000,0.000,0.000,0.000,0.000,0.000,0.000,1.000,0.00,0.05,0.00,neutral,default
👩🏽‍🦱,woman_medium_skin_tone_curly_hair,0.000,0.000,0.000,0.000,0.000,0.000,0.000,1.000,0.00,0.05,0.00,neutral,default
👩🏽‍🦰,woman_medium_skin_tone_red_hair,0.000,0.000,0.000,0.000,0.000,0.000,0.000,1.000,0.00,0.05,0.00,neutral,default
👩🏽‍🦳,woman_medium_skin_tone_white_hair,0.000,0.000,0.000,0.000,0.000,0.000,0.000,1.000,0.00,0.05,0.00,neutral,default
🚵‍♀️,woman_mountain_biking,0.000,0.000,0.000,0.000,0.000,0.000,0.000,1.000,0.00,0.05,0.00,neutral,default
🚵🏿‍♀️,woman_mountain_biking_dark_skin_tone,0.000,0.000,0.000,0.000,0.000,0.000,0.000,1.000,0.00,0.05,0.00,neutral,default
🚵🏻‍♀️,woman_mountain_biking_light_skin_tone,0.000,0.000,0.000,0.000,0.000,0.000,0.000,1.000,0.00,0.05,0.00,neutral,default
🚵🏾‍♀️,woman_mountain_biking_medium-dark_skin_tone,0.000,0.000,0.000,0.000,0.000,0.000,0.000,1.000,0.00,0.05,0.00,neutral,default
🚵🏼‍♀️,woman_mountain_biking_medium-light_skin_tone,0.000,0.000,0.000,0.000,0.000,0.000,0.000,1.000,0.00,0.05,0.00,neutral,default
🚵🏽‍♀️,woman_mountain_biking_medium_skin_tone,0.000,0.000,0.000,0.000,0.000,0.000,0.000,1.000,0.00,0.05,0.00,neutral,default
👩‍💼,woman_office_worker,0.000,0.000,0.000,0.000,0.000,0.000,0.000,1.000,0.00,0.05,0.00,neutral,default
👩🏿‍💼,woman_office_worker_dark_skin_tone,0.000,0.000,0.000,0.000,0.000,0.000,0.000,1.000,0.00,0.05,0.00,neutral,default
👩🏻‍💼,woman_office_worker_light_skin_tone,0.000,0.000,0.000,0.000,0.000,0.000,0.000,1.000,0.00,0.05,0.00,neutral,default
👩🏾‍💼,woman_office_worker_medium-dark_skin_tone,0.000,0.000,0.000,0.000,0.000,0.000,0.000,1.000,0.00,0.05,0.00,neutral,default
👩🏼‍💼,woman_office_worker_medium-light_skin_tone,0.000,0.000,0.000,0.000,0.000,0.000,0.000,1.000,0.00,0.05,0.00,neutral,default
👩🏽‍💼,woman_office_worker_medium_skin_tone,0.000,0.000,0.000,0.000,0.000,0.000,0.000,1.000,0.00,0.05,0.00,neutral,default
👩‍✈️,woman_pilot,0.000,0.000,0.000,0.000,0.000,0.000,0.000,1.000,0.00,0.05,0.00,neutral,default
👩🏿‍✈️,woman_pilot_dark_skin_tone,0.000,0.000,0.000,0.000,0.000,0.000,0.000,1.000,0.00,0.05,0.00,neutral,default
👩🏻‍✈️,woman_pilot_light_skin_tone,0.000,0.000,0.000,0.000,0.000,0.000,0.000,1.000,0.00,0.05,0.00,neutral,default
👩🏾‍✈️,woman_pilot_medium-dark_skin_tone,0.000,0.000,0.000,0.000,0.000,0.000,0.000,1.000,0.00,0.05,0.00,neutral,default
👩🏼‍✈️,woman_pilot_medium-light_skin_tone,0.000,0.000,0.000,0.000,0.000,0.000,0.000,1.000,0.00,0.05,0.00,neutral,default
👩🏽‍✈️,woman_pilot_medium_skin_tone,0.000,0.000,0.000,0.000,0.000,0.000,0.000,1.000,0.00,0.05,0.00,neutral,default
🤾‍♀️,woman_playing_handball,0.000,0.000,0.000,0.000,0.000,0.000,0.000,1.000,0.00,0.05,0.00,neutral,default
🤾🏿‍♀️,woman_playing_handball_dark_skin_tone,0.000,0.000,0.000,0.000,0.000,0.000,0.000,1.000,0.00,0.05,0.00,neutral,default
🤾🏻‍♀️,woman_playing_handball_light_skin_tone,0.000,0.000,0.000,0.000,0.000,0.000,0.000,1.000,0.00,0.05,0.00,neutral,default
🤾🏾‍♀️,woman_playing_handball_medium-dark_skin_tone,0.000,0.000,0.000,0.000,0.000,0.000,0.000,1.000,0.00,0.05,0.00,neutral,default
🤾🏼‍♀️,woman_playing_handball_medium-light_skin_tone,0.000,0.000,0.000,0.000,0.000,0.000,0.000,1.000,0.00,0.05,0.00,neutral,default
🤾🏽‍♀️,woman_playing_handball_medium_skin_tone,0.000,0.000,0.000,0.000,0.000,0.000,0.000,1.000,0.00,0.05,0.00,neutral,default
🤽‍♀️,woman_playing_water_polo,0.000,0.000,0.000,0.000,0.000,0.000,0.000,1.000,0.00,0.05,0.00,neutral,default
🤽🏿‍♀️,woman_playing_water_polo_dark_skin_tone,0.000,0.000,0.000,0.000,0.000,0.000,0.000,1.000,0.00,0.05,0.00,neutral,default
🤽🏻‍♀️,woman_playing_water_polo_light_skin_tone,0.000,0.000,0.000,0.000,0.000,0.000,0.000,1.000,0.00,0.05,0.00,neutral,default
🤽🏾‍♀️,woman_playing_water_polo_medium-dark_skin_tone,0.000,0.000,0.000,0.000,0.000,0.000,0.000,1.000,0.00,0.05,0.00,neutral,default
🤽🏼‍♀️,woman_playing_water_polo_medium-light_skin_tone,0.000,0.000,0.000,0.000,0.000,0.000,0.000,1.000,0.00,0.05,0.00,neutral,default
🤽🏽‍♀️,woman_playing_water_polo_medium_skin_tone,0.000,0.000,0.000,0.000,0.000,0.000,0.000,1.000,0.00,0.05,0.00,neutral,default
👮‍♀️,woman_police_officer,0.000,0.000,0.000,0.000,0.000,0.000,0.000,1.000,0.00,0.05,0.00,neutral,default
👮🏿‍♀️,woman_police_officer_dark_skin_tone,0.000,0.000,0.000,0.000,0.000,0.000,0.000,1.000,0.00,0.05,0.00,neutral,default
👮🏻‍♀️,woman_police_officer_light_skin_tone,0.000,0.000,0.000,0.000,0.000,0.000,0.000,1.000,0.00,0.05,0.00,neutral,default
👮🏾‍♀️,woman_police_officer_medium-dark_skin_tone,0.000,0.000,0.000,0.000,0.000,0.000,0.000,1.000,0.00,0.05,0.00,neutral,default
👮🏼‍♀️,woman_police_officer_medium-light_skin_tone,0.000,0.000,0.000,0.000,0.000,0.000,0.000,1.000,0.00,0.05,0.00,neutral,default
👮🏽‍♀️,woman_police_officer_medium_skin_tone,0.000,0.000,0.000,0.000,0.000,0.000,0.000,1.000,0.00,0.05,0.00,neutral,default
👩‍🦰,woman_red_hair,0.000,0.000,0.000,0.000,0.000,0.000,0.000,1.000,0.00,0.05,0.00,neutral,default
🚣‍♀️,woman_rowing_boat,0.000,0.000,0.000,0.000,0.000,0.000,0.000,1.000,0.00,0.05,0.00,neutral,default
🚣🏿‍♀️,woman_rowing_boat_dark_skin_tone,0.000,0.000,0.000,0.000,0.000,0.000,0.000,1.000,0.00,0.05,0.00,neutral,default
🚣🏻‍♀️,woman_rowing_boat_light_skin_tone,0.000,0.000,0.000,0.000,0.000,0.000,0.000,1.000,0.00,0.05,0.00,neutral,default
🚣🏾‍♀️,woman_rowing_boat_medium-dark_skin_tone,0.000,0.000,0.000,0.000,0.000,0.000,0.000,1.000,0.00,0.05,0.00,neutral,default
🚣🏼‍♀️,woman_rowing_boat_medium-light_skin_tone,0.000,0.000,0.000,0.000,0.000,0.000,0.000,1.000,0.00,0.05,0.00,neutral,default
🚣🏽‍♀️,woman_rowing_boat_medium_skin_tone,0.000,0.000,0.000,0.000,0.000,0.000,0.000,1.000,0.00,0.05,0.00,neutral,default
🏃‍♀️,woman_running,0.000,0.000,0.000,0.000,0.000,0.000,0.000,1.000,0.00,0.05,0.00,neutral,default
🏃🏿‍♀️,woman_running_dark_skin_tone,0.000,0.000,0.000,0.000,0.000,0.000,0.000,1.000,0.00,0.05,0.00,neutral,default
🏃‍♀️‍➡️,woman_running_facing_right,0.000,0.000,0.000,0.000,0.000,0.000,0.000,1.000,0.00,0.05,0.00,neutral,default
🏃🏿‍♀️‍➡️,woman_running_facing_right_dark_skin_tone,0.000,0.000,0.000,0.000,0.000,0.000,0.000,1.000,0.00,0.05,0.00,neutral,default
🏃🏻‍♀️‍➡️,woman_running_facing_right_light_skin_tone,0.000,0.000,0.000,0.000,0.000,0.000,0.000,1.000,0.00,0.05,0.00,neutral,default
🏃🏾‍♀️‍➡️,woman_running_facing_right_medium-dark_skin_tone,0.000,0.000,0.000,0.000,0.000,0.000,0.000,1.000,0.00,0.05,0.00,neutral,default
🏃🏼‍♀️‍➡️,woman_running_facing_right_medium-light_skin_tone,0.000,0.000,0.000,0.000,0.000,0.000,0.000,1.000,0.00,0.05,0.00,neutral,default
🏃🏽‍♀️‍➡️,woman_running_facing_right_medium_skin_tone,0.000,0.000,0.000,0.000,0.000,0.000,0.000,1.000,0.00,0.05,0.00,neutral,default
🏃🏻‍♀️,woman_running_light_skin_tone,0.000,0.000,0.000,0.000,0.000,0.000,0.000,1.000,0.00,0.05,0.00,neutral,default
🏃🏾‍♀️,woman_running_medium-dark_skin_tone,0.000,0.000,0.000,0.000,0.000,0.000,0.000,1.000,0.00,0.05,0.00,neutral,default
🏃🏼‍♀️,woman_running_medium-light_skin_tone,0.000,0.000,0.000,0.000,0.000,0.000,0.000,1.000,0.00,0.05,0.00,neutral,default
🏃🏽‍♀️,woman_running_medium_skin_tone,0.000,0.000,0.000,0.000,0.000,0.000,0.000,1.000,0.00,0.05,0.00,neutral,default
👩‍🔬,woman_scientist,0.000,0.000,0.000,0.000,0.000,0.000,0.000,1.000,0.00,0.05,0.00,neutral,default
👩🏿‍🔬,woman_scientist_dark_skin_tone,0.000,0.000,0.000,0.000,0.000,0.000,0.000,1.000,0.00,0.05,0.00,neutral,default
👩🏻‍🔬,woman_scientist_light_skin_tone,0.000,0.000,0.000,0.000,0.000,0.000,0.000,1.000,0.00,0.05,0.00,neutral,default
👩🏾‍🔬,woman_scientist_medium-dark_skin_tone,0.000,0.000,0.000,0.000,0.000,0.000,0.000,1.000,0.00,0.05,0.00,neutral,default
👩🏼‍🔬,woman_scientist_medium-light_skin_tone,0.000,0.000,0.000,0.000,0.000,0.000,0.000,1.000,0.00,0.05,0.00,neutral,default
👩🏽‍🔬,woman_scientist_medium_skin_tone,0.000,0.000,0.000,0.000,0.000,0.000,0.000,1.000,0.00,0.05,0.00,neutral,default
👩‍🎤,woman_singer,0.000,0.000,0.000,0.000,0.000,0.000,0.000,1.000,0.00,0.05,0.00,neutral,default
👩🏿‍🎤,woman_singer_dark_skin_tone,0.000,0.000,0.000,0.000,0.000,0.000,0.000,1.000,0.00,0.05,0.00,neutral,default
👩🏻‍🎤,woman_singer_light_skin_tone,0.000,0.000,0.000,0.000,0.000,0.000,0.000,1.000,0.00,0.05,0.00,neutral,default
👩🏾‍🎤,woman_singer_medium-dark_skin_tone,0.000,0.000,0.000,0.000,0.000,0.000,0.000,1.000,0.00,0.05,0.00,neutral,default
👩🏼‍🎤,woman_singer_medium-light_skin_tone,0.000,0.000,0.000,0.000,0.000,0.000,0.000,1.000,0.00,0.05,0.00,neutral,default
👩🏽‍🎤,woman_singer_medium_skin_tone,0.000,0.000,0.000,0.000,0.000,0.000,0.000,1.000,0.00,0.05,0.00,neutral,default
🧍‍♀️,woman_standing,0.000,0.000,0.000,0.000,0.000,0.000,0.000,1.000,0.00,0.05,0.00,neutral,default
🧍🏿‍♀️,woman_standing_dark_skin_tone,0.000,0.000,0.000,0.000,0.000,0.000,0.000,1.000,0.00,0.05,0.00,neutral,default
🧍🏻‍♀️,woman_standing_light_skin_tone,0.000,0.000,0.000,0.000,0.000,0.000,0.000,1.000,0.00,0.05,0.00,neutral,default
🧍🏾‍♀️,woman_standing_medium-dark_skin_tone,0.000,0.000,0.000,0.000,0.000,0.000,0.000,1.000,0.00,0.05,0.00,neutral,default
🧍🏼‍♀️,woman_standing_medium-light_skin_tone,0.000,0.000,0.000,0.000,0.000,0.000,0.000,1.000,0.00,0.05,0.00,neutral,default
🧍🏽‍♀️,woman_standing_medium_skin_tone,0.000,0.000,0.000,0.000,0.000,0.000,0.000,1.000,0.00,0.05,0.00,neutral,default
👩‍🎓,woman_student,0.000,0.000,0.000,0.000,0.000,0.000,0.000,1.000,0.00,0.05,0.00,neutral,default
👩🏿‍🎓,woman_student_dark_skin_tone,0.000,0.000,0.000,0.000,0.000,0.000,0.000,1.000,0.00,0.05,0.00,neutral,default
👩🏻‍🎓,woman_student_light_skin_tone,0.000,0.000,0.000,0.000,0.000,0.000,0.000,1.000,0.00,0.05,0.00,neutral,default
👩🏾‍🎓,woman_student_medium-dark_skin_tone,0.000,0.000,0.000,0.000,0.000,0.000,0.000,1.000,0.00,0.05,0.00,neutral,default
👩🏼‍🎓,woman_student_medium-light_skin_tone,0.000,0.000,0.000,0.000,0.000,0.000,0.000,1.000,0.00,0.05,0.00,neutral,default
👩🏽‍🎓,woman_student_medium_skin_tone,0.000,0.000,0.000,0.000,0.000,0.000,0.000,1.000,0.00,0.05,0.00,neutral,default
🦸‍♀️,woman_superhero,0.000,0.000,0.000,0.000,0.000,0.000,0.000,1.000,0.00,0.05,0.00,neutral,default
🦸🏿‍♀️,woman_superhero_dark_skin_tone,0.000,0.000,0.000,0.000,0.000,0.000,0.000,1.000,0.00,0.05,0.00,neutral,default
🦸🏻‍♀️,woman_superhero_light_skin_tone,0.000,0.000,0.000,0.000,0.000,0.000,0.000,1.000,0.00,0.05,0.00,neutral,default
🦸🏾‍♀️,woman_superhero_medium-dark_skin_tone,0.000,0.000,0.000,0.000,0.000,0.000,0.000,1.000,0.00,0.05,0.00,neutral,default
🦸🏼‍♀️,woman_superhero_medium-light_skin_tone,0.000,0.000,0.000,0.000,0.000,0.000,0.000,1.000,0.00,0.05,0.00,neutral,default
🦸🏽‍♀️,woman_superhero_medium_skin_tone,0.000,0.000,0.000,0.000,0.000,0.000,0.000,1.000,0.00,0.05,0.00,neutral,default
🦹‍♀️,woman_supervillain,0.000,0.000,0.000,0.000,0.000,0.000,0.000,1.000,0.00,0.05,0.00,neutral,default
🦹🏿‍♀️,woman_supervillain_dark_skin_tone,0.000,0.000,0.000,0.000,0.000,0.000,0.000,1.000,0.00,0.05,0.00,neutral,default
🦹🏻‍♀️,woman_supervillain_light_skin_tone,0.000,0.000,0.000,0.000,0.000,0.000,0.000,1.000,0.00,0.05,0.00,neutral,default
🦹🏾‍♀️,woman_supervillain_medium-dark_skin_tone,0.000,0.000,0.000,0.000,0.000,0.000,0.000,1.000,0.00,0.05,0.00,neutral,default
🦹🏼‍♀️,woman_supervillain_medium-light_skin_tone,0.000,0.000,0.000,0.000,0.000,0.000,0.000,1.000,0.00,0.05,0.00,neutral,default
🦹🏽‍♀️,woman_supervillain_medium_skin_tone,0.000,0.000,0.000,0.000,0.000,0.000,0.000,1.000,0.00,0.05,0.00,neutral,default
🏄‍♀️,woman_surfing,0.000,0.000,0.000,0.000,0.000,0.000,0.000,1.000,0.00,0.05,0.00,neutral,default
🏄🏿‍♀️,woman_surfing_dark_skin_tone,0.000,0.000,0.000,0.000,0.000,0.000,0.000,1.000,0.00,0.05,0.00,neutral,default
🏄🏻‍♀️,woman_surfing_light_skin_tone,0.000,0.000,0.000,0.000,0.000,0.000,0.000,1.000,0.00,0.05,0.00,neutral,default
🏄🏾‍♀️,woman_surfing_medium-dark_skin_tone,0.000,0.000,0.000,0.000,0.000,0.000,0.000,1.000,0.00,0.05,0.00,neutral,default
🏄🏼‍♀️,woman_surfing_medium-light_skin_tone,0.000,0.000,0.000,0.000,0.000,0.000,0.000,1.000,0.00,0.05,0.00,neutral,default
🏄🏽‍♀️,woman_surfing_medium_skin_tone,0.000,0.000,0.000,0.000,0.000,0.000,0.000,1.000,0.00,0.05,0.00,neutral,default
🏊‍♀️,woman_swimming,0.000,0.000,0.000,0.000,0.000,0.000,0.000,1.000,0.00,0.05,0.00,neutral,default
🏊🏿‍♀️,woman_swimming_dark_skin_tone,0.000,0.000,0.000,0.000,0.000,0.000,0.000,1.000,0.00,0.05,0.00,neutral,default
🏊🏻‍♀️,woman_swimming_light_skin_tone,0.000,0.000,0.000,0.000,0.000,0.000,0.000,1.000,0.00,0.05,0.00,neutral,default
🏊🏾‍♀️,woman_swimming_medium-dark_skin_tone,0.000,0.000,0.000,0.000,0.000,0.000,0.000,1.000,0.00,0.05,0.00,neutral,default
🏊🏼‍♀️,woman_swimming_medium-light_skin_tone,0.000,0.000,0.000,0.000,0.000,0.000,0.000,1.000,0.00,0.05,0.00,neutral,default
🏊🏽‍♀️,woman_swimming_medium_skin_tone,0.000,0.000,0.000,0.000,0.000,0.000,0.000,1.000,0.00,0.05,0.00,neutral,default
👩‍🏫,woman_teacher,0.000,0.000,0.000,0.000,0.000,0.000,0.000,1.000,0.00,0.05,0.00,neutral,default
👩🏿‍🏫,woman_teacher_dark_skin_tone,0.000,0.000,0.000,0.000,0.000,0.000,0.000,1.000,0.00,0.05,0.00,neutral,default
👩🏻‍🏫,woman_teacher_light_skin_tone,0.000,0.000,0.000,0.000,0.000,0.000,0.000,1.000,0.00,0.05,0.00,neutral,default
👩🏾‍🏫,woman_teacher_medium-dark_skin_tone,0.000,0.000,0.000,0.000,0.000,0.000,0.000,1.000,0.00,0.05,0.00,neutral,default
👩🏼‍🏫,woman_teacher_medium-light_skin_tone,0.000,0.000,0.000,0.000,0.000,0.000,0.000,1.000,0.00,0.05,0.00,neutral,default
👩🏽‍🏫,woman_teacher_medium_skin_tone,0.000,0.000,0.000,0.000,0.000,0.000,0.000,1.000,0.00,0.05,0.00,neutral,default
👩‍💻,woman_technologist,0.000,0.000,0.000,0.000,0.000,0.000,0.000,1.000,0.00,0.05,0.00,neutral,default
👩🏿‍💻,woman_technologist_dark_skin_tone,0.000,0.000,0.000,0.000,0.000,0.000,0.000,1.000,0.00,0.05,0.00,neutral,default
👩🏻‍💻,woman_technologist_light_skin_tone,0.000,0.000,0.000,0.000,0.000,0.000,0.000,1.000,0.00,0.05,0.00,neutral,default
👩🏾‍💻,woman_technologist_medium-dark_skin_tone,0.000,0.000,0.000,0.000,0.000,0.000,0.000,1.000,0.00,0.05,0.00,neutral,default
👩🏼‍💻,woman_technologist_medium-light_skin_tone,0.000,0.000,0.000,0.000,0.000,0.000,0.000,1.000,0.00,0.05,0.00,neutral,default
👩🏽‍💻,woman_technologist_medium_skin_tone,0.000,0.000,0.000,0.000,0.000,0.000,0.000,1.000,0.00,0.05,0.00,neutral,default
🧛‍♀️,woman_vampire,0.000,0.000,0.000,0.000,0.000,0.000,0.000,1.000,0.00,0.05,0.00,neutral,default
🧛🏿‍♀️,woman_vampire_dark_skin_tone,0.000,0.000,0.000,0.000,0.000,0.000,0.000,1.000,0.00,0.05,0.00,neutral,default
🧛🏻‍♀️,woman_vampire_light_skin_tone,0.000,0.000,0.000,0.000,0.000,0.000,0.000,1.000,0.00,0.05,0.00,neutral,default
🧛🏾‍♀️,woman_vampire_medium-dark_skin_tone,0.000,0.000,0.000,0.000,0.000,0.000,0.000,1.000,0.00,0.05,0.00,neutral,default
🧛🏼‍♀️,woman_vampire_medium-light_skin_tone,0.000,0.000,0.000,0.000,0.000,0.000,0.000,1.000,0.00,0.05,0.00,neutral,default
🧛🏽‍♀️,woman_vampire_medium_skin_tone,0.000,0.000,0.000,0.000,0.000,0.000,0.000,1.000,0.00,0.05,0.00,neutral,default
🚶‍♀️,woman_walking,0.000,0.000,0.000,0.000,0.000,0.000,0.000,1.000,0.00,0.05,0.00,neutral,default
🚶🏿‍♀️,woman_walking_dark_skin_tone,0.000,0.000,0.000,0.000,0.000,0.000,0.000,1.000,0.00,0.05,0.00,neutral,default
🚶‍♀️‍➡️,woman_walking_facing_right,0.000,0.000,0.000,0.000,0.000,0.000,0.000,1.000,0.00,0.05,0.00,neutral,default
🚶🏿‍♀️‍➡️,woman_walking_facing_right_dark_skin_tone,0.000,0.000,0.000,0.000,0.000,0.000,0.000,1.000,0.00,0.05,0.00,neutral,default
🚶🏻‍♀️‍➡️,woman_walking_facing_right_light_skin_tone,0.000,0.000,0.000,0.000,0.000,0.000,0.000,1.000,0.00,0.05,0.00,neutral,default
🚶🏾‍♀️‍➡️,woman_walking_facing_right_medium-dark_skin_tone,0.000,0.000,0.000,0.000,0.000,0.000,0.000,1.000,0.00,0.05,0.00,neutral,default
🚶🏼‍♀️‍➡️,woman_walking_facing_right_medium-light_skin_tone,0.000,0.000,0.000,0.000,0.000,0.000,0.000,1.000,0.00,0.05,0.00,neutral,default
🚶🏽‍♀️‍➡️,woman_walking_facing_right_medium_skin_tone,0.000,0.000,0.000,0.000,0.000,0.000,0.000,1.000,0.00,0.05,0.00,neutral,default
🚶🏻‍♀️,woman_walking_light_skin_tone,0.000,0.000,0.000,0.000,0.000,0.000,0.000,1.000,0.00,0.05,0.00,neutral,default
🚶🏾‍♀️,woman_walking_medium-dark_skin_tone,0.000,0.000,0.000,0.000,0.000,0.000,0.000,1.000,0.00,0.05,0.00,neutral,default
🚶🏼‍♀️,woman_walking_medium-light_skin_tone,0.000,0.000,0.000,0.000,0.000,0.000,0.000,1.000,0.00,0.05,0.00,neutral,default
🚶🏽‍♀️,woman_walking_medium_skin_tone,0.000,0.000,0.000,0.000,0.000,0.000,0.000,1.000,0.00,0.05,0.00,neutral,default
👳‍♀️,woman_wearing_turban,0.000,0.000,0.000,0.000,0.000,0.000,0.000,1.000,0.00,0.05,0.00,neutral,default
👳🏿‍♀️,woman_wearing_turban_dark_skin_tone,0.000,0.000,0.000,0.000,0.000,0.000,0.000,1.000,0.00,0.05,0.00,neutral,default
👳🏻‍♀️,woman_wearing_turban_light_skin_tone,0.000,0.000,0.000,0.000,0.000,0.000,0.000,1.000,0.00,0.05,0.00,neutral,default
👳🏾‍♀️,woman_wearing_turban_medium-dark_skin_tone,0.000,0.000,0.000,0.000,0.000,0.000,0.000,1.000,0.00,0.05,0.00,neutral,default
👳🏼‍♀️,woman_wearing_turban_medium-light_skin_tone,0.000,0.000,0.000,0.000,0.000,0.000,0.000,1.000,0.00,0.05,0.00,neutral,default
👳🏽‍♀️,woman_wearing_turban_medium_skin_tone,0.000,0.000,0.000,0.000,0.000,0.000,0.000,1.000,0.00,0.05,0.00,neutral,default
👩‍🦳,woman_white_hair,0.000,0.000,0.000,0.000,0.000,0.000,0.000,1.000,0.00,0.05,0.00,neutral,default
🧕,woman_with_headscarf,0.000,0.000,0.000,0.000,0.000,0.000,0.000,1.000,0.00,0.05,0.00,neutral,default
🧕🏿,woman_with_headscarf_dark_skin_tone,0.000,0.000,0.000,0.000,0.000,0.000,0.000,1.000,0.00,0.05,0.00,neutral,default
🧕🏻,woman_with_headscarf_light_skin_tone,0.000,0.000,0.000,0.000,0.000,0.000,0.000,1.000,0.00,0.05,0.00,neutral,default
🧕🏾,woman_with_headscarf_medium-dark_skin_tone,0.000,0.000,0.000,0.000,0.000,0.000,0.000,1.000,0.00,0.05,0.00,neutral,default
🧕🏼,woman_with_headscarf_medium-light_skin_tone,0.000,0.000,0.000,0.000,0.000,0.000,0.000,1.000,0.00,0.05,0.00,neutral,default
🧕🏽,woman_with_headscarf_medium_skin_tone,0.000,0.000,0.000,0.000,0.000,0.000,0.000,1.000,0.00,0.05,0.00,neutral,default
👰‍♀️,woman_with_veil,0.000,0.000,0.000,0.000,0.000,0.000,0.000,1.000,0.00,0.05,0.00,neutral,default
👰🏿‍♀️,woman_with_veil_dark_skin_tone,0.000,0.000,0.000,0.000,0.000,0.000,0.000,1.000,0.00,0.05,0.00,neutral,default
👰🏻‍♀️,woman_with_veil_light_skin_tone,0.000,0.000,0.000,0.000,0.000,0.000,0.000,1.000,0.00,0.05,0.00,neutral,default
👰🏾‍♀️,woman_with_veil_medium-dark_skin_tone,0.000,0.000,0.000,0.000,0.000,0.000,0.000,1.000,0.00,0.05,0.00,neutral,default
👰🏼‍♀️,woman_with_veil_medium-light_skin_tone,0.000,0.000,0.000,0.000,0.000,0.000,0.000,1.000,0.00,0.05,0.00,neutral,default
👰🏽‍♀️,woman_with_veil_medium_skin_tone,0.000,0.000,0.000,0.000,0.000,0.000,0.000,1.000,0.00,0.05,0.00,neutral,default
👩‍🦯,woman_with_white_cane,0.000,0.000,0.000,0.000,0.000,0.000,0.000,1.000,0.00,0.05,0.00,neutral,default
👩🏿‍🦯,woman_with_white_cane_dark_skin_tone,0.000,0.000,0.000,0.000,0.000,0.000,0.000,1.000,0.00,0.05,0.00,neutral,default
👩‍🦯‍➡️,woman_with_white_cane_facing_right,0.000,0.000,0.000,0.000,0.000,0.000,0.000,1.000,0.00,0.05,0.00,neutral,default
👩🏿‍🦯‍➡️,woman_with_white_cane_facing_right_dark_skin_tone,0.000,0.000,0.000,0.000,0.000,0.000,0.000,1.000,0.00,0.05,0.00,neutral,default
👩🏻‍🦯‍➡️,woman_with_white_cane_facing_right_light_skin_tone,0.000,0.000,0.000,0.000,0.000,0.000,0.000,1.000,0.00,0.05,0.00,neutral,default
👩🏾‍🦯‍➡️,woman_with_white_cane_facing_right_medium-dark_skin_tone,0.000,0.000,0.000,0.000,0.000,0.000,0.000,1.000,0.00,0.05,0.00,neutral,default
👩🏼‍🦯‍➡️,woman_with_white_cane_facing_right_medium-light_skin_tone,0.000,0.000,0.000,0.000,0.000,0.000,0.000,1.000,0.00,0.05,0.00,neutral,default
👩🏽‍🦯‍➡️,woman_with_white_cane_facing_right_medium_skin_tone,0.000,0.000,0.000,0.000,0.000,0.000,0.000,1.000,0.00,0.05,0.00,neutral,default
👩🏻‍🦯,woman_with_white_cane_light_skin_tone,0.000,0.000,0.000,0.000,0.000,0.000,0.000,1.000,0.00,0.05,0.00,neutral,default
👩🏾‍🦯,woman_with_white_cane_medium-dark_skin_tone,0.000,0.000,0.000,0.000,0.000,0.000,0.000,1.000,0.00,0.05,0.00,neutral,default
👩🏼‍🦯,woman_with_white_cane_medium-light_skin_tone,0.000,0.000,0.000,0.000,0.000,0.000,0.000,1.000,0.00,0.05,0.00,neutral,default
👩🏽‍🦯,woman_with_white_cane_medium_skin_tone,0.000,0.000,0.000,0.000,0.000,0.000,0.000,1.000,0.00,0.05,0.00,neutral,default
🧟‍♀️,woman_zombie,0.000,0.000,0.000,0.000,0.000,0.000,0.000,1.000,0.00,0.05,0.00,neutral,default
👢,woman’s_boot,0.000,0.000,0.000,0.000,0.000,0.000,0.000,1.000,0.00,0.05,0.00,neutral,default
👚,woman’s_clothes,0.000,0.000,0.000,0.000,0.000,0.000,0.000,1.000,0.00,0.05,0.00,neutral,default
👒,woman’s_hat,0.000,0.000,0.000,0.000,0.000,0.000,0.000,1.000,0.00,0.05,0.00,neutral,default
👡,woman’s_sandal,0.000,0.000,0.000,0.000,0.000,0.000,0.000,1.000,0.00,0.05,0.00,neutral,default
👭,women_holding_hands,0.000,0.000,0.000,0.000,0.000,0.000,0.000,1.000,0.00,0.05,0.00,neutral,default
👭🏿,women_holding_hands_dark_skin_tone,0.000,0.000,0.000,0.000,0.000,0.000,0.000,1.000,0.00,0.05,0.00,neutral,default
👩🏿‍🤝‍👩🏻,women_holding_hands_dark_skin_tone_light_skin_tone,0.000,0.000,0.000,0.000,0.000,0.000,0.000,1.000,0.00,0.05,0.00,neutral,default
👩🏿‍🤝‍👩🏾,women_holding_hands_dark_skin_tone_medium-dark_skin_tone,0.000,0.000,0.000,0.000,0.000,0.000,0.000,1.000,0.00,0.05,0.00,neutral,default
👩🏿‍🤝‍👩🏼,women_holding_hands_dark_skin_tone_medium-light_skin_tone,0.000,0.000,0.000,0.000,0.000,0.000,0.000,1.000,0.00,0.05,0.00,neutral,default
👩🏿‍🤝‍👩🏽,women_holding_hands_dark_skin_tone_medium_skin_tone,0.000,0.000,0.000,0.000,0.000,0.000,0.000,1.000,0.00,0.05,0.00,neutral,default
👭🏻,women_holding_hands_light_skin_tone,0.000,0.000,0.000,0.000,0.000,0.000,0.000,1.000,0.00,0.05,0.00,neutral,default
👩🏻‍🤝‍👩🏿,women_holding_hands_light_skin_tone_dark_skin_tone,0.000,0.000,0.000,0.000,0.000,0.000,0.000,1.000,0.00,0.05,0.00,neutral,default
👩🏻‍🤝‍👩🏾,women_holding_hands_light_skin_tone_medium-dark_skin_tone,0.000,0.000,0.000,0.000,0.000,0.000,0.000,1.000,0.00,0.05,0.00,neutral,default
👩🏻‍🤝‍👩🏼,women_holding_hands_light_skin_tone_medium-light_skin_tone,0.000,0.000,0.000,0.000,0.000,0.000,0.000,1.000,0.00,0.05,0.00,neutral,default
👩🏻‍🤝‍👩🏽,women_holding_hands_light_skin_tone_medium_skin_tone,0.000,0.000,0.000,0.000,0.000,0.000,0.000,1.000,0.00,0.05,0.00,neutral,default
👭🏾,women_holding_hands_medium-dark_skin_tone,0.000,0.000,0.000,0.000,0.000,0.000,0.000,1.000,0.00,0.05,0.00,neutral,default
👩🏾‍🤝‍👩🏿,women_holding_hands_medium-dark_skin_tone_dark_skin_tone,0.000,0.000,0.000,0.000,0.000,0.000,0.000,1.000,0.00,0.05,0.00,neutral,default
👩🏾‍🤝‍👩🏻,women_holding_hands_medium-dark_skin_tone_light_skin_tone,0.000,0.000,0.000,0.000,0.000,0.000,0.000,1.000,0.00,0.05,0.00,neutral,default
👩🏾‍🤝‍👩🏼,women_holding_hands_medium-dark_skin_tone_medium-light_skin_tone,0.000,0.000,0.000,0.000,0.000,0.000,0.000,1.000,0.00,0.05,0.00,neutral,default
👩🏾‍🤝‍👩🏽,women_holding_hands_medium-dark_skin_tone_medium_skin_tone,0.000,0.000,0.000,0.000,0.000,0.000,0.000,1.000,0.00,0.05,0.00,neutral,default
👭🏼,women_holding_hands_medium-light_skin_tone,0.000,0.000,0.000,0.000,0.000,0.000,0.000,1.000,0.00,0.05,0.00,neutral,default
👩🏼‍🤝‍👩🏿,women_holding_hands_medium-light_skin_tone_dark_skin_tone,0.000,0.000,0.000,0.000,0.000,0.000,0.000,1.000,0.00,0.05,0.00,neutral,default
👩🏼‍🤝‍👩🏻,women_holding_hands_medium-light_skin_tone_light_skin_tone,0.000,0.000,0.000,0.000,0.000,0.000,0.000,1.000,0.00,0.05,0.00,neutral,default
👩🏼‍🤝‍👩🏾,women_holding_hands_medium-light_skin_tone_medium-dark_skin_tone,0.000,0.000,0.000,0.000,0.000,0.000,0.000,1.000,0.00,0.05,0.00,neutral,default
👩🏼‍🤝‍👩🏽,women_holding_hands_medium-light_skin_tone_medium_skin_tone,0.000,0.000,0.000,0.000,0.000,0.000,0.000,1.000,0.00,0.05,0.00,neutral,default
👭🏽,women_holding_hands_medium_skin_tone,0.000,0.000,0.000,0.000,0.000,0.000,0.000,1.000,0.00,0.05,0.00,neutral,default
👩🏽‍🤝‍👩🏿,women_holding_hands_medium_skin_tone_dark_skin_tone,0.000,0.000,0.000,0.000,0.000,0.000,0.000,1.000,0.00,0.05,0.00,neutral,default
👩🏽‍🤝‍👩🏻,women_holding_hands_medium_skin_tone_light_skin_tone,0.000,0.000,0.000,0.000,0.000,0.000,0.000,1.000,0.00,0.05,0.00,neutral,default
👩🏽‍🤝‍👩🏾,women_holding_hands_medium_skin_tone_medium-dark_skin_tone,0.000,0.000,0.000,0.000,0.000,0.000,0.000,1.000,0.00,0.05,0.00,neutral,default
👩🏽‍🤝‍👩🏼,women_holding_hands_medium_skin_tone_medium-light_skin_tone,0.000,0.000,0.000,0.000,0.000,0.000,0.000,1.000,0.00,0.05,0.00,neutral,default
👩🏿‍🐰‍👩🏻,women_with_bunny_ears_dark_skin_tone_light_skin_tone,0.000,0.000,0.000,0.000,0.000,0.000,0.000,1.000,0.00,0.05,0.00,neutral,default
👩🏿‍🐰‍👩🏾,women_with_bunny_ears_dark_skin_tone_medium-dark_skin_tone,0.000,0.000,0.000,0.000,0.000,0.000,0.000,1.000,0.00,0.05,0.00,neutral,default
👩🏿‍🐰‍👩🏼,women_with_bunny_ears_dark_skin_tone_medium-light_skin_tone,0.000,0.000,0.000,0.000,0.000,0.000,0.000,1.000,0.00,0.05,0.00,neutral,default
👩🏿‍🐰‍👩🏽,women_with_bunny_ears_dark_skin_tone_medium_skin_tone,0.000,0.000,0.000,0.000,0.000,0.000,0.000,1.000,0.00,0.05,0.00,neutral,default
👩🏻‍🐰‍👩🏿,women_with_bunny_ears_light_skin_tone_dark_skin_tone,0.000,0.000,0.000,0.000,0.000,0.000,0.000,1.000,0.00,0.05,0.00,neutral,default
👩🏻‍🐰‍👩🏾,women_with_bunny_ears_light_skin_tone_medium-dark_skin_tone,0.000,0.000,0.000,0.000,0.000,0.000,0.000,1.000,0.00,0.05,0.00,neutral,default
👩🏻‍🐰‍👩🏼,women_with_bunny_ears_light_skin_tone_medium-light_skin_tone,0.000,0.000,0.000,0.000,0.000,0.000,0.000,1.000,0.00,0.05,0.00,neutral,default
👩🏻‍🐰‍👩🏽,women_with_bunny_ears_light_skin_tone_medium_skin_tone,0.000,0.000,0.000,0.000,0.000,0.000,0.000,1.000,0.00,0.05,0.00,neutral,default
👩🏾‍🐰‍👩🏿,women_with_bunny_ears_medium-dark_skin_tone_dark_skin_tone,0.000,0.000,0.000,0.000,0.000,0.000,0.000,1.000,0.00,0.05,0.00,neutral,default
👩🏾‍🐰‍👩🏻,women_with_bunny_ears_medium-dark_skin_tone_light_skin_tone,0.000,0.000,0.000,0.000,0.000,0.000,0.000,1.000,0.00,0.05,0.00,neutral,default
👩🏾‍🐰‍👩🏼,women_with_bunny_ears_medium-dark_skin_tone_medium-light_skin_tone,0.000,0.000,0.000,0.000,0.000,0.000,0.000,1.000,0.00,0.05,0.00,neutral,default
👩🏾‍🐰‍👩🏽,women_with_bunny_ears_medium-dark_skin_tone_medium_skin_tone,0.000,0.000,0.000,0.000,0.000,0.000,0.000,1.000,0.00,0.05,0.00,neutral,default
👩🏼‍🐰‍👩🏿,women_with_bunny_ears_medium-light_skin_tone_dark_skin_tone,0.000,0.000,0.000,0.000,0.000,0.000,0.000,1.000,0.00,0.05,0.00,neutral,default
👩🏼‍🐰‍👩🏻,women_with_bunny_ears_medium-light_skin_tone_light_skin_tone,0.000,0.000,0.000,0.000,0.000,0.000,0.000,1.000,0.00,0.05,0.00,neutral,default
👩🏼‍🐰‍👩🏾,women_with_bunny_ears_medium-light_skin_tone_medium-dark_skin_tone,0.000,0.000,0.000,0.000,0.000,0.000,0.000,1.000,0.00,0.05,0.00,neutral,default
👩🏼‍🐰‍👩🏽,women_with_bunny_ears_medium-light_skin_tone_medium_skin_tone,0.000,0.000,0.000,0.000,0.000,0.000,0.000,1.000,0.00,0.05,0.00,neutral,default
👩🏽‍🐰‍👩🏿,women_with_bunny_ears_medium_skin_tone_dark_skin_tone,0.000,0.000,0.000,0.000,0.000,0.000,0.000,1.000,0.00,0.05,0.00,neutral,default
👩🏽‍🐰‍👩🏻,women_with_bunny_ears_medium_skin_tone_light_skin_tone,0.000,0.000,0.000,0.000,0.000,0.000,0.000,1.000,0.00,0.05,0.00,neutral,default
👩🏽‍🐰‍👩🏾,women_with_bunny_ears_medium_skin_tone_medium-dark_skin_tone,0.000,0.000,0.000,0.000,0.000,0.000,0.000,1.000,0.00,0.05,0.00,neutral,default
👩🏽‍🐰‍👩🏼,women_with_bunny_ears_medium_skin_tone_medium-light_skin_tone,0.000,0.000,0.000,0.000,0.000,0.000,0.000,1.000,0.00,0.05,0.00,neutral,default
🤼‍♀️,women_wrestling,0.000,0.000,0.000,0.000,0.000,0.000,0.000,1.000,0.00,0.05,0.00,neutral,default
🤼🏿‍♀️,women_wrestling_dark_skin_tone,0.000,0.000,0.000,0.000,0.000,0.000,0.000,1.000,0.00,0.05,0.00,neutral,default
👩🏿‍🫯‍👩🏻,women_wrestling_dark_skin_tone_light_skin_tone,0.000,0.000,0.000,0.000,0.000,0.000,0.000,1.000,0.00,0.05,0.00,neutral,default
👩🏿‍🫯‍👩🏾,women_wrestling_dark_skin_tone_medium-dark_skin_tone,0.000,0.000,0.000,0.000,0.000,0.000,0.000,1.000,0.00,0.05,0.00,neutral,default
👩🏿‍🫯‍👩🏼,women_wrestling_dark_skin_tone_medium-light_skin_tone,0.000,0.000,0.000,0.000,0.000,0.000,0.000,1.000,0.00,0.05,0.00,neutral,default
👩🏿‍🫯‍👩🏽,women_wrestling_dark_skin_tone_medium_skin_tone,0.000,0.000,0.000,0.000,0.000,0.000,0.000,1.000,0.00,0.05,0.00,neutral,default
🤼🏻‍♀️,women_wrestling_light_skin_tone,0.000,0.000,0.000,0.000,0.000,0.000,0.000,1.000,0.00,0.05,0.00,neutral,default
👩🏻‍🫯‍👩🏿,women_wrestling_light_skin_tone_dark_skin_tone,0.000,0.000,0.000,0.000,0.000,0.000,0.000,1.000,0.00,0.05,0.00,neutral,default
👩🏻‍🫯‍👩🏾,women_wrestling_light_skin_tone_medium-dark_skin_tone,0.000,0.000,0.000,0.000,0.000,0.000,0.000,1.000,0.00,0.05,0.00,neutral,default
👩🏻‍🫯‍👩🏼,women_wrestling_light_skin_tone_medium-light_skin_tone,0.000,0.000,0.000,0.000,0.000,0.000,0.000,1.000,0.00,0.05,0.00,neutral,default
👩🏻‍🫯‍👩🏽,women_wrestling_light_skin_tone_medium_skin_tone,0.000,0.000,0.000,0.000,0.000,0.000,0.000,1.000,0.00,0.05,0.00,neutral,default
🤼🏾‍♀️,women_wrestling_medium-dark_skin_tone,0.000,0.000,0.000,0.000,0.000,0.000,0.000,1.000,0.00,0.05,0.00,neutral,default
👩🏾‍🫯‍👩🏿,women_wrestling_medium-dark_skin_tone_dark_skin_tone,0.000,0.000,0.000,0.000,0.000,0.000,0.000,1.000,0.00,0.05,0.00,neutral,default
👩🏾‍🫯‍👩🏻,women_wrestling_medium-dark_skin_tone_light_skin_tone,0.000,0.000,0.000,0.000,0.000,0.000,0.000,1.000,0.00,0.05,0.00,neutral,default
👩🏾‍🫯‍👩🏼,women_wrestling_medium-dark_skin_tone_medium-light_skin_tone,0.000,0.000,0.000,0.000,0.000,0.000,0.000,1.000,0.00,0.05,0.00,neutral,default
👩🏾‍🫯‍👩🏽,women_wrestling_medium-dark_skin_tone_medium_skin_tone,0.000,0.000,0.000,0.000,0.000,0.000,0.000,1.000,0.00,0.05,0.00,neutral,default
🤼🏼‍♀️,women_wrestling_medium-light_skin_tone,0.000,0.000,0.000,0.000,0.000,0.000,0.000,1.000,0.00,0.05,0.00,neutral,default
👩🏼‍🫯‍👩🏿,women_wrestling_medium-light_skin_tone_dark_skin_tone,0.000,0.000,0.000,0.000,0.000,0.000,0.000,1.000,0.00,0.05,0.00,neutral,default
👩🏼‍🫯‍👩🏻,women_wrestling_medium-light_skin_tone_light_skin_tone,0.000,0.000,0.000,0.000,0.000,0.000,0.000,1.000,0.00,0.05,0.00,neutral,default
👩🏼‍🫯‍👩🏾,women_wrestling_medium-light_skin_tone_medium-dark_skin_tone,0.000,0.000,0.000,0.000,0.000,0.000,0.000,1.000,0.00,0.05,0.00,neutral,default
👩🏼‍🫯‍👩🏽,women_wrestling_medium-light_skin_tone_medium_skin_tone,0.000,0.000,0.000,0.000,0.000,0.000,0.000,1.000,0.00,0.05,0.00,neutral,default
🤼🏽‍♀️,women_wrestling_medium_skin_tone,0.000,0.000,0.000,0.000,0.000,0.000,0.000,1.000,0.00,0.05,0.00,neutral,default
👩🏽‍🫯‍👩🏿,women_wrestling_medium_skin_tone_dark_skin_tone,0.000,0.000,0.000,0.000,0.000,0.000,0.000,1.000,0.00,0.05,0.00,neutral,default
👩🏽‍🫯‍👩🏻,women_wrestling_medium_skin_tone_light_skin_tone,0.000,0.000,0.000,0.000,0.000,0.000,0.000,1.000,0.00,0.05,0.00,neutral,default
👩🏽‍🫯‍👩🏾,women_wrestling_medium_skin_tone_medium-dark_skin_tone,0.000,0.000,0.000,0.000,0.000,0.000,0.000,1.000,0.00,0.05,0.00,neutral,default
👩🏽‍🫯‍👩🏼,women_wrestling_medium_skin_tone_medium-light_skin_tone,0.000,0.000,0.000,0.000,0.000,0.000,0.000,1.000,0.00,0.05,0.00,neutral,default
🚺,women’s_room,0.000,0.000,0.000,0.000,0.000,0.000,0.000,1.000,0.00,0.05,0.00,neutral,default
🪵,wood,0.000,0.000,0.000,0.000,0.000,0.000,0.000,1.000,0.00,0.05,0.00,neutral,default
🗺️,world_map,0.000,0.000,0.000,0.000,0.000,0.000,0.000,1.000,0.00,0.05,0.00,neutral,default
🪱,worm,0.000,0.000,0.000,0.000,0.000,0.000,0.000,1.000,0.00,0.05,0.00,neutral,default
🔧,wrench,0.000,0.000,0.000,0.000,0.000,0.000,0.000,1.000,0.00,0.05,0.00,neutral,default
✍️,writing_hand,0.000,0.000,0.000,0.000,0.000,0.000,0.000,1.000,0.00,0.05,0.00,neutral,default
✍🏿,writing_hand_dark_skin_tone,0.000,0.000,0.000,0.000,0.000,0.000,0.000,1.000,0.00,0.05,0.00,neutral,default
✍🏻,writing_hand_light_skin_tone,0.000,0.000,0.000,0.000,0.000,0.000,0.000,1.000,0.00,0.05,0.00,neutral,default
✍🏾,writing_hand_medium-dark_skin_tone,0.000,0.000,0.000,0.000,0.000,0.000,0.000,1.000,0.00,0.05,0.00,neutral,default
✍🏼,writing_hand_medium-light_skin_tone,0.000,0.000,0.000,0.000,0.000,0.000,0.000,1.000,0.00,0.05,0.00,neutral,default
✍🏽,writing_hand_medium_skin_tone,0.000,0.000,0.000,0.000,0.000,0.000,0.000,1.000,0.00,0.05,0.00,neutral,default
🩻,x-ray,0.000,0.000,0.000,0.000,0.000,0.000,0.000,1.000,0.00,0.05,0.00,neutral,default
🧶,yarn,0.000,0.000,0.000,0.000,0.000,0.000,0.000,1.000,0.00,0.05,0.00,neutral,default
🟡,yellow_circle,0.000,0.000,0.000,0.000,0.000,0.000,0.000,1.000,0.00,0.05,0.00,neutral,default
🟨,yellow_square,0.000,0.000,0.000,0.000,0.000,0.000,0.000,1.000,0.00,0.05,0.00,neutral,default
🇾🇪,yemen,0.000,0.000,0.000,0.000,0.000,0.000,0.000,1.000,0.00,0.05,0.00,neutral,default
💴,yen_banknote,0.000,0.000,0.000,0.000,0.000,0.000,0.000,1.000,0.00,0.05,0.00,neutral,default
☯️,yin_yang,0.000,0.000,0.000,0.000,0.000,0.000,0.000,1.000,0.00,0.05,0.00,neutral,default
🪀,yo-yo,0.000,0.000,0.000,0.000,0.000,0.000,0.000,1.000,0.00,0.05,0.00,neutral,default
🇿🇲,zambia,0.000,0.000,0.000,0.000,0.000,0.000,0.000,1.000,0.00,0.05,0.00,neutral,default
🦓,zebra,0.000,0.000,0.000,0.000,0.000,0.000,0.000,1.000,0.00,0.05,0.00,neutral,default
🇿🇼,zimbabwe,0.000,0.000,0.000,0.000,0.000,0.000,0.000,1.000,0.00,0.05,0.00,neutral,default
🧟,zombie,0.000,0.000,0.000,0.000,0.000,0.000,0.000,1.000,0.00,0.05,0.00,neutral,default
🇦🇽,åland_islands,0.000,0.000,0.000,0.000,0.000,0.000,0.000,1.000,0.00,0.05,0.00,neutral,default
